Date,TLT_Adj_Close,GLD_Adj_Close,SPY_Adj_Close,VIX_Adj_Close,TLT_Log_Return,GLD_Log_Return,SPY_Log_Return,VIX_Change
2004-11-19,43.3025817871,44.7799987793,78.8587493896,13.5000000000,-0.0080132560,0.0089726423,-0.0111789657,0.5200004578
2004-11-22,43.5282554626,44.9500007629,79.2348556519,12.9700002670,0.0051980193,0.0037891940,0.0047580289,-0.5299997330
2004-11-23,43.5822715759,44.7500000000,79.3557357788,12.6700000763,0.0012401743,-0.0044593332,0.0015244303,-0.3000001907
2004-11-24,43.5822715759,45.0499992371,79.5438003540,12.7200002670,0.0000000000,0.0066815224,0.0023670889,0.0500001907
2004-11-26,43.2977294922,45.2900009155,79.4833602905,12.7799997330,-0.0065502555,0.0053133107,-0.0007601226,0.0599994660
2004-11-29,42.8364982605,45.4000015259,79.1206970215,13.3000001907,-0.0107096947,0.0024258609,-0.0045731983,0.5200004577
2004-11-30,42.6549720764,45.1199989319,79.1744079590,13.2399997711,-0.0042466566,-0.0061865551,0.0006786178,-0.0600004196
2004-12-01,42.5884780884,45.3800010681,80.0743713379,12.9700002670,-0.0015600964,0.0057459194,0.0113027298,-0.2699995041
2004-12-02,42.4160308838,44.9500007629,80.1415252686,12.9799995422,-0.0040573716,-0.0095207250,0.0008382930,0.0099992752
2004-12-03,43.0762062073,45.5999984741,80.0877609253,12.9600000381,0.0154444068,0.0143569052,-0.0006710926,-0.0199995041
2004-12-06,43.2239990234,45.1699981689,80.0609207153,13.1899995804,0.0034250894,-0.0094745739,-0.0003351911,0.2299995423
2004-12-07,43.2781639099,45.1100006104,79.3154144287,13.6700000763,0.0012523362,-0.0013291442,-0.0093553629,0.4800004959
2004-12-08,43.9530715942,44.0099983215,79.7788391113,13.1899995804,0.0154743000,-0.0246871223,0.0058258043,-0.4800004959
2004-12-09,43.6623878479,43.7799987793,80.0609207153,12.8800001144,-0.0066354686,-0.0052397785,0.0035295586,-0.3099994660
2004-12-10,43.7708053589,43.4399986267,80.1415252686,12.7600002289,0.0024800093,-0.0077964202,0.0010062838,-0.1199998855
2004-12-13,43.8643989563,43.9099998474,80.8399734497,12.5399999619,0.0021359825,0.0107614371,0.0086774265,-0.2200002670
2004-12-14,44.0368423462,43.5499992371,81.1220397949,12.7299995422,0.0039235762,-0.0082323953,0.0034831208,0.1899995803
2004-12-15,44.4358596802,43.9900016785,81.1824645996,12.3500003815,0.0090201843,0.0100526877,0.0007445857,-0.3799991607
2004-12-16,43.7806396484,43.6800003052,81.1354827881,12.2700004578,-0.0148550914,-0.0070720351,-0.0005788862,-0.0799999237
2004-12-17,43.7215309143,44.1899986267,80.5943374634,11.9499998093,-0.0013510235,0.0116081496,-0.0066919922,-0.3200006485
2004-12-20,43.8003540039,44.3400001526,80.6145553589,11.8299999237,0.0018012206,0.0033887196,0.0002508285,-0.1199998856
2004-12-21,43.9333801270,44.2200012207,81.2353363037,11.5500001907,0.0030324989,-0.0027100046,0.0076711079,-0.2799997330
2004-12-22,43.7855873108,44.0200004578,81.4310073853,11.4499998093,-0.0033696921,-0.0045331165,0.0024057979,-0.1000003814
2004-12-23,43.6427383423,44.2700004578,81.4917373657,11.2299995422,-0.0032677990,0.0056631706,0.0007455065,-0.2200002671
2004-12-27,43.3027801514,44.4799995422,81.3230285645,12.1400003433,-0.0078200678,0.0047323826,-0.0020724025,0.9100008011
2004-12-28,43.2682838440,44.3699989319,81.7684020996,12.0000000000,-0.0007969478,-0.0024760983,0.0054616560,-0.1400003433
2004-12-29,43.2239990234,43.6599998474,81.8898468018,11.6199998856,-0.0010240179,-0.0161311937,0.0014841259,-0.3800001144
2004-12-30,43.5146522522,43.8300018311,81.7346878052,12.5600004196,0.0067018408,0.0038862086,-0.0018965254,0.9400005340
2004-12-31,43.7890892029,43.7999992371,81.5592346191,13.2899999619,0.0062869666,-0.0006847562,-0.0021489257,0.7299995423
2005-01-03,43.8830223083,43.0200004578,81.1745758057,14.0799999237,0.0021428283,-0.0179686655,-0.0047274691,0.7899999618
2005-01-04,43.4231452942,42.7400016785,80.1827316284,13.9799995422,-0.0105349090,-0.0065298453,-0.0122939170,-0.1000003815
2005-01-05,43.6555671692,42.6699981689,79.6293869019,14.0900001526,0.0053382146,-0.0016392349,-0.0069249684,0.1100006104
2005-01-06,43.6852188110,42.1500015259,80.0342483521,13.5799999237,0.0006789873,-0.0122613336,0.0050714406,-0.5100002289
2005-01-07,43.7841339111,41.8400001526,79.9195709229,13.4899997711,0.0022617097,-0.0073818972,-0.0014338820,-0.0900001526
2005-01-10,43.8533821106,41.9500007629,80.2974090576,13.2299995422,0.0015803326,0.0026256277,0.0047165892,-0.2600002289
2005-01-11,44.1105461121,42.2099990845,79.7440795898,13.1899995804,0.0058470498,0.0061786870,-0.0069148529,-0.0399999618
2005-01-12,44.1698646545,42.5999984741,80.0072479248,12.5600004196,0.0013438667,0.0091970794,0.0032947278,-0.6299991608
2005-01-13,44.5951690674,42.5999984741,79.3662643433,12.8400001526,0.0095827749,0.0000000000,-0.0080438340,0.2799997330
2005-01-14,44.5901832581,42.3199996948,79.7845916748,12.4300003052,-0.0001118078,-0.0065944371,0.0052570034,-0.4099998474
2005-01-18,44.7385444641,42.3199996948,80.6145553589,12.4700002670,0.0033216938,0.0000000000,0.0103488218,0.0399999618
2005-01-19,44.8671264648,42.2599983215,79.7711029053,13.1800003052,0.0028699543,-0.0014188079,-0.0105179009,0.7100000382
2005-01-20,44.9561462402,42.2500000000,79.2852401733,13.8299999237,0.0019821100,-0.0002366187,-0.0061093350,0.6499996185
2005-01-21,45.0055885315,42.7400016785,78.7994003296,14.3599996567,0.0010991850,0.0115309354,-0.0061465981,0.5299997330
2005-01-24,45.1984672546,42.7700004578,78.6442337036,14.6499996185,0.0042765043,0.0007016438,-0.0019710759,0.2899999618
2005-01-25,44.7731666565,42.2400016785,78.8669052124,14.0600004196,-0.0094541746,-0.0124692538,0.0028273766,-0.5899991989
2005-01-26,44.8572235107,42.6899986267,79.1030654907,13.4399995804,0.0018756334,0.0105969895,0.0029899411,-0.6200008392
2005-01-27,44.7731666565,42.6199989319,79.2379913330,13.2399997711,-0.0018756334,-0.0016410670,0.0017042437,-0.1999998093
2005-01-28,45.2231712341,42.6899986267,79.2379913330,13.2399997711,0.0100005920,0.0016410670,0.0000000000,0.0000000000
2005-01-31,45.3517761230,42.2200012207,79.7305831909,12.8199996948,0.0028397472,-0.0110705973,0.0061973687,-0.4200000763
2005-02-01,45.2797813416,42.0999984741,80.2366561890,12.0299997330,-0.0015887357,-0.0028463669,0.0063272291,-0.7899999618
2005-02-02,45.3839874268,42.1599998474,80.4795913696,11.6599998474,0.0022987381,0.0014241962,0.0030231588,-0.3699998856
2005-02-03,45.3591995239,41.6800003052,80.2704238892,11.7899999619,-0.0005463309,-0.0114504958,-0.0026023960,0.1300001145
2005-02-04,45.9895973206,41.4700012207,81.1273727417,11.2100000381,0.0138022136,-0.0050511011,0.0106191896,-0.5799999238
2005-02-07,46.3320922852,41.2700004578,81.0194091797,11.7299995422,0.0074196332,-0.0048344488,-0.0013316771,0.5199995041
2005-02-08,46.5952033997,41.2599983215,81.1138916016,11.6000003815,0.0056627456,-0.0002423879,0.0011654908,-0.1299991607
2005-02-09,46.7192764282,41.3100013733,80.5065917969,12.0000000000,0.0026592465,0.0012111677,-0.0075151695,0.3999996185
2005-02-10,46.0888824463,41.7500000000,80.7967300415,11.5100002289,-0.0135850918,0.0105948166,0.0035974282,-0.4899997711
2005-02-11,46.0590972900,42.0800018311,81.4917373657,11.4300003052,-0.0006464636,0.0078731606,0.0085651382,-0.0799999237
2005-02-14,46.2030639648,42.5499992371,81.4310073853,11.5200004578,0.0031208198,0.0111072251,-0.0007455065,0.0900001526
2005-02-15,45.9697227478,42.5800018311,81.7346878052,11.2700004578,-0.0050631368,0.0007048654,0.0037223605,-0.2500000000
2005-02-16,45.7959938049,42.5200004578,81.7886276245,11.1000003815,-0.0037863629,-0.0014101382,0.0006597202,-0.1700000763
2005-02-17,45.5081367493,42.7299995422,81.1273727417,11.7700004578,-0.0063054762,0.0049266747,-0.0081177848,0.6700000763
2005-02-18,45.1011009216,42.7500000000,81.2353363037,11.1800003052,-0.0089844827,0.0004679564,0.0013299061,-0.5900001526
2005-02-22,44.9025268555,43.5699996948,80.0274658203,13.1400003433,-0.0044125863,0.0189996377,-0.0149804302,1.9600000381
2005-02-23,45.0514488220,43.4199981689,80.6010284424,12.3900003433,0.0033110733,-0.0034487108,0.0071415108,-0.7500000000
2005-02-24,44.9521903992,43.3300018311,81.1341018677,11.5699996948,-0.0022056544,-0.0020748443,0.0065919551,-0.8200006485
2005-02-25,45.1705627441,43.5000000000,81.9370880127,11.4899997711,0.0048461185,0.0039156601,0.0098483691,-0.0799999237
2005-02-28,44.6841316223,43.5299987793,81.3972778320,12.0799999237,-0.0108271666,0.0006893894,-0.0066099029,0.5900001526
2005-03-01,44.6701469421,43.2200012207,81.8021850586,12.0399999619,-0.0003130165,-0.0071469482,0.0049621249,-0.0399999618
2005-03-02,44.6104125977,43.2500000000,81.7616500854,12.5000000000,-0.0013381268,0.0006938541,-0.0004956471,0.4600000381
2005-03-03,44.5855369568,42.9700012207,81.7954101562,12.9300003052,-0.0005577751,-0.0064950072,0.0004128232,0.4300003052
2005-03-04,45.0685462952,43.3800010681,82.8142623901,11.9399995804,0.0107750588,0.0094963038,0.0123791662,-0.9900007248
2005-03-07,45.2477836609,43.4700012207,82.8547897339,12.2600002289,0.0039691073,0.0020725431,0.0004892567,0.3200006485
2005-03-08,44.8195457458,44.0299987793,82.5443954468,12.3999996185,-0.0095093558,0.0128001190,-0.0037532791,0.1399993896
2005-03-09,44.0875968933,44.0200004578,81.6267089844,12.6999998093,-0.0164658399,-0.0002271055,-0.0111797508,0.3000001908
2005-03-10,44.3564529419,44.2000007629,81.8088836670,12.4899997711,0.0060797052,0.0040807198,0.0022293156,-0.2100000382
2005-03-11,44.0328140259,44.4300003052,81.2353363037,12.8000001907,-0.0073230693,0.0051901175,-0.0070355113,0.3100004196
2005-03-14,44.2966766357,44.0299987793,81.7414321899,12.3900003433,0.0059745254,-0.0090437318,0.0062106706,-0.4099998474
2005-03-15,44.0178642273,44.0600013733,81.0666275024,13.1499996185,-0.0063140980,0.0006811805,-0.0082896210,0.7599992752
2005-03-16,44.2867851257,44.3100013733,80.3783874512,13.4899997711,0.0060907717,0.0056580437,-0.0085260511,0.3400001526
2005-03-17,44.4311714172,43.8199996948,80.5403289795,13.2899999619,0.0032549537,-0.0111200890,0.0020127128,-0.1999998092
2005-03-18,44.1523284912,43.8899993896,80.3011703491,13.1400003433,-0.0062956159,0.0015961626,-0.0029738445,-0.1499996186
2005-03-21,44.0278587341,43.0900001526,80.0031051636,13.6099996567,-0.0028230795,-0.0183955346,-0.0037187471,0.4699993134
2005-03-22,43.6543884277,42.6500015259,79.1902313232,14.2700004578,-0.0085187727,-0.0102636455,-0.0102124991,0.6600008011
2005-03-23,43.8634948730,42.4199981689,79.2579269409,14.0600004196,0.0047786083,-0.0054074037,0.0008544829,-0.2100000382
2005-03-24,43.9531478882,42.3899993896,79.3528213501,13.4200000763,0.0020418236,-0.0007074350,0.0011965699,-0.6400003433
2005-03-28,43.6842308044,42.5400009155,79.4679718018,13.7500000000,-0.0061370600,0.0035323603,0.0014500680,0.3299999237
2005-03-29,43.9431991577,42.5600013733,78.9395523071,14.4899997711,0.0059106859,0.0004700460,-0.0066716712,0.7399997711
2005-03-30,44.1622505188,42.6100006104,80.0573120117,13.6400003433,0.0049724918,0.0011741045,0.0140603794,-0.8499994278
2005-03-31,44.4809722900,42.8199996948,79.9082870483,14.0200004578,0.0071911452,0.0049162942,-0.0018632132,0.3800001145
2005-04-01,44.6309089661,42.6199989319,79.5492248535,14.0900001526,0.0033651364,-0.0046816744,-0.0045035546,0.0699996948
2005-04-04,44.6208915710,42.4000015259,79.6847381592,14.1099996567,-0.0002244749,-0.0051752034,0.0017020658,0.0199995041
2005-04-05,44.5059547424,42.4500007629,80.0640869141,13.6800003052,-0.0025791756,0.0011785325,0.0047493240,-0.4299993515
2005-04-06,44.6608581543,42.6300010681,80.3418197632,13.1499996185,0.0034744668,0.0042313251,0.0034628790,-0.5300006867
2005-04-07,44.3010635376,42.5699996948,80.7753372192,12.3299999237,-0.0080887771,-0.0014084832,0.0053814070,-0.8199996948
2005-04-08,44.4559478760,42.6899986267,79.9353790283,12.6199998856,0.0034900791,0.0028148959,-0.0104531404,0.2899999619
2005-04-11,44.6958885193,42.7799987793,79.9963226318,11.9799995422,0.0053827545,0.0021060065,0.0007621204,-0.6400003434
2005-04-12,45.1106872559,42.8400001526,80.4095840454,11.3000001907,0.0092376685,0.0014015740,0.0051527071,-0.6799993515
2005-04-13,45.0007476807,42.9000015259,79.4611892700,13.3100004196,-0.0024400817,0.0013996124,-0.0118646564,2.0100002289
2005-04-14,44.9307899475,42.3100013733,78.4247207642,14.5299997330,-0.0015558001,-0.0138483643,-0.0131295237,1.2199993134
2005-04-15,45.5255126953,42.4000015259,77.3272857666,17.7399997711,0.0131495827,0.0021249010,-0.0140923149,3.2100000381
2005-04-18,45.4905281067,42.6899986267,77.5644149780,16.5599994659,-0.0007687566,0.0068162704,0.0030618735,-1.1800003052
2005-04-19,45.9303550720,43.2799987793,78.1808776855,14.9600000381,0.0096220982,0.0137259377,0.0079163346,-1.5999994278
2005-04-20,45.8153991699,43.4000015259,77.0902175903,16.9200000763,-0.0025059680,0.0027688699,-0.0140486938,1.9600000382
2005-04-21,45.3356132507,43.1899986267,78.5873031616,14.4099998474,-0.0105273729,-0.0048505211,0.0192337560,-2.5100002289
2005-04-22,45.7154579163,43.3899993896,78.2892456055,15.3800001144,0.0083436002,0.0046200306,-0.0037999040,0.9700002670
2005-04-25,45.8503837585,43.4399986267,78.8040924072,14.6199998856,0.0029470802,0.0011516583,0.0065546846,-0.7600002288
2005-04-26,45.7803916931,43.6399993896,78.0385971069,14.9099998474,-0.0015276981,0.0045935030,-0.0097613906,0.2899999618
2005-04-27,45.9403343201,43.2000007629,78.3434753418,14.8699998856,0.0034876041,-0.0101336341,0.0038991505,-0.0399999618
2005-04-28,46.2801971436,43.0000000000,77.3611907959,16.8600006104,0.0073706876,-0.0046403972,-0.0126174456,1.9900007248
2005-04-29,46.2001953125,43.3499984741,78.4111709595,15.3100004196,-0.0017301365,0.0081065523,0.0134811600,-1.5500001908
2005-05-02,46.1901893616,42.8800010681,78.8515243530,15.1199998856,-0.0002166016,-0.0109011264,0.0056002416,-0.1900005340
2005-05-03,46.3155784607,42.7599983215,78.9870071411,14.5299997330,0.0027109483,-0.0028024948,0.0017167268,-0.5900001526
2005-05-04,45.9093360901,42.9000015259,79.5966567993,13.8500003815,-0.0088098753,0.0032688146,0.0076887196,-0.6799993515
2005-05-05,46.0146369934,42.9099998474,79.5695800781,13.9799995422,0.0022910443,0.0002330339,-0.0003402320,0.1299991607
2005-05-06,45.6735649109,42.5200004578,79.3189697266,14.0500001907,-0.0074398592,-0.0091303312,-0.0031545452,0.0700006485
2005-05-09,45.7187156677,42.5499992371,79.8134613037,13.7500000000,0.0009880651,0.0007052728,0.0062148635,-0.3000001907
2005-05-10,46.0447463989,42.6399993896,78.9870071411,14.9099998474,0.0071059242,0.0021129285,-0.0104088059,1.1599998474
2005-05-11,46.1851959229,42.6899986267,79.4205551147,14.4499998093,0.0030456407,0.0011719031,0.0054738429,-0.4600000381
2005-05-12,46.3657188416,42.1599998474,78.5466918945,16.1200008392,0.0039010559,-0.0124927680,-0.0110639661,1.6700010299
2005-05-13,46.5463180542,41.9500007629,78.3908615112,16.3199996948,0.0038875359,-0.0049934495,-0.0019858910,0.1999988556
2005-05-16,46.4911422729,41.8800010681,79.1225128174,15.6800003052,-0.0011860983,-0.0016700396,0.0092900882,-0.6399993896
2005-05-17,46.6215553284,41.8600006104,79.6508560181,14.5699996948,0.0028011892,-0.0004776799,0.0066553372,-1.1100006104
2005-05-18,46.9325256348,42.0499992371,80.4705200195,13.6300001144,0.0066479505,0.0045286367,0.0102381229,-0.9399995804
2005-05-19,46.8121452332,41.9799995422,80.8092422485,13.3199996948,-0.0025682626,-0.0016660648,0.0042004368,-0.3100004196
2005-05-20,46.8673019409,41.6500015259,80.6940917969,13.1400003433,0.0011775628,-0.0078918982,-0.0014259826,-0.1799993515
2005-05-23,47.2334327698,41.6199989319,81.1412048340,12.9499998093,0.0077817177,-0.0007206099,0.0055255458,-0.1900005340
2005-05-24,47.3639106750,41.7299995422,80.9515228271,12.6899995804,0.0027585973,0.0026394883,-0.0023404146,-0.2600002289
2005-05-25,47.0328025818,41.8699989319,80.8905334473,12.5799999237,-0.0070152750,0.0033492709,-0.0007536902,-0.1099996567
2005-05-26,47.0178070068,41.6899986267,81.3241043091,12.2399997711,-0.0003188831,-0.0043082956,0.0053456568,-0.3400001526
2005-05-27,47.0679244995,41.8800010681,81.4595565796,12.1499996185,0.0010653581,0.0045471526,0.0016642002,-0.0900001526
2005-05-31,47.6498107910,41.6500015259,80.9379577637,13.2899999619,0.0122868988,-0.0055070063,-0.0064237511,1.1400003434
2005-06-01,48.2332344055,41.5299987793,81.6289520264,12.3599996567,0.0121696347,-0.0028853770,0.0085010956,-0.9300003052
2005-06-02,48.3490180969,42.0999984741,81.8050460815,11.8400001526,0.0023976195,0.0136316762,0.0021549265,-0.5199995041
2005-06-03,47.9513473511,42.1699981689,81.3918151855,12.1499996185,-0.0082590134,0.0016613199,-0.0050642123,0.3099994659
2005-06-06,48.2030563354,42.4799995422,81.3173065186,12.2799997330,0.0052355285,0.0073243418,-0.0009158512,0.1300001145
2005-06-07,48.5856361389,42.3800010681,81.3782882690,12.3900003433,0.0079055060,-0.0023567881,0.0007496423,0.1100006103
2005-06-08,48.3540458679,42.3400001526,81.2292404175,12.6999998093,-0.0047780374,-0.0009443087,-0.0018332225,0.3099994660
2005-06-09,48.3138160706,42.2700004578,81.6153564453,12.0799999237,-0.0008323304,-0.0016546439,0.0047421500,-0.6199998856
2005-06-10,47.7701110840,42.6199989319,81.4256744385,11.9600000381,-0.0113174140,0.0082459762,-0.0023268019,-0.1199998856
2005-06-13,47.4831275940,42.7799987793,81.6831436157,11.6499996185,-0.0060257134,0.0037470735,0.0031570260,-0.3100004196
2005-06-14,47.1710052490,42.5999984741,81.8728103638,11.7899999619,-0.0065950311,-0.0042164577,0.0023192899,0.1400003434
2005-06-15,47.2566070557,42.7400016785,82.0285949707,11.4600000381,0.0018130678,0.0032810717,0.0019009557,-0.3299999238
2005-06-16,47.4932136536,43.4599990845,82.2386245728,11.1499996185,0.0049943544,0.0167056646,0.0025571714,-0.3100004196
2005-06-17,47.4881744385,43.6300010681,82.5433197021,11.4799995422,-0.0001061095,0.0039040579,0.0036981658,0.3299999237
2005-06-20,47.4076004028,43.6599998474,82.5705184937,11.4700002670,-0.0016981590,0.0006873360,0.0003294550,-0.0099992752
2005-06-21,47.7549781799,43.8100013733,82.6181335449,11.0799999237,0.0073007547,0.0034297855,0.0005764930,-0.3900003433
2005-06-22,48.3339004517,43.7200012207,82.6861419678,11.0500001907,0.0120498706,-0.0020564419,0.0008228272,-0.0299997330
2005-06-23,48.2836036682,44.0200004578,81.5230865479,12.1300001144,-0.0010411527,0.0068383953,-0.0141657674,1.0799999237
2005-06-24,48.5252304077,43.9000015259,80.9245529175,12.1800003052,0.0049918428,-0.0027297317,-0.0073689755,0.0500001908
2005-06-27,48.6561126709,43.9099998474,81.0401992798,12.5200004578,0.0026935693,0.0002277263,0.0014280438,0.3400001526
2005-06-28,48.3238372803,43.4500007629,81.7203292847,11.5799999237,-0.0068524822,-0.0105312118,0.0083574804,-0.9400005341
2005-06-29,48.2483444214,43.6300010681,81.5027008057,11.7700004578,-0.0015634497,0.0041341423,-0.0026666409,0.1900005341
2005-06-30,48.6813087463,43.4399986267,81.0605773926,12.0399999619,0.0089336378,-0.0043643676,-0.0054394142,0.2699995041
2005-07-01,48.0912742615,42.7000007629,81.2986373901,11.3999996185,-0.0121944001,-0.0171817059,0.0029325119,-0.6400003434
2005-07-05,47.6365585327,42.2799987793,81.9515609741,11.6800003052,-0.0095002495,-0.0098848060,0.0079990967,0.2800006867
2005-07-06,47.8993225098,42.2500000000,81.2646560669,12.2700004578,0.0055008576,-0.0007097783,-0.0084171656,0.5900001526
2005-07-07,48.0003356934,42.3600006104,81.5842742920,12.4899997711,0.0021066440,0.0026001813,0.0039253391,0.2199993133
2005-07-08,47.8033409119,42.2599983215,82.5161209106,11.4499998093,-0.0041124739,-0.0023635627,0.0113571528,-1.0399999618
2005-07-11,47.8033409119,42.5400009155,82.9378128052,11.2799997330,0.0000000000,0.0066038588,0.0050974044,-0.1700000763
2005-07-12,47.5356216431,42.6399993896,83.1554260254,10.9499998093,-0.0056161713,0.0023479342,0.0026203757,-0.3299999237
2005-07-13,47.4648704529,42.3499984741,83.2710952759,10.8400001526,-0.0014894913,-0.0068243805,0.0013900341,-0.1099996567
2005-07-14,47.3436431885,41.9000015259,83.5975723267,10.8100004196,-0.0025573090,-0.0106825217,0.0039129870,-0.0299997330
2005-07-15,47.4699287415,42.0499992371,83.5499496460,10.3299999237,0.0026638724,0.0035735049,-0.0005698282,-0.4800004959
2005-07-18,47.1162643433,42.0099983215,83.2166976929,10.7700004578,-0.0074781749,-0.0009517230,-0.0039966312,0.4400005341
2005-07-19,47.2830162048,41.8899993896,83.6723556519,10.4499998093,0.0035329090,-0.0028605248,0.0054606229,-0.3200006485
2005-07-20,47.5406417847,42.2000007629,83.9580383301,10.2299995422,0.0054337961,0.0073731187,0.0034084863,-0.2200002671
2005-07-21,46.8940734863,42.4599990845,83.4683227539,10.9700002670,-0.0136936592,0.0061421956,-0.0058499387,0.7400007248
2005-07-22,47.2577400208,42.4500007629,84.0260772705,10.5200004578,0.0077251479,-0.0002355040,0.0066600027,-0.4499998092
2005-07-25,47.0859947205,42.5099983215,83.7880172729,11.1000003815,-0.0036408457,0.0014123722,-0.0028371891,0.5799999237
2005-07-26,47.1617546082,42.2500000000,83.8900146484,10.9899997711,0.0016076756,-0.0061349491,0.0012165862,-0.1100006104
2005-07-27,47.0859947205,42.4399986267,84.1960754395,10.3599996567,-0.0016076756,0.0044869276,0.0036417187,-0.6300001144
2005-07-28,47.5052795410,42.7500000000,84.7266235352,10.5200004578,0.0088652483,0.0072779140,0.0062815695,0.1600008011
2005-07-29,47.0355110168,42.8199996948,84.1620788574,11.5699996948,-0.0099379831,0.0016360807,-0.0066854298,1.0499992370
2005-08-01,46.8605499268,43.1300010681,84.1008682251,12.0799999237,-0.0037267014,0.0072135594,-0.0007275593,0.5100002289
2005-08-02,46.7084388733,43.1399993896,84.6041870117,11.7500000000,-0.0032513163,0.0002317914,0.0059668666,-0.3299999237
2005-08-03,46.9366111755,43.5299987793,84.8286514282,11.8299999237,0.0048731407,0.0089997007,0.0026495991,0.0799999237
2005-08-04,46.8402786255,43.6800003052,84.1484756470,12.5200004578,-0.0020545058,0.0034400109,-0.0080505506,0.6900005341
2005-08-05,46.4752006531,43.5999984741,83.5771408081,12.4799995422,-0.0078246361,-0.0018332231,-0.0068127584,-0.0400009156
2005-08-08,46.3890342712,43.3499984741,83.4207153320,13.2100000381,-0.0018557501,-0.0057504473,-0.0018733836,0.7300004959
2005-08-09,46.5613975525,43.3400001526,83.9240112305,12.3999996185,0.0037087182,-0.0002306684,0.0060150974,-0.8100004196
2005-08-10,46.5106887817,43.6500015259,83.8832168579,12.3800001144,-0.0010896667,0.0071273176,-0.0004862052,-0.0199995041
2005-08-11,46.8351783752,44.4500007629,84.2165069580,12.4200000763,0.0069524428,0.0181616619,0.0039653907,0.0399999619
2005-08-12,47.3118286133,44.4900016785,83.6995925903,12.7399997711,0.0101257454,0.0008995034,-0.0061568367,0.3199996948
2005-08-15,47.1901359558,44.1300010681,84.2165069580,12.2600002289,-0.0025754539,-0.0081246351,0.0061568367,-0.4799995422
2005-08-16,47.5197219849,44.5499992371,83.1214447021,13.5200004578,0.0069599378,0.0094722893,-0.0130882191,1.2600002289
2005-08-17,47.2053718567,43.9099998474,83.1146087646,13.3000001907,-0.0066371279,-0.0144700557,-0.0000822437,-0.2200002671
2005-08-18,47.5552291870,43.8300018311,83.1078338623,13.4200000763,0.0073840587,-0.0018235249,-0.0000815161,0.1199998856
2005-08-19,47.5501213074,43.5999984741,83.2982788086,13.4200000763,-0.0001074152,-0.0052614409,0.0022889187,0.0000000000
2005-08-22,47.4994430542,43.7000007629,83.2982788086,13.4200000763,-0.0010663543,0.0022910042,0.0000000000,0.0000000000
2005-08-23,47.7174530029,43.7599983215,83.1418533325,13.3400001526,0.0045792362,0.0013720002,-0.0018796611,-0.0799999237
2005-08-24,47.7631034851,43.5900001526,82.4004898071,14.1700000763,0.0009562258,-0.0038923500,-0.0089568441,0.8299999237
2005-08-25,47.9152030945,43.7299995422,82.6997604370,13.7299995422,0.0031793986,0.0032065852,0.0036253241,-0.4400005341
2005-08-26,47.8999977112,43.6100006104,82.1352157593,13.7200002670,-0.0003173898,-0.0027478591,-0.0068498434,-0.0099992752
2005-08-29,47.9608154297,43.5699996948,82.7677688599,13.5200004578,0.0012688757,-0.0009176627,0.0076718588,-0.1999998092
2005-08-30,48.2650337219,43.0099983215,82.3324661255,13.6499996185,0.0063230267,-0.0129362254,-0.0052732056,0.1299991607
2005-08-31,48.6706924438,43.4000015259,83.3730926514,12.6000003815,0.0083696921,0.0090268685,0.0125601122,-1.0499992370
2005-09-01,48.3776321411,44.2200012207,83.3118896484,13.1499996185,-0.0060394900,0.0187177268,-0.0007343554,0.5499992370
2005-09-02,48.4183082581,44.2500000000,83.1622390747,13.5699996948,0.0008404509,0.0006781684,-0.0017978843,0.4200000763
2005-09-06,48.0774002075,44.2700004578,84.1348648071,12.9300003052,-0.0070657955,0.0004518856,0.0116276572,-0.6399993896
2005-09-07,47.6245651245,44.3300018311,84.2777252197,12.5200004578,-0.0094635144,0.0013544330,0.0016965531,-0.4099998474
2005-09-08,47.6754875183,44.5999984741,83.9988403320,12.9300003052,0.0010686751,0.0060721347,-0.0033146046,0.4099998474
2005-09-09,47.8280677795,44.8400001526,84.7470397949,11.9799995422,0.0031952819,0.0053667768,0.0088678238,-0.9500007630
2005-09-12,47.4973678589,44.8899993896,84.5769729614,11.6499996185,-0.0069383632,0.0011144376,-0.0020087746,-0.3299999237
2005-09-13,47.7466621399,44.5600013733,84.1076889038,12.3900003433,0.0052348656,-0.0073784128,-0.0055640538,0.7400007248
2005-09-14,47.5635070801,44.9599990845,83.8016128540,12.9099998474,-0.0038433524,0.0089365588,-0.0036457348,0.5199995041
2005-09-15,47.1717414856,45.4199981689,83.7607650757,12.4899997711,-0.0082707933,0.0101793111,-0.0004875531,-0.4200000763
2005-09-16,46.8613471985,45.8199996948,84.3564071655,11.2200002670,-0.0066018339,0.0087681740,0.0070860647,-1.2699995041
2005-09-19,46.9631462097,46.2500000000,84.0763549805,12.1400003433,0.0021699888,0.0093407936,-0.0033253916,0.9200000763
2005-09-20,47.0852279663,46.2299995422,83.3659896851,12.6400003433,0.0025961496,-0.0004325359,-0.0084849452,0.5000000000
2005-09-21,47.5228157043,47.0600013733,82.5873260498,13.7899999619,0.0092506058,0.0177944844,-0.0093841976,1.1499996186
2005-09-22,47.4770469666,46.3600006104,82.8810348511,13.3299999237,-0.0009635538,-0.0149863808,0.0035500335,-0.4600000382
2005-09-23,47.1208953857,46.2799987793,82.9493637085,12.9600000381,-0.0075298311,-0.0017271557,0.0008240813,-0.3699998856
2005-09-26,46.9071311951,46.5699996948,83.0449905396,13.0399999619,-0.0045468264,0.0062466745,0.0011521698,0.0799999238
2005-09-27,46.9733047485,46.2500000000,83.0244445801,12.7600002289,0.0014097413,-0.0068950865,-0.0002474382,-0.2799997330
2005-09-28,47.2887535095,46.7999992371,83.1064376831,12.6300001144,0.0066930416,0.0118217227,0.0009870905,-0.1300001145
2005-09-29,47.0750274658,47.0999984741,83.7826309204,12.2399997711,-0.0045298399,0.0063897820,0.0081035498,-0.3900003433
2005-09-30,46.9122390747,46.7000007629,84.0422134399,11.9200000763,-0.0034640555,-0.0085287876,0.0030934958,-0.3199996948
2005-10-03,46.5454750061,46.4199981689,83.7416610718,12.4600000381,-0.0078488107,-0.0060138196,-0.0035826171,0.5399999618
2005-10-04,46.6987228394,46.4500007629,82.7990875244,13.1999998093,0.0032870243,0.0006461203,-0.0113195554,0.7399997712
2005-10-05,46.9030418396,46.3600006104,81.7130355835,14.5500001907,0.0043657152,-0.0019394500,-0.0132034977,1.3500003814
2005-10-06,46.7242584229,47.2099990845,81.4193191528,14.9600000381,-0.0038190492,0.0181686835,-0.0036009625,0.4099998474
2005-10-07,46.9132843018,47.3600006104,81.6993865967,14.5900001526,0.0040374006,0.0031722883,0.0034339130,-0.3699998855
2005-10-10,46.8826217651,47.3699989319,81.0094909668,15.5500001907,-0.0006538140,0.0002110909,-0.0084801736,0.9600000381
2005-10-11,46.7855682373,47.3899993896,80.8933868408,15.6300001144,-0.0020722844,0.0004221287,-0.0014342444,0.0799999237
2005-10-12,46.3309326172,46.8499984741,80.2581253052,16.2199993134,-0.0097649553,-0.0114602470,-0.0078840691,0.5899991990
2005-10-13,46.1623573303,47.0200004578,80.2103195190,16.4699993134,-0.0036451395,0.0036220767,-0.0005958279,0.2500000000
2005-10-14,46.0908432007,46.7999992371,81.0572662354,14.8699998856,-0.0015503884,-0.0046898662,0.0105037165,-1.5999994278
2005-10-17,46.0806045532,47.2599983215,81.3578186035,14.6700000763,-0.0002221653,0.0097810496,0.0037010443,-0.1999998093
2005-10-18,46.1317329407,47.0000000000,80.4767074585,15.3299999237,0.0011089274,-0.0055166345,-0.0108891455,0.6599998474
2005-10-19,46.1521415710,46.3400001526,81.8154754639,13.5000000000,0.0004423011,-0.0141420794,0.0164986181,-1.8299999237
2005-10-20,46.2747116089,45.9799995422,80.3742599487,16.1100006104,0.0026522619,-0.0077990129,-0.0177724373,2.6100006104
2005-10-21,46.7038154602,46.5200004578,80.6884078979,16.1299991608,0.0092302365,0.0116758281,0.0039009455,0.0199985504
2005-10-24,46.3411521912,46.3899993896,81.9384078979,14.7399997711,-0.0077954803,-0.0027984319,0.0153729213,-1.3899993897
2005-10-25,45.9427223206,47.0600013733,81.7744750977,14.5299997330,-0.0086349289,0.0143395069,-0.0020026873,-0.2100000381
2005-10-26,45.6055793762,46.9300003052,81.5354003906,14.5900001526,-0.0073653899,-0.0027662762,-0.0029278680,0.0600004196
2005-10-27,45.7690620422,47.1800003052,80.6679611206,16.0200004578,0.0035782978,0.0053129441,-0.0106958023,1.4300003052
2005-10-28,45.7741088867,47.2200012207,81.8291320801,14.2500000000,0.0001102615,0.0008474771,0.0142918338,-1.7700004578
2005-10-31,45.8609924316,46.4000015259,82.0545501709,15.3199996948,0.0018962945,-0.0175180654,0.0027509540,1.0699996948
2005-11-01,45.8081550598,45.7299995422,82.3004150391,14.8500003815,-0.0011527843,-0.0145449645,0.0029918786,-0.4699993133
2005-11-02,45.5926742554,46.1300010681,83.1610794067,13.4799995422,-0.0047150820,0.0087089931,0.0104032921,-1.3700008393
2005-11-03,45.2847938538,45.9599990845,83.5162582397,13.0000000000,-0.0067757517,-0.0036920877,0.0042618796,-0.4799995422
2005-11-04,45.2129440308,45.5099983215,83.4069900513,13.1700000763,-0.0015878814,-0.0098393879,-0.0013092029,0.1700000763
2005-11-07,45.3669204712,45.7700004578,83.4889144897,13.1000003815,0.0033997973,0.0056968195,0.0009817430,-0.0699996948
2005-11-08,45.8081550598,45.9099998474,83.4889144897,13.0799999237,0.0096789179,0.0030540903,0.0000000000,-0.0200004578
2005-11-09,45.3361053467,46.5600013733,83.5982360840,12.8000001907,-0.0103583908,0.0140588780,0.0013085580,-0.2799997330
2005-11-10,45.8902511597,46.4799995422,84.2471160889,11.8999996185,0.0121489589,-0.0017197302,0.0077319179,-0.9000005722
2005-11-11,45.9159164429,46.7999992371,84.5339584351,11.6300001144,0.0005591189,0.0068610839,0.0033989904,-0.2699995041
2005-11-14,45.5721054077,46.6199989319,84.4862060547,12.1800003052,-0.0075160146,-0.0038535759,-0.0005650495,0.5500001908
2005-11-15,45.8697013855,46.6599998474,84.1787948608,12.2299995422,0.0065089927,0.0008576526,-0.0036452321,0.0499992370
2005-11-16,46.3519897461,47.7799987793,84.3495635986,12.2600002289,0.0104594212,0.0237198530,0.0020265883,0.0300006867
2005-11-17,46.4648818970,48.4799995422,85.1350555420,11.2500000000,0.0024325794,0.0145442160,0.0092692490,-1.0100002289
2005-11-18,46.2493972778,48.4599990845,85.4697647095,11.1199998856,-0.0046483672,-0.0004126358,0.0039238000,-0.1300001144
2005-11-21,46.3879318237,48.9900016785,85.9000854492,10.8199996948,0.0029909034,0.0108775334,0.0050221395,-0.3000001908
2005-11-22,46.4495048523,49.3199996948,86.2689132690,10.6000003815,0.0013264700,0.0067134422,0.0042844924,-0.2199993133
2005-11-23,46.2699241638,49.1500015259,86.7675628662,10.9600000381,-0.0038736415,-0.0034527945,0.0057635360,0.3599996566
2005-11-25,46.4392433167,49.4199981689,86.8358764648,10.8800001144,0.0036526990,0.0054782859,0.0007870075,-0.0799999237
2005-11-28,46.6700973511,49.7400016785,86.2211303711,11.8400001526,0.0049587830,0.0064543086,-0.0071045801,0.9600000382
2005-11-29,46.2288932800,49.7999992371,86.1254959106,11.8900003433,-0.0094986476,0.0012054966,-0.0011097922,0.0500001907
2005-11-30,46.1775703430,49.0999984741,85.6610107422,12.0600004196,-0.0011108085,-0.0141559650,-0.0054077158,0.1700000763
2005-12-01,46.1054267883,50.1699981689,86.5353393555,11.2399997711,-0.0015635290,0.0215581983,0.0101551064,-0.8200006485
2005-12-02,46.1208801270,50.3199996948,86.6446228027,11.0100002289,0.0003351178,0.0029854043,0.0012620798,-0.2299995422
2005-12-05,45.9147377014,50.7799987793,86.4602203369,11.6000003815,-0.0044796303,0.0090999459,-0.0021305301,0.5900001526
2005-12-06,46.3836860657,50.8899993896,86.6241455078,11.5200004578,0.0101616556,0.0021638764,0.0018941655,-0.0799999237
2005-12-07,46.2084884644,51.3199996948,86.1186828613,12.1800003052,-0.0037842898,0.0084141052,-0.0058522150,0.6599998474
2005-12-08,46.5073814392,51.9000015259,86.0640487671,12.2100000381,0.0064475264,0.0112382858,-0.0006346060,0.0299997329
2005-12-09,46.1414642334,52.4000015259,86.2894439697,11.6899995804,-0.0078990538,0.0095878009,0.0026155006,-0.5200004577
2005-12-12,46.0538635254,52.5600013733,86.3714065552,11.4700002670,-0.0019003291,0.0030487799,0.0009494056,-0.2199993134
2005-12-13,46.2239227295,51.6500015259,86.9588241577,11.1099996567,0.0036858144,-0.0174651752,0.0067780427,-0.3600006103
2005-12-14,46.6980590820,50.3499984741,87.3003311157,10.4799995422,0.0102051303,-0.0254916363,0.0039195346,-0.6300001145
2005-12-15,46.5846672058,50.2400016785,87.0476074219,10.7299995422,-0.0024311453,-0.0021870333,-0.0028990750,0.2500000000
2005-12-16,46.7392463684,50.0900001526,86.7674560547,10.6800003052,0.0033127480,-0.0029901652,-0.0032235596,-0.0499992370
2005-12-19,46.7856483459,50.2200012207,86.3211364746,11.3800001144,0.0009922915,0.0025919876,-0.0051571344,0.6999998092
2005-12-20,46.7289428711,49.0400009155,86.4035110474,11.1899995804,-0.0012127622,-0.0237770677,0.0009538254,-0.1900005340
2005-12-21,46.6464958191,49.3699989319,86.5408401489,10.8100004196,-0.0017659263,0.0067066203,0.0015881309,-0.3799991608
2005-12-22,47.0175094604,50.1399993896,86.9940490723,10.2899999619,0.0079222660,0.0154761499,0.0052232719,-0.5200004577
2005-12-23,47.3060989380,50.1199989319,87.0421142578,10.2700004578,0.0061191547,-0.0003989718,0.0005523586,-0.0199995041
2005-12-27,47.6926040649,50.6399993896,86.1562957764,11.5699996948,0.0081371060,0.0103216571,-0.0102290339,1.2999992370
2005-12-28,47.5596237183,51.4700012207,86.3486099243,11.3500003815,-0.0027921748,0.0162573716,0.0022296668,-0.2199993133
2005-12-29,47.6631202698,51.4700012207,85.9640731812,11.6099996567,0.0021737788,0.0000000000,-0.0044632510,0.2599992752
2005-12-30,47.5544509888,51.5800018311,85.4970932007,12.0699996948,-0.0022825478,0.0021348986,-0.0054470776,0.4600000381
2006-01-03,47.4923477173,53.1199989319,87.0009078979,11.1400003433,-0.0013067937,0.0294194491,0.0174361765,-0.9299993515
2006-01-04,47.6061744690,53.2999992371,87.4129486084,11.3699998856,0.0023938712,0.0033828318,0.0047248709,0.2299995423
2006-01-05,47.5492515564,52.3400001526,87.4678649902,11.3100004196,-0.0011964198,-0.0181754168,0.0006280436,-0.0599994660
2006-01-06,47.4613037109,53.7200012207,88.1957244873,11.0000000000,-0.0018513284,0.0260244944,0.0082870180,-0.3100004196
2006-01-09,47.4923477173,54.5999984741,88.4223175049,11.1300001144,0.0006538771,0.0162484604,0.0025659116,0.1300001144
2006-01-10,47.1094093323,54.0600013733,88.5116195679,10.8599996567,-0.0080958428,-0.0099392886,0.0010094397,-0.2700004577
2006-01-11,47.0317955017,54.5299987793,88.7931594849,10.9399995804,-0.0016488816,0.0086564203,0.0031757763,0.0799999237
2006-01-12,47.3474121094,54.4300003052,88.4429016113,11.1999998093,0.0066882906,-0.0018355085,-0.0039524499,0.2600002289
2006-01-13,47.6216583252,55.4399986267,88.3605117798,11.2299995422,0.0057755009,0.0183858521,-0.0009319937,0.0299997329
2006-01-17,47.8338546753,55.2599983215,88.1202163696,11.9099998474,0.0044459810,-0.0032520410,-0.0027231932,0.6800003052
2006-01-18,47.8183555603,54.0699996948,87.7699890137,12.2500000000,-0.0003240723,-0.0217697914,-0.0039823459,0.3400001526
2006-01-19,47.6786117554,55.5900001526,88.1064529419,11.9799995422,-0.0029266669,0.0277238340,0.0038261445,-0.2700004578
2006-01-20,47.8028297424,55.2000007629,86.4996566772,14.5600004196,0.0026019309,-0.0070403646,-0.0184053310,2.5800008774
2006-01-23,47.7873115540,55.7700004578,86.8086624146,13.9300003052,-0.0003246818,0.0102731315,0.0035659692,-0.6300001144
2006-01-24,47.5544509888,55.7299995422,86.8979339600,13.3100004196,-0.0048847645,-0.0007175052,0.0010278430,-0.6199998856
2006-01-25,47.0369567871,56.1399993896,86.9734420776,12.8699998856,-0.0109417838,0.0073299667,0.0008685515,-0.4400005340
2006-01-26,46.8351860046,55.8800010681,87.4541244507,12.4200000763,-0.0042988492,-0.0046420066,0.0055115553,-0.4499998093
2006-01-27,46.8351860046,55.6300010681,88.2643432617,11.9700002670,0.0000000000,-0.0044839102,0.0092218486,-0.4499998093
2006-01-30,46.7885932922,56.6800003052,88.1957244873,12.3900003433,-0.0009953180,0.0186987769,-0.0007777258,0.4200000763
2006-01-31,46.9179687500,56.7000007629,87.5502700806,12.9499998093,0.0027612909,0.0003528040,-0.0073453430,0.5599994660
2006-02-01,46.7574806213,56.7000007629,88.1613922119,12.3599996567,-0.0034264749,0.0000000000,0.0069559936,-0.5900001526
2006-02-02,46.8457374573,56.9799995422,87.1382522583,13.2299995422,0.0018857656,0.0049260968,-0.0116731734,0.8699998855
2006-02-03,47.1781349182,56.5000000000,86.7056579590,12.9600000381,0.0070705202,-0.0084596829,-0.0049768231,-0.2699995041
2006-02-06,47.2715950012,56.7200012207,86.9322738647,13.0399999619,0.0019790446,0.0038862656,0.0026102135,0.0799999238
2006-02-07,47.0483016968,54.5999984741,86.1632080078,13.5900001526,-0.0047348169,-0.0380930489,-0.0088860889,0.5500001907
2006-02-08,46.9392471313,54.8300018311,86.9459991455,12.8299999237,-0.0023206183,0.0042036680,0.0090439612,-0.7600002289
2006-02-09,47.1521530151,56.1800003052,86.8017959595,13.1199998856,0.0045255198,0.0243233043,-0.0016599142,0.2899999619
2006-02-10,46.8925323486,54.7900009155,86.9597473145,12.8699998856,-0.0055212333,-0.0250531148,0.0018180248,-0.2500000000
2006-02-13,46.8977050781,53.7200012207,86.8017959595,13.3500003815,0.0001103042,-0.0197223179,-0.0018180248,0.4800004959
2006-02-14,46.7315254211,54.4900016785,87.7219314575,12.2500000000,-0.0035497425,0.0142318350,0.0105446295,-1.1000003815
2006-02-15,46.8457374573,53.7599983215,88.0309677124,12.3100004196,0.0024410223,-0.0134875644,0.0035167166,0.0600004196
2006-02-16,46.8561553955,54.5200004578,88.6901473999,11.4799995422,0.0002223635,0.0140379502,0.0074601470,-0.8300008774
2006-02-17,47.2300300598,54.9599990845,88.4497985840,12.0100002289,0.0079475351,0.0080380160,-0.0027136619,0.5300006867
2006-02-21,47.1521530151,55.1199989319,88.2300720215,12.4099998474,-0.0016502492,0.0029069761,-0.0024872859,0.3999996185
2006-02-22,47.4741287231,55.3400001526,88.7656555176,11.8800001144,0.0068052331,0.0039833698,0.0060519555,-0.5299997330
2006-02-23,47.3546447754,54.6399993896,88.6351852417,11.8699998856,-0.0025199949,-0.0127297730,-0.0014709096,-0.0100002288
2006-02-24,47.2820053101,55.6399993896,88.8617782593,11.4600000381,-0.0015351236,0.0181361520,0.0025532058,-0.4099998475
2006-02-27,47.2040634155,55.2200012207,88.8961105347,11.5900001526,-0.0016498075,-0.0075771275,0.0003862813,0.1300001145
2006-02-28,47.4377937317,56.0699996948,88.0514984131,12.3400001526,0.0049392689,0.0152756761,-0.0095465380,0.7500000000
2006-03-01,47.1511268616,56.0999984741,88.8343048096,11.5399999619,-0.0060613388,0.0005348806,0.0088510383,-0.8000001907
2006-03-02,46.8228759766,56.7400016785,88.8274612427,11.7200002670,-0.0069860219,0.0113436736,-0.0000770404,0.1800003051
2006-03-03,46.5518798828,56.2799987793,88.4154586792,11.9600000381,-0.0058044993,-0.0081402484,-0.0046490241,0.2399997711
2006-03-06,46.1454124451,55.2299995422,88.0102996826,12.7399997711,-0.0087698364,-0.0188329349,-0.0045929768,0.7799997330
2006-03-07,46.1766586304,54.9500007629,87.8730163574,12.6599998474,0.0006768953,-0.0050825809,-0.0015610731,-0.0799999237
2006-03-08,46.1610527039,53.9700012207,88.0584335327,12.3199996948,-0.0003380185,-0.0179953355,0.0021078351,-0.3400001526
2006-03-09,46.1766586304,54.2400016785,87.4678649902,12.6800003052,0.0003380185,0.0049903153,-0.0067291429,0.3600006104
2006-03-10,46.0046768188,53.8300018311,88.2987213135,11.8500003815,-0.0037313847,-0.0075877080,0.0094541577,-0.8299999237
2006-03-13,45.9682273865,54.3100013733,88.4635162354,11.3699998856,-0.0007926124,0.0088774307,0.0018645947,-0.4800004959
2006-03-14,46.2756958008,54.8699989319,89.3905334473,10.7399997711,0.0066664457,0.0102583343,0.0104245656,-0.6300001145
2006-03-15,46.0255584717,55.1199989319,89.7887802124,11.3500003815,-0.0054200334,0.0045458757,0.0044452388,0.6100006104
2006-03-16,46.4424285889,55.3400001526,89.9741973877,11.9799995422,0.0090165895,0.0039833698,0.0020629080,0.6299991607
2006-03-17,46.3017578125,55.1199989319,90.0493392944,12.1199998856,-0.0030335246,-0.0039833698,0.0008348010,0.1400003434
2006-03-20,46.3747062683,55.1699981689,89.9045791626,11.7899999619,0.0015742610,0.0009066868,-0.0016088581,-0.3299999237
2006-03-21,46.1349411011,54.8300018311,89.3392257690,11.6199998856,-0.0051835827,-0.0061817713,-0.0063082266,-0.1700000763
2006-03-22,46.2339706421,54.7500000000,89.8838958740,11.2100000381,0.0021442188,-0.0014601541,0.0060781419,-0.4099998475
2006-03-23,46.0880889893,54.7000007629,89.6977386475,11.1700000763,-0.0031602799,-0.0009136453,-0.0020732331,-0.0399999618
2006-03-24,46.4267921448,55.7099990845,89.7666931152,11.1899995804,0.0073221662,0.0182959242,0.0007684472,0.0199995041
2006-03-27,46.2548141479,56.3899993896,89.6356964111,11.4600000381,-0.0037111613,0.0121321794,-0.0014603677,0.2700004577
2006-03-28,45.8222656250,56.0600013733,89.0841522217,11.5799999237,-0.0093954262,-0.0058692568,-0.0061721845,0.1199998856
2006-03-29,45.6034278870,57.0699996948,89.6426010132,10.9499998093,-0.0047872353,0.0178560090,0.0062492111,-0.6300001144
2006-03-30,45.2855300903,58.5999984741,89.4840545654,11.5699996948,-0.0069953292,0.0264560913,-0.0017702166,0.6199998855
2006-03-31,45.2699012756,58.0999984741,89.5047302246,11.3900003433,-0.0003451768,-0.0085690329,0.0002310274,-0.1799993515
2006-04-03,45.2845535278,58.4700012207,89.4357833862,11.5699996948,0.0003236120,0.0063481855,-0.0007706119,0.1799993515
2006-04-04,45.2375106812,58.3300018311,90.0079650879,11.1400003433,-0.0010393676,-0.0023972509,0.0063773037,-0.4299993515
2006-04-05,45.3002319336,58.6599998474,90.3182373047,11.1300001144,0.0013855274,0.0056414888,0.0034412361,-0.0100002289
2006-04-06,44.9549980164,59.2799987793,90.2217330933,11.4499998093,-0.0076502071,0.0105138994,-0.0010690621,0.3199996949
2006-04-07,44.5155868530,58.5900001526,89.3048019409,12.2600002289,-0.0098225511,-0.0117079242,-0.0102150819,0.8100004196
2006-04-10,44.5993041992,59.5999984741,89.4426879883,12.1899995804,0.0018788638,0.0170915123,0.0015428029,-0.0700006485
2006-04-11,44.7562446594,59.0099983215,88.6843414307,13.0000000000,0.0035127225,-0.0099486558,-0.0085147228,0.8100004196
2006-04-12,44.4842109680,59.4300003052,88.8497924805,12.7600002289,-0.0060966639,0.0070922619,0.0018638793,-0.2399997711
2006-04-13,44.1703720093,59.5000000000,88.7325744629,12.3800001144,-0.0070800687,0.0011771580,-0.0013201540,-0.3800001145
2006-04-17,44.3325309753,61.0900001526,88.6981277466,12.5799999237,0.0036644933,0.0263718766,-0.0003882836,0.1999998093
2006-04-18,44.4109916687,61.8499984741,90.1044998169,11.3999996185,0.0017682578,0.0123638850,0.0157313245,-1.1800003052
2006-04-19,44.1389923096,63.7500000000,90.2768096924,11.3199996948,-0.0061434278,0.0302571099,0.0019105076,-0.0799999237
2006-04-20,44.1023483276,60.9599990845,90.4008789062,11.6400003433,-0.0008305401,-0.0447512877,0.0013733764,0.3200006485
2006-04-21,44.3586769104,63.2000007629,90.4147338867,11.5900001526,0.0057953048,0.0360864169,0.0001532498,-0.0500001907
2006-04-24,44.5365371704,61.6500015259,90.2492370605,11.7500000000,0.0040015764,-0.0248310589,-0.0018320960,0.1599998474
2006-04-25,44.0081977844,62.7799987793,89.8769912720,11.7500000000,-0.0119339824,0.0181632776,-0.0041331717,0.0000000000
2006-04-26,43.9349327087,63.6500015259,89.8976593018,11.7600002289,-0.0016661925,0.0137628170,0.0002299326,0.0100002289
2006-04-27,43.9925079346,62.9599990845,90.3320083618,11.8400001526,0.0013096079,-0.0108997594,0.0048199601,0.0799999237
2006-04-28,44.0238685608,65.0899963379,90.6353302002,11.5900001526,0.0007126089,0.0332712818,0.0033522306,-0.2500000000
2006-05-01,43.6930503845,65.1600036621,89.8976593018,12.5399999619,-0.0075428948,0.0010749686,-0.0081721906,0.9499998093
2006-05-02,43.8085746765,66.5500030518,90.5732955933,11.9899997711,0.0026405077,0.0211077508,0.0074875145,-0.5500001908
2006-05-03,43.7140388489,66.4599990845,90.2354660034,11.9899997711,-0.0021602615,-0.0013533415,-0.0037368762,0.0000000000
2006-05-04,43.6405181885,67.4800033569,90.5594940186,11.8599996567,-0.0016832706,0.0152310583,0.0035844845,-0.1300001144
2006-05-05,43.9031219482,67.9899978638,91.3591842651,11.6199998856,0.0059993975,0.0075292967,0.0087917899,-0.2399997711
2006-05-08,43.9293632507,67.5599975586,91.2488937378,12.0000000000,0.0005975307,-0.0063445483,-0.0012079481,0.3800001144
2006-05-09,43.9031219482,69.6800003052,91.4281387329,11.9899997711,-0.0005975307,0.0308972811,0.0019624257,-0.0100002289
2006-05-10,43.9818992615,70.3799972534,91.3798904419,11.7799997330,0.0017927363,0.0099957559,-0.0005278575,-0.2100000381
2006-05-11,43.7665252686,71.0299987793,90.2768096924,12.4899997711,-0.0049089069,0.0091932130,-0.0121448238,0.7100000381
2006-05-12,43.4042053223,71.1200027466,89.0979995728,14.1899995804,-0.0083129287,0.0012663240,-0.0131437307,1.6999998093
2006-05-15,43.5774841309,67.4100036621,89.2772216797,13.5699996948,0.0039842647,-0.0535752006,0.0020094962,-0.6199998856
2006-05-16,43.9031219482,68.6100006104,89.1462097168,13.3500003815,0.0074448346,0.0176448764,-0.0014685514,-0.2199993133
2006-05-17,43.6300201416,68.1500015259,87.4502639771,16.2600002289,-0.0062399838,-0.0067271251,-0.0192076075,2.9099998474
2006-05-18,44.2234497070,67.4599990845,87.0090789795,16.9899997711,0.0135097360,-0.0101763645,-0.0050577508,0.7299995422
2006-05-19,44.3390007019,65.5800018311,87.6226501465,17.1800003052,0.0026094820,-0.0282640167,0.0070270585,0.1900005341
2006-05-22,44.4335021973,65.3000030518,86.9539337158,17.7199993134,0.0021290721,-0.0042787163,-0.0076610469,0.5399990082
2006-05-23,44.4072685242,66.3799972534,86.2921142578,18.2600002289,-0.0005905774,0.0164036819,-0.0076402629,0.5400009155
2006-05-24,44.4282836914,64.0599975586,86.9815216064,17.3600006104,0.0004731252,-0.0355756588,0.0079574828,-0.8999996185
2006-05-25,44.2549438477,64.6999969482,88.0569763184,15.5000000000,-0.0039091961,0.0099410483,0.0122883624,-1.8600006104
2006-05-26,44.2234497070,65.0999984741,88.5050964355,14.2600002289,-0.0007119058,0.0061633714,0.0050760741,-1.2399997711
2006-05-30,44.2024574280,65.1100006104,86.9332809448,18.6599998474,-0.0004747993,0.0001536308,-0.0179191984,4.3999996185
2006-05-31,43.9398689270,64.2300033569,87.9053039551,16.4400005341,-0.0059583015,-0.0136077131,0.0111192049,-2.2199993133
2006-06-01,44.1359901428,62.5600013733,88.7463760376,14.5200004578,0.0044534687,-0.0263443253,0.0095224505,-1.9200000763
2006-06-02,44.7054328918,63.5000000000,88.9324874878,14.3199996948,0.0128194828,0.0149137877,0.0020949202,-0.2000007630
2006-06-05,44.6474342346,63.2900009155,87.6364288330,16.6499996185,-0.0012981937,-0.0033125526,-0.0146807486,2.3299999237
2006-06-06,44.8583221436,62.5499992371,87.4227447510,17.3400001526,0.0047122846,-0.0117611285,-0.0024412795,0.6900005341
2006-06-07,44.8688507080,62.2799987793,86.7677917480,17.7999992371,0.0002346795,-0.0043258974,-0.0075199962,0.4599990845
2006-06-08,44.9584960938,60.9099998474,86.6919631958,18.3500003815,0.0019959493,-0.0222429650,-0.0008743072,0.5500011444
2006-06-09,45.1957702637,60.4500007629,86.4161987305,18.1200008392,0.0052637491,-0.0075807727,-0.0031860392,-0.2299995423
2006-06-12,45.2326850891,60.0299987793,85.4786224365,20.9599990845,0.0008164427,-0.0069721728,-0.0109088288,2.8399982453
2006-06-13,45.2643127441,55.9199981689,84.4858703613,23.8099994659,0.0006989769,-0.0709223517,-0.0116820090,2.8500003814
2006-06-14,44.8108825684,55.6199989319,85.1408157349,21.4599990845,-0.0100678995,-0.0053792356,0.0077222357,-2.3500003814
2006-06-15,44.5525398254,57.3199996948,86.9469985962,15.8999996185,-0.0057818614,0.0301067680,0.0209921800,-5.5599994660
2006-06-16,44.4523353577,57.6800003052,86.3134613037,17.2500000000,-0.0022516634,0.0062609006,-0.0073131529,1.3500003815
2006-06-19,44.3890571594,56.3600006104,85.6348495483,17.8299999237,-0.0014245209,-0.0231508004,-0.0078932474,0.5799999237
2006-06-20,44.3152580261,57.2999992371,85.9256896973,16.6900005341,-0.0016639360,0.0165409125,0.0033905283,-1.1399993896
2006-06-21,44.3257904053,58.3300018311,86.5627212524,15.5200004578,0.0002376411,0.0178159618,0.0073864029,-1.1700000763
2006-06-22,44.0727310181,57.7299995422,86.1818847656,15.8800001144,-0.0057254369,-0.0103396110,-0.0044092503,0.3599996566
2006-06-23,43.9830932617,57.9900016785,86.1680450439,15.8900003433,-0.0020359309,0.0044936497,-0.0001606003,0.0100002289
2006-06-26,43.8987503052,58.2799987793,86.5488891602,15.6199998856,-0.0019194632,0.0049883495,0.0044100451,-0.2700004577
2006-06-27,44.1149253845,57.6800003052,85.8010482788,16.3999996185,0.0049123165,-0.0103484621,-0.0086782228,0.7799997329
2006-06-28,43.8828926086,57.5400009155,86.3826904297,15.7899999619,-0.0052736152,-0.0024301242,0.0067560894,-0.6099996566
2006-06-29,44.0305519104,59.5200004578,88.1276397705,13.0299997330,0.0033592004,0.0338320242,0.0199989020,-2.7600002289
2006-06-30,44.4575958252,61.2299995422,88.1345672607,13.0799999237,0.0096520775,0.0283248598,0.0000786044,0.0500001907
2006-07-03,44.4137306213,62.1800003052,88.4946594238,13.0500001907,-0.0009871622,0.0153961515,0.0040773848,-0.0299997330
2006-07-05,44.0590400696,62.5000000000,87.9891510010,14.1499996185,-0.0080181156,0.0051331472,-0.0057286819,1.0999994278
2006-07-06,44.3289871216,63.0200004578,88.2453918457,13.6499996185,0.0061082457,0.0082855869,0.0029079546,-0.5000000000
2006-07-07,44.6147918701,62.6300010681,87.6706542969,13.9700002670,0.0064266604,-0.0062077300,-0.0065342487,0.3200006485
2006-07-10,44.6571922302,62.0200004578,87.8368453979,14.0200004578,0.0009499142,-0.0097874925,0.0018938353,0.0500001908
2006-07-11,44.8001022339,63.8100013733,88.2245941162,13.1400003433,0.0031950469,0.0284530183,0.0044047049,-0.8800001145
2006-07-12,44.8106651306,64.9199981689,87.2828826904,14.4899997711,0.0002357506,0.0172457750,-0.0107313999,1.3499994278
2006-07-13,44.9853401184,65.5500030518,85.8633651733,17.7900009155,0.0038904895,0.0096575423,-0.0163971133,3.3000011444
2006-07-14,45.0117874146,65.8499984741,85.5310058594,18.0499992371,0.0005877365,0.0045661483,-0.0038783039,0.2599983216
2006-07-17,45.0806045532,63.9500007629,85.4063415527,18.6399993896,0.0015277017,-0.0292778651,-0.0014585967,0.5900001525
2006-07-18,44.6942024231,62.9000015259,85.8425827026,17.7399997711,-0.0086083063,-0.0165553520,0.0050948302,-0.8999996185
2006-07-19,45.1176338196,64.0299987793,87.0336151123,15.5500001907,0.0094293704,0.0178055165,0.0137792394,-2.1899995804
2006-07-20,45.2500000000,62.5400009155,86.4381027222,16.2099990845,0.0029295063,-0.0235453378,-0.0068658423,0.6599988938
2006-07-21,45.1652717590,61.7099990845,85.8287277222,17.3999996185,-0.0018742025,-0.0133603892,-0.0070748099,1.1900005340
2006-07-24,45.1388473511,61.1399993896,87.3936691284,14.9799995422,-0.0005852315,-0.0092796710,0.0180690720,-2.4200000763
2006-07-25,45.0065155029,61.5499992371,87.7052764893,14.8500003815,-0.0029359678,0.0066835338,0.0035592183,-0.1299991607
2006-07-26,45.1705627441,62.0000000000,87.8230056763,14.6199998856,0.0036383397,0.0072845448,0.0013414272,-0.2300004959
2006-07-27,45.1017761230,62.9000015259,87.7398910522,14.9399995804,-0.0015239803,0.0144118029,-0.0009468359,0.3199996948
2006-07-28,45.3611259460,63.1100006104,88.6193084717,14.3299999237,0.0057338539,0.0033330573,0.0099731084,-0.6099996567
2006-07-31,45.4193572998,63.1599998474,88.5292816162,14.9499998093,0.0012829049,0.0007919417,-0.0010163994,0.6199998856
2006-08-01,45.4151153564,64.3199996948,88.0930328369,15.0500001907,-0.0000933994,0.0181994332,-0.0049399156,0.1000003814
2006-08-02,45.5851478577,64.7500000000,88.6885681152,14.3400001526,0.0037369716,0.0066630805,0.0067375511,-0.7100000381
2006-08-03,45.5957832336,64.1200027466,88.9239273071,14.4600000381,0.0002332807,-0.0097773300,0.0026502564,0.1199998855
2006-08-04,45.8721427917,64.2799987793,88.7716140747,14.3400001526,0.0060427827,0.0024921513,-0.0017143173,-0.1199998855
2006-08-07,45.8987197876,64.5000000000,88.5639114380,15.2299995422,0.0005792034,0.0034167019,-0.0023424831,0.8899993896
2006-08-08,45.7977027893,63.9700012207,88.2245941162,15.2299995422,-0.0022032929,-0.0082509813,-0.0038386855,0.0000000000
2006-08-09,45.6489334106,64.6299972534,87.9268493652,15.1999998093,-0.0032536902,0.0102644142,-0.0033805574,-0.0299997329
2006-08-10,45.5798530579,63.2500000000,88.1969223022,14.4600000381,-0.0015144423,-0.0215835292,0.0030668563,-0.7399997712
2006-08-11,45.3832092285,62.7099990845,87.9476013184,14.3000001907,-0.0043236041,-0.0085742177,-0.0028308703,-0.1599998474
2006-08-14,45.3034896851,62.2500000000,88.0168609619,14.2600002289,-0.0017581313,-0.0073623746,0.0007872004,-0.0399999618
2006-08-15,45.6861114502,62.0099983215,89.0693817139,13.4200000763,0.0084102802,-0.0038629001,0.0118872379,-0.8400001526
2006-08-16,45.9943428040,62.4900016785,89.8103103638,12.4099998474,0.0067240617,0.0077109355,0.0082841476,-1.0100002289
2006-08-17,45.9783935547,61.0299987793,90.0388183594,12.2399997711,-0.0003468256,-0.0236410442,0.0025411090,-0.1700000763
2006-08-18,46.1112403870,61.0400009155,90.4958114624,11.6400003433,0.0028851657,0.0001638754,0.0050626750,-0.5999994278
2006-08-21,46.2759933472,62.4399986267,90.1080551147,12.2200002670,0.0035665779,0.0226766717,-0.0042940049,0.5799999237
2006-08-22,46.2919616699,62.0499992371,90.1011276245,12.1899995804,0.0003450076,-0.0062655743,-0.0000768828,-0.0300006866
2006-08-23,46.3132324219,61.8300018311,89.8518524170,12.3999996185,0.0004593857,-0.0035517862,-0.0027704500,0.2100000381
2006-08-24,46.3982353210,61.7500000000,89.7756805420,12.3999996185,0.0018337089,-0.0012947377,-0.0008481092,0.0000000000
2006-08-25,46.4673309326,61.7700004578,89.8864822388,12.3100004196,0.0014880785,0.0003238416,0.0012334451,-0.0899991989
2006-08-28,46.5098114014,61.0000000000,90.3157730103,12.1800003052,0.0009137831,-0.0125439529,0.0047645528,-0.1300001144
2006-08-29,46.5736198425,60.9399986267,90.4196548462,12.2799997330,0.0013709948,-0.0009841132,0.0011495460,0.0999994278
2006-08-30,46.6958694458,61.4199981689,90.4750823975,12.2200002670,0.0026214290,0.0078457342,0.0006128155,-0.0599994660
2006-08-31,46.8074188232,62.2900009155,90.4612121582,12.3100004196,0.0023860002,0.0140654288,-0.0001533163,0.0900001526
2006-09-01,46.8234558105,62.1399993896,91.0013275146,11.9600000381,0.0003425577,-0.0024110198,0.0059529306,-0.3500003815
2006-09-05,46.5299720764,63.3600006104,91.1744689941,12.6300001144,-0.0062876042,0.0194428630,0.0019008182,0.6700000763
2006-09-06,46.4659271240,62.8600006104,90.3711700439,13.7399997711,-0.0013773718,-0.0079227161,-0.0088496116,1.1099996567
2006-09-07,46.5566291809,61.2500000000,89.9557342529,13.8800001144,0.0019501095,-0.0259461917,-0.0046075934,0.1400003433
2006-09-08,46.5940055847,60.6399993896,90.2119140625,13.1599998474,0.0008024939,-0.0100091182,0.0028437956,-0.7200002670
2006-09-11,46.5513153076,58.5000000000,90.3019332886,12.9899997711,-0.0009166382,-0.0359279770,0.0009973665,-0.1700000763
2006-09-12,46.7860946655,58.3199996948,91.1882629395,11.9200000763,0.0050307771,-0.0030816718,0.0097673231,-1.0699996948
2006-09-13,46.8073921204,58.6199989319,91.5552673340,11.1800003052,0.0004551055,0.0051308346,0.0040166116,-0.7399997711
2006-09-14,46.7007217407,57.1899986267,91.5621948242,11.5500001907,-0.0022815224,-0.0246968831,0.0000756617,0.3699998855
2006-09-15,46.6633720398,57.4000015259,91.7770690918,11.7600002289,-0.0008000871,0.0036652960,0.0023440082,0.2100000382
2006-09-18,46.5886840820,58.2299995422,91.9023056030,11.7799997330,-0.0016018515,0.0143563481,0.0013636428,0.0199995041
2006-09-19,47.1115303040,56.9199981689,91.6727600098,11.9799995422,0.0111600950,-0.0227539369,-0.0025008376,0.1999998092
2006-09-20,47.1809310913,57.2599983215,92.1595993042,11.3900003433,0.0014720328,0.0059555293,0.0052965695,-0.5899991989
2006-09-21,47.6130599976,57.9500007629,91.7144699097,12.2500000000,0.0091172846,0.0119783126,-0.0048416861,0.8599996567
2006-09-22,47.8478126526,58.5000000000,91.4363327026,12.5900001526,0.0049183110,0.0094461713,-0.0030372504,0.3400001526
2006-09-25,48.1839599609,58.5000000000,92.1387481689,12.1199998856,0.0070007805,0.0000000000,0.0076526606,-0.4700002670
2006-09-26,47.9811782837,58.7400016785,92.9038238525,11.5299997330,-0.0042173699,0.0040942001,0.0082692327,-0.5900001526
2006-09-27,47.8424797058,59.8100013733,93.0150527954,11.5799999237,-0.0028948733,0.0180519397,0.0011965321,0.0500001907
2006-09-28,47.7624931335,59.7900009155,92.9803161621,11.7200002670,-0.0016732726,-0.0003344558,-0.0003735215,0.1400003433
2006-09-29,47.7037582397,59.4700012207,92.9038238525,11.9799995422,-0.0012304851,-0.0053664340,-0.0008230107,0.2599992752
2006-10-02,47.8344841003,59.1500015259,92.5560455322,12.5699996948,0.0027366202,-0.0053953880,-0.0037504472,0.5900001526
2006-10-03,47.7702407837,57.1100006104,92.7507934570,12.2399997711,-0.0013439362,-0.0350973729,0.0021018976,-0.3299999237
2006-10-04,48.1183853149,56.3699989319,93.8357543945,11.8599996567,0.0072614673,-0.0130421602,0.0116297041,-0.3800001144
2006-10-05,47.7809257507,56.9199981689,94.0165939331,11.9799995422,-0.0070378182,0.0097096579,0.0019253376,0.1199998855
2006-10-06,47.2827110291,56.9900016785,93.8983535767,11.5600004196,-0.0104818057,0.0012291022,-0.0012584456,-0.4199991226
2006-10-09,47.4112854004,57.2000007629,93.9540176392,11.6800003052,0.0027155777,0.0036780684,0.0005926363,0.1199998856
2006-10-10,47.0363197327,57.0000000000,94.0791778564,11.5200004578,-0.0079402254,-0.0035026439,0.0013312568,-0.1599998474
2006-10-11,46.8970565796,56.8800010681,93.9678802490,11.6199998856,-0.0029651496,-0.0021074636,-0.0011837209,0.0999994278
2006-10-12,46.9238014221,57.4900016785,94.7816162109,11.0900001526,0.0005701257,0.0106672446,0.0086224442,-0.5299997330
2006-10-13,46.6881752014,58.5699996948,95.0250625610,10.7500000000,-0.0050341148,0.0186115661,0.0025652046,-0.3400001526
2006-10-16,46.8970565796,59.1699981689,95.1710891724,11.0900001526,0.0044639891,0.0101920109,0.0015355373,0.3400001526
2006-10-17,46.9345321655,58.6500015259,94.8720169067,11.7299995422,0.0007987840,-0.0088270246,-0.0031474176,0.6399993896
2006-10-18,47.0309944153,58.5900001526,94.9972229004,11.3400001526,0.0020531420,-0.0010235650,0.0013188657,-0.3899993896
2006-10-19,46.9453086853,59.4099998474,95.1502380371,10.8999996185,-0.0018235609,0.0138985236,0.0016094369,-0.4400005341
2006-10-20,46.8970565796,58.7799987793,95.1710891724,10.6300001144,-0.0010283652,-0.0106609196,0.0002191151,-0.2699995041
2006-10-23,46.7095794678,57.7599983215,95.6092529297,11.0799999237,-0.0040056426,-0.0175051747,0.0045933928,0.4499998093
2006-10-24,46.7095794678,58.1699981689,95.8944015503,10.7799997330,0.0000000000,0.0070732609,0.0029779988,-0.3000001907
2006-10-25,47.0791854858,58.7599983215,96.2212905884,10.6599998474,0.0078817102,0.0100915963,0.0034030469,-0.1199998856
2006-10-26,47.3845252991,59.2900009155,96.5203933716,10.5600004196,0.0064647233,0.0089793504,0.0031036672,-0.0999994278
2006-10-27,47.6041259766,59.4000015259,95.9152755737,10.8000001907,0.0046237327,0.0018535789,-0.0062890606,0.2399997711
2006-10-30,47.7380599976,59.9000015259,95.8457031250,11.1999998093,0.0028095456,0.0083822785,-0.0007256164,0.3999996186
2006-10-31,48.1076431274,60.2400016785,95.8318481445,11.1000003815,0.0077120820,0.0056600808,-0.0001445655,-0.0999994278
2006-11-01,48.3738288879,61.3600006104,95.1850051880,11.5100002289,0.0055178768,0.0184215557,-0.0067726530,0.4099998474
2006-11-02,48.1748733521,61.9199981689,95.1293716431,11.4200000763,-0.0041213566,0.0090850327,-0.0005846489,-0.0900001526
2006-11-03,47.6049003601,62.2999992371,94.9624786377,11.1599998474,-0.0119018807,0.0061182138,-0.0017559201,-0.2600002289
2006-11-06,47.7447052002,61.8899993896,96.0335311890,11.1599998474,0.0029324702,-0.0066028077,0.0112155618,0.0000000000
2006-11-07,47.9651489258,62.0400009155,96.4021377563,11.0900001526,0.0046065082,0.0024207472,0.0038309636,-0.0699996948
2006-11-08,48.1372528076,61.1100006104,96.6107940674,10.7500000000,0.0035816808,-0.0151038242,0.0021620975,-0.3400001526
2006-11-09,48.1103401184,62.9500007629,96.1030349731,11.0100002289,-0.0005592387,0.0296652437,-0.0052695779,0.2600002289
2006-11-10,48.3200492859,62.4900016785,96.1447830200,10.7899999619,0.0043494483,-0.0073342018,0.0004343149,-0.2200002670
2006-11-13,48.3093070984,62.1899986267,96.3812408447,10.8599996567,-0.0002223380,-0.0048123778,0.0024563738,0.0699996948
2006-11-14,48.4974822998,61.6300010681,97.1045684814,10.5000000000,0.0038876496,-0.0090454107,0.0074768378,-0.3599996567
2006-11-15,48.3146934509,61.8400001526,97.3827896118,10.3100004196,-0.0037761586,0.0034016244,0.0028610736,-0.1899995804
2006-11-16,48.0942382812,61.3100013733,97.6331481934,10.1599998474,-0.0045733429,-0.0086074226,0.0025675719,-0.1500005722
2006-11-17,48.3684501648,61.7799987793,97.6609878540,10.0500001907,0.0056853614,0.0076366836,0.0002851049,-0.1099996567
2006-11-20,48.4437370300,61.7700004578,97.7165985107,9.9700002670,0.0015553182,-0.0001618506,0.0005692634,-0.0799999237
2006-11-21,48.5620613098,62.2700004578,97.8139419556,9.8999996185,0.0024395313,0.0080619591,0.0009956854,-0.0700006485
2006-11-22,48.6426963806,62.5000000000,98.0087051392,10.1400003433,0.0016590770,0.0036867805,0.0019891800,0.2400007248
2006-11-24,48.7287254333,63.5000000000,97.6122970581,10.7299995422,0.0017670292,0.0158733492,-0.0040528227,0.5899991989
2006-11-27,48.9061813354,63.7000007629,96.2699661255,12.3000001907,0.0036350953,0.0031446687,-0.0138470880,1.5700006485
2006-11-28,49.0083389282,63.5699996948,96.6872711182,11.6199998856,0.0020866697,-0.0020429184,0.0043253692,-0.6800003051
2006-11-29,48.8954467773,63.1599998474,97.6957397461,10.8299999237,-0.0023061866,-0.0064704692,0.0103761915,-0.7899999619
2006-11-30,49.2180709839,64.3899993896,97.7374496460,10.9099998474,0.0065765733,0.0192871451,0.0004268456,0.0799999237
2006-12-01,49.3432960510,64.1200027466,97.5218582153,11.6599998474,0.0025410592,-0.0042019615,-0.0022082586,0.7500000000
2006-12-04,49.4296531677,64.1200027466,98.2660598755,11.2299995422,0.0017485990,0.0000000000,0.0076021570,-0.4300003052
2006-12-05,49.1975669861,63.8100013733,98.6902770996,11.2700004578,-0.0047063399,-0.0048464312,0.0043077353,0.0400009156
2006-12-06,49.1004066467,62.6899986267,98.6068496704,11.3299999237,-0.0019768540,-0.0177080160,-0.0008457035,0.0599994659
2006-12-07,49.0626029968,62.7299995422,98.1756362915,12.6700000763,-0.0007702219,0.0006378714,-0.0043826468,1.3400001526
2006-12-08,48.7063865662,62.0499992371,98.3564605713,12.0699996948,-0.0072869324,-0.0108992955,0.0018401506,-0.6000003815
2006-12-11,48.9169006348,62.5699996948,98.6416473389,10.7100000381,0.0043127905,0.0083454258,0.0028953270,-1.3599996567
2006-12-12,49.0194625854,62.5200004578,98.5650863647,10.6499996185,0.0020944618,-0.0007994123,-0.0007764540,-0.0600004196
2006-12-13,48.5822792053,62.4799995422,98.6694107056,10.1800003052,-0.0089585759,-0.0006400147,0.0010578712,-0.4699993133
2006-12-14,48.4041328430,62.1199989319,99.5387802124,9.9700002670,-0.0036736396,-0.0057785171,0.0087723426,-0.2100000382
2006-12-15,48.4311332703,61.0000000000,99.5478591919,10.0500001907,0.0005576569,-0.0181941169,0.0000912063,0.0799999237
2006-12-18,48.4472885132,61.0400009155,99.2751464844,10.6000003815,0.0003335158,0.0006555378,-0.0027432729,0.5500001908
2006-12-19,48.3825531006,61.7999992371,99.4639511108,10.3000001907,-0.0013370965,0.0123739501,0.0019000256,-0.3000001908
2006-12-20,48.3771362305,61.6199989319,99.4080123901,10.2600002289,-0.0001119654,-0.0029168763,-0.0005625602,-0.0399999618
2006-12-21,48.6200752258,61.3800010681,99.0443496704,10.5299997330,0.0050092059,-0.0039024092,-0.0036649917,0.2699995041
2006-12-22,48.2476158142,61.6500015259,98.4358749390,11.3599996567,-0.0076901027,0.0043891878,-0.0061624060,0.8299999237
2006-12-26,48.3933525085,61.9799995422,99.0163726807,11.2600002289,0.0030160460,0.0053384906,0.0058798967,-0.0999994278
2006-12-27,48.0375137329,62.2200012207,99.6667556763,10.6400003433,-0.0073802177,0.0038647661,0.0065469607,-0.6199998856
2006-12-28,47.9292297363,62.9000015259,99.4569320679,10.9899997711,-0.0022566993,0.0108696769,-0.0021074709,0.3499994278
2006-12-29,47.8913154602,63.2099990845,99.0443496704,11.5600004196,-0.0007913601,0.0049163140,-0.0041569806,0.5700006485
2007-01-03,48.2324905396,62.2799987793,98.8694763184,12.0399999619,0.0070986892,-0.0148221746,-0.0017671671,0.4799995423
2007-01-04,48.5249252319,61.6500015259,99.0792846680,11.5100002289,0.0060447167,-0.0101670730,0.0021198256,-0.5299997330
2007-01-05,48.3137245178,60.1699981689,98.2890167236,12.1400003433,-0.0043619164,-0.0242993956,-0.0080080962,0.6300001144
2007-01-08,48.4003868103,60.4799995422,98.7435836792,12.0000000000,0.0017921338,0.0051388655,0.0046141376,-0.1400003433
2007-01-09,48.4003868103,60.8499984741,98.6597442627,11.9099998474,0.0000000000,0.0060990701,-0.0008494226,-0.0900001526
2007-01-10,48.1837615967,60.5900001526,98.9883956909,11.4700002670,-0.0044857377,-0.0042819289,0.0033256243,-0.4399995804
2007-01-11,47.9021186829,60.6300010681,99.4219741821,10.8699998856,-0.0058623331,0.0006599722,0.0043705294,-0.6000003814
2007-01-12,47.6800765991,62.1699981689,100.1773300171,10.1499996185,-0.0046461055,0.0250827011,0.0075687583,-0.7200002671
2007-01-16,47.7829742432,61.9700012207,99.9814987183,10.7399997711,0.0021557594,-0.0032221222,-0.0019567597,0.5900001526
2007-01-17,47.6367988586,62.6399993896,100.0234603882,10.5900001526,-0.0030638408,0.0107536253,0.0004196063,-0.1499996185
2007-01-18,47.7829742432,62.2599983215,99.6877441406,10.8500003815,0.0030638408,-0.0060849039,-0.0033620203,0.2600002289
2007-01-19,47.6530113220,63.0000000000,99.8835678101,10.3999996185,-0.0027235639,0.0118155883,0.0019624437,-0.4500007630
2007-01-22,47.7667236328,62.7200012207,99.5758743286,10.7700004578,0.0023834140,-0.0044543309,-0.0030852761,0.3700008393
2007-01-23,47.4526443481,64.2300033569,99.8695755005,10.3400001526,-0.0065969861,0.0237900480,0.0029451801,-0.4300003052
2007-01-24,47.4472389221,64.3300018311,100.6738662720,9.8900003433,-0.0001139185,0.0015556704,0.0080211557,-0.4499998093
2007-01-25,47.1060295105,64.0599975586,99.4919204712,11.2200002670,-0.0072173262,-0.0042060078,-0.0118098058,1.3299999237
2007-01-26,47.0681037903,64.1699981689,99.4010162354,11.1300001144,-0.0008054382,0.0017156772,-0.0009141023,-0.0900001526
2007-01-29,46.9652214050,63.7700004578,99.3450698853,11.4499998093,-0.0021882120,-0.0062529157,-0.0005629932,0.3199996949
2007-01-30,47.0193672180,64.2200012207,99.8625411987,10.9600000381,0.0011522276,0.0070318402,0.0051953083,-0.4899997712
2007-01-31,47.4147109985,64.8300018311,100.5340042114,10.4200000763,0.0083729539,0.0094537798,0.0067013683,-0.5399999618
2007-02-01,47.3575820923,65.2200012207,101.1354293823,10.3100004196,-0.0012056037,0.0059977016,0.0059644830,-0.1099996567
2007-02-02,47.4174041748,64.2799987793,101.2753677368,10.0799999237,0.0012624025,-0.0145176672,0.0013827165,-0.2300004959
2007-02-05,47.4826889038,64.3099975586,101.3033142090,10.5500001907,0.0013758625,0.0004665803,0.0002759073,0.4700002670
2007-02-06,47.7437133789,64.7900009155,101.3312683105,10.6499996185,0.0054822008,0.0074361824,0.0002759065,0.0999994278
2007-02-07,47.8850936890,64.6299972534,101.5550765991,10.3199996948,0.0029568582,-0.0024726278,0.0022062439,-0.3299999237
2007-02-08,47.9231681824,65.5199966431,101.4221954346,10.4399995804,0.0007948061,0.0136767315,-0.0013093208,0.1199998856
2007-02-09,47.6512336731,66.1200027466,100.6668777466,11.1000003815,-0.0056905455,0.0091159262,-0.0074751316,0.6600008011
2007-02-12,47.5424804688,65.6699981689,100.3241729736,11.6099996567,-0.0022848830,-0.0068291422,-0.0034101529,0.5099992752
2007-02-13,47.4391860962,65.8399963379,101.1704559326,10.3400001526,-0.0021750390,0.0025853284,0.0084001042,-1.2699995041
2007-02-14,47.8905220032,66.3700027466,101.8348236084,10.2299995422,0.0094690163,0.0080176878,0.0065453475,-0.1100006104
2007-02-15,48.0319061279,66.4100036621,101.9676818848,10.2200002670,0.0029478867,0.0006025142,0.0013037945,-0.0099992752
2007-02-16,48.2004547119,66.3600006104,101.9186935425,10.0200004578,0.0035029538,-0.0007532282,-0.0004805455,-0.1999998092
2007-02-20,48.3092422485,65.3099975586,102.1354904175,10.2399997711,0.0022544384,-0.0159493480,0.0021248960,0.2199993133
2007-02-21,48.2276802063,67.3499984741,102.0935821533,10.1999998093,-0.0016897589,0.0307577537,-0.0004104045,-0.0399999618
2007-02-22,47.9666442871,67.1500015259,102.0166473389,10.1800003052,-0.0054272757,-0.0029739345,-0.0007538556,-0.0199995041
2007-02-23,48.3092422485,67.7200012207,101.6179809570,10.5799999237,0.0071170346,0.0084526296,-0.0039155118,0.3999996185
2007-02-26,48.6300544739,68.0999984741,101.5270919800,11.1499996185,0.0066188513,0.0055956155,-0.0008948185,0.5699996948
2007-02-27,49.2444992065,65.4100036621,97.5616836548,18.3099994659,0.0125559256,-0.0403019828,-0.0398408481,7.1599998474
2007-02-28,49.0215721130,66.4800033569,98.5617599487,15.4200000763,-0.0045372217,0.0162259931,0.0101985254,-2.8899993896
2007-03-01,48.9904747009,65.8199996948,98.2680435181,15.8199996948,-0.0006345631,-0.0099774622,-0.0029844733,0.3999996185
2007-03-02,49.2360687256,63.7099990845,96.9812088013,18.6100006104,0.0050005737,-0.0325822171,-0.0131816469,2.7900009156
2007-03-05,49.3179969788,62.9300003052,96.0580368042,19.6299991608,0.0016626056,-0.0123185194,-0.0095646772,1.0199985504
2007-03-06,49.1706352234,64.1500015259,97.7015762329,15.9600000381,-0.0029924645,0.0192011125,0.0169651335,-3.6699991227
2007-03-07,49.3616409302,64.3000030518,97.6036224365,15.2399997711,0.0038770229,0.0023355639,-0.0010030845,-0.7200002670
2007-03-08,49.3179969788,64.4800033569,98.4288940430,14.2899999619,-0.0008845585,0.0027954716,0.0084197917,-0.9499998092
2007-03-09,48.7994155884,64.2500000000,98.4568710327,14.0900001526,-0.0105707276,-0.0035734265,0.0002841952,-0.1999998093
2007-03-12,48.9904747009,64.3700027466,98.6037521362,13.9899997711,0.0039075482,0.0018660050,0.0014907202,-0.1000003815
2007-03-13,49.2852172852,63.7200012207,96.6874771118,18.1299991608,0.0059982985,-0.0101492245,-0.0196254234,4.1399993897
2007-03-14,49.0614051819,63.9399986267,97.4078369141,17.2700004578,-0.0045515033,0.0034466180,0.0074227769,-0.8599987030
2007-03-15,49.0559272766,63.9799995422,97.5407257080,16.4300003052,-0.0001116603,0.0006254052,0.0013633218,-0.8400001526
2007-03-16,49.0450706482,64.6200027466,97.2675399780,16.7900009155,-0.0002213357,0.0099534755,-0.0028046645,0.3600006103
2007-03-19,48.9413375854,64.7399978638,98.4401245117,14.5900001526,-0.0021172957,0.0018552126,0.0119831645,-2.2000007629
2007-03-20,48.9686470032,65.2699966431,98.9808197021,13.2700004578,0.0005578475,0.0081532457,0.0054776006,-1.3199996948
2007-03-21,48.9904747009,65.8199996948,100.6097488403,12.1899995804,0.0004456491,0.0083912777,0.0163230690,-1.0800008774
2007-03-22,48.6029243469,65.7600021362,100.5324859619,12.9300003052,-0.0079421845,-0.0009119556,-0.0007682413,0.7400007248
2007-03-23,48.4664344788,65.1500015259,100.6799697876,12.9499998093,-0.0028122151,-0.0093194562,0.0014659515,0.0199995041
2007-03-26,48.5264816284,65.8399963379,100.5465393066,13.1599998474,0.0012381761,0.0105351738,-0.0013261722,0.2100000381
2007-03-27,48.4446220398,65.6999969482,100.3078536987,13.4799995422,-0.0016883299,-0.0021286217,-0.0023767040,0.3199996948
2007-03-28,48.3463363647,66.0500030518,99.5776214600,14.9799995422,-0.0020308862,0.0053131981,-0.0073065388,1.5000000000
2007-03-29,48.2808303833,65.6500015259,99.6828918457,15.1400003433,-0.0013558504,-0.0060744532,0.0010566107,0.1600008011
2007-03-30,48.1880302429,65.7399978638,99.7040023804,14.6400003433,-0.0019239404,0.0013699117,0.0002117545,-0.5000000000
2007-04-02,48.2680244446,65.8499984741,99.8163223267,14.5299997330,0.0016586666,0.0016718693,0.0011258999,-0.1100006103
2007-04-03,48.2077865601,65.8300018311,100.8905944824,13.4600000381,-0.0012487667,-0.0003037157,0.0107049865,-1.0699996949
2007-04-04,48.2570838928,66.8099975586,101.0029678345,13.2399997711,0.0010220785,0.0147770441,0.0011131941,-0.2200002670
2007-04-05,48.0762825012,66.8600006104,101.2768249512,13.2299995422,-0.0037536652,0.0007481567,0.0027077078,-0.0100002289
2007-04-09,47.7584991455,66.5299987793,101.4172058105,13.1400003433,-0.0066319245,-0.0049479347,0.0013851506,-0.0899991989
2007-04-10,47.9009513855,67.1600036621,101.5365524292,12.6800003052,0.0029783225,0.0094249313,0.0011760968,-0.4600000381
2007-04-11,47.8681373596,67.0800018311,101.1223526001,13.4899997711,-0.0006852739,-0.0011919225,-0.0040876606,0.8099994659
2007-04-12,47.8790473938,66.9899978638,101.5717239380,12.7100000381,0.0002278925,-0.0013426416,0.0044339932,-0.7799997330
2007-04-13,47.7311477661,67.8399963379,102.0351181030,12.1999998093,-0.0030938070,0.0126086149,0.0045518604,-0.5100002288
2007-04-16,47.9940681458,68.4000015259,103.0040588379,11.9799995422,0.0054932452,0.0082209094,0.0094513445,-0.2200002671
2007-04-17,48.2625808716,68.0000000000,103.2778930664,12.1400003433,0.0055791143,-0.0058651418,0.0026549525,0.1600008011
2007-04-18,48.5036354065,68.3799972534,103.4042739868,12.4200000763,0.0049822147,0.0055726389,0.0012229496,0.2799997330
2007-04-19,48.4214744568,67.5299987793,103.3761825562,12.5399999619,-0.0016953495,-0.0125084185,-0.0002717030,0.1199998856
2007-04-20,48.2954559326,68.6999969482,104.3521804810,12.0699996948,-0.0026059263,0.0171772293,0.0093969364,-0.4700002671
2007-04-23,48.4707870483,68.2600021362,103.9589843750,13.0399999619,0.0036238114,-0.0064251800,-0.0037750888,0.9700002671
2007-04-24,48.6515617371,67.7300033569,104.0010757446,13.1199998856,0.0037226220,-0.0077947120,0.0004048024,0.0799999237
2007-04-25,48.4817352295,67.8899993896,104.9560165405,13.2100000381,-0.0034967758,0.0023594765,0.0091401295,0.0900001525
2007-04-26,48.1311225891,66.8700027466,105.0753479004,12.7899999619,-0.0072581267,-0.0151382622,0.0011363195,-0.4200000762
2007-04-27,48.1200981140,67.5599975586,104.9911117554,12.4499998093,-0.0002290771,0.0102655787,-0.0008019952,-0.3400001526
2007-04-30,48.6241722107,67.0899963379,104.1204910278,14.2200002670,0.0104208478,-0.0069811088,-0.0083269005,1.7700004577
2007-05-01,48.6593742371,66.6900024414,104.3872451782,13.5100002289,0.0007236995,-0.0059798937,0.0025586993,-0.7100000381
2007-05-02,48.6318931580,66.6600036621,104.9980926514,13.0799999237,-0.0005649239,-0.0004499254,0.0058346894,-0.4300003052
2007-05-03,48.5219116211,67.4899978638,105.5668945312,13.0900001526,-0.0022640716,0.0123742793,0.0054026386,0.0100002289
2007-05-04,48.7198143005,68.1900024414,105.9670639038,12.9099998474,0.0040703299,0.0103185552,0.0037835046,-0.1800003052
2007-05-07,48.8518295288,68.2500000000,105.9881362915,13.1499996185,0.0027060179,0.0008794717,0.0001988381,0.2399997711
2007-05-08,48.7418327332,67.8799972534,105.8477401733,13.2100000381,-0.0022541800,-0.0054360342,-0.0013255180,0.0600004196
2007-05-09,48.5494041443,67.4499969482,106.1356048584,12.8800001144,-0.0039557281,-0.0063548625,0.0027159196,-0.3299999237
2007-05-10,48.6648902893,66.0000000000,105.0262145996,13.6000003815,0.0023759098,-0.0217317954,-0.0105075858,0.7200002671
2007-05-11,48.4944152832,66.4499969482,105.9249496460,12.9499998093,-0.0035091890,0.0067949972,0.0085208393,-0.6500005722
2007-05-14,48.3679542542,66.2799987793,105.6932449341,13.9600000381,-0.0026111503,-0.0025615651,-0.0021898382,1.0100002288
2007-05-15,48.3514366150,66.5400009155,105.7213516235,14.0100002289,-0.0003415580,0.0039151102,0.0002658917,0.0500001908
2007-05-16,48.3184509277,65.5999984741,106.4445114136,13.5000000000,-0.0006824398,-0.0142276117,0.0068169552,-0.5100002289
2007-05-17,48.1205062866,65.0599975586,106.2339324951,13.5100002289,-0.0041050821,-0.0082657892,-0.0019802570,0.0100002289
2007-05-18,47.8015251160,65.5199966431,107.1607589722,12.7600002289,-0.0066508672,0.0070455048,0.0086865545,-0.7500000000
2007-05-21,47.9444999695,65.6699981689,107.1046066284,13.3000001907,0.0029865461,0.0022867840,-0.0005241383,0.5399999618
2007-05-22,47.6970405579,65.1999969482,107.0202636719,13.0600004196,-0.0051747381,-0.0071827502,-0.0007877923,-0.2399997711
2007-05-23,47.5595970154,65.5400009155,107.0343704224,13.2399997711,-0.0028857546,0.0052012351,0.0001318051,0.1799993515
2007-05-24,47.6035728455,64.7500000000,106.0654144287,14.0799999237,0.0009242196,-0.0121269567,-0.0090939808,0.8400001526
2007-05-25,47.4936141968,64.9400024414,106.5077285767,13.3400001526,-0.0023125542,0.0029301037,0.0041615303,-0.7399997711
2007-05-29,47.4880943298,65.0699996948,106.8938903809,13.5299997330,-0.0001162301,0.0019998045,0.0036191124,0.1899995804
2007-05-30,47.5871353149,64.7200012207,107.7645187378,12.8299999237,0.0020834243,-0.0053933172,0.0081118008,-0.6999998093
2007-05-31,47.4991149902,65.5400009155,107.6522140503,13.0500001907,-0.0018513791,0.0125903656,-0.0010426739,0.2200002670
2007-06-01,47.2495613098,66.4400024414,108.1858444214,12.7799997330,-0.0052677096,0.0136386643,0.0049447392,-0.2700004577
2007-06-04,47.4648818970,66.5400009155,108.1998443604,13.2899999619,0.0045467397,0.0015039629,0.0001293980,0.5100002289
2007-06-05,47.1667594910,66.3700027466,107.7716293335,13.6300001144,-0.0063007127,-0.0025580958,-0.0039654829,0.3400001525
2007-06-06,47.1446838379,66.4100036621,106.6130218506,14.8699998856,-0.0004681437,0.0006025142,-0.0108087846,1.2399997712
2007-06-07,46.3000602722,65.2600021362,104.6892318726,17.0599994659,-0.0180779899,-0.0174683788,-0.0182093953,2.1899995803
2007-06-08,46.2613983154,64.2200012207,106.0513534546,14.8400001526,-0.0008353792,-0.0160646162,0.0129271782,-2.2199993133
2007-06-11,46.1289062500,64.6999969482,106.2339324951,14.7100000381,-0.0028680965,0.0074464467,0.0017201294,-0.1300001145
2007-06-12,45.4609680176,64.0999984741,105.0753479004,16.6700000763,-0.0145856751,-0.0093168142,-0.0109658809,1.9600000382
2007-06-13,46.0020027161,64.5299987793,106.6481552124,14.7299995422,0.0118308208,0.0066858729,0.0148574553,-1.9400005341
2007-06-14,45.8860549927,64.5999984741,107.3292770386,13.6400003433,-0.0025236747,0.0010841741,0.0063663174,-1.0899991989
2007-06-15,46.2006988525,64.8499984741,107.9399185181,13.9399995804,0.0068336665,0.0038625001,0.0056732977,0.2999992371
2007-06-18,46.1068534851,64.9499969482,107.8130111694,13.4200000763,-0.0020333201,0.0015408089,-0.0011764138,-0.5199995041
2007-06-19,46.5374565125,65.4800033569,108.0809478760,12.8500003815,0.0092959002,0.0081271076,0.0024821153,-0.5699996948
2007-06-20,46.1620483398,64.7099990845,106.5789489746,14.6700000763,-0.0080995087,-0.0118290688,-0.0139944483,1.8199996948
2007-06-21,45.9412269592,64.5599975586,107.1712875366,14.2100000381,-0.0047950912,-0.0023207488,0.0055423572,-0.4600000382
2007-06-22,46.2393493652,64.7799987793,106.1629257202,15.7500000000,0.0064682487,0.0034019088,-0.0094534234,1.5399999619
2007-06-25,46.4932785034,64.4300003052,105.6552047729,16.6499996185,0.0054766004,-0.0054175270,-0.0047939420,0.8999996185
2007-06-26,46.5043144226,63.6199989319,104.5692596436,18.8899993896,0.0002373377,-0.0126514984,-0.0103313836,2.2399997711
2007-06-27,46.5484809875,63.6699981689,106.0571441650,15.5299997330,0.0009492798,0.0007855957,0.0141284212,-3.3599996566
2007-06-28,46.5374565125,64.2600021362,106.0430297852,15.5399999619,-0.0002368666,0.0092239217,-0.0001330916,0.0100002289
2007-06-29,47.0177459717,64.2699966431,106.0782699585,16.2299995422,0.0102675996,0.0001555202,0.0003322644,0.6899995803
2007-07-02,47.2648696899,65.0199966431,107.0372924805,15.3999996185,0.0052422026,0.0116019561,0.0090000841,-0.8299999237
2007-07-03,46.9767112732,64.7399978638,107.4251861572,14.9200000763,-0.0061153328,-0.0043156477,0.0036173610,-0.4799995422
2007-07-05,46.4502296448,64.4199981689,107.3122863770,15.4799995422,-0.0112705649,-0.0049551000,-0.0010515146,0.5599994659
2007-07-06,46.2618370056,64.9599990845,107.8764801025,14.7200002670,-0.0040640427,0.0083475663,0.0052437218,-0.7599992752
2007-07-09,46.4280624390,65.3799972534,107.9610748291,15.1599998474,0.0035867039,0.0064446775,0.0007838741,0.4399995804
2007-07-10,47.2149772644,65.6100006104,106.4237670898,17.5699996948,0.0168070868,0.0035117734,-0.0143418170,2.4099998474
2007-07-11,46.7273406982,65.4400024414,107.1783599854,16.6399993896,-0.0103817099,-0.0025944031,0.0070654356,-0.9300003052
2007-07-12,46.5666732788,66.0199966431,108.8707199097,15.5399999619,-0.0034443277,0.0088239460,0.0156667600,-1.0999994277
2007-07-13,46.6940841675,66.0299987793,109.1951293945,15.1499996185,0.0027323597,0.0001514901,0.0029753373,-0.3900003434
2007-07-16,47.1429710388,65.8199996948,109.1810379028,15.5900001526,0.0095674421,-0.0031854268,-0.0001290570,0.4400005341
2007-07-17,47.0432014465,65.7500000000,109.1245956421,15.6300001144,-0.0021185621,-0.0010640678,-0.0005170940,0.0399999618
2007-07-18,47.2205352783,66.6200027466,108.9271621704,16.0000000000,0.0037625082,0.0131452029,-0.0018108868,0.3699998856
2007-07-19,47.2094841003,67.0100021362,109.3502883911,15.2299995422,-0.0002340607,0.0058370199,0.0038769626,-0.7700004578
2007-07-20,47.6361732483,67.5800018311,108.2431793213,16.9500007629,0.0089976081,0.0084702145,-0.0101760281,1.7200012207
2007-07-23,47.5585746765,67.4700012207,108.5745620728,16.8099994659,-0.0016303124,-0.0016290356,0.0030567887,-0.1400012970
2007-07-24,47.7359161377,67.4700012207,106.6917648315,18.5499992371,0.0037219710,0.0000000000,-0.0174931703,1.7399997712
2007-07-25,47.8301353455,66.9000015259,106.9103927612,18.1000003815,0.0019718140,-0.0084840828,0.0020470580,-0.4499988556
2007-07-26,48.2291069031,65.6500015259,104.3788070679,20.7399997711,0.0083068290,-0.0188613660,-0.0239643754,2.6399993896
2007-07-27,48.3676300049,65.4100036621,102.3267974854,24.1700000763,0.0028680720,-0.0036624160,-0.0198550687,3.4300003052
2007-07-30,48.2291069031,65.7699966431,103.9275360107,20.8700008392,-0.0028680720,0.0054885483,0.0155222985,-3.2999992371
2007-07-31,48.5782737732,65.7900009155,102.7569427490,23.5200004578,0.0072136728,0.0003041087,-0.0113274667,2.6499996186
2007-08-01,48.4731063843,65.9300003052,103.2575912476,23.6700000763,-0.0021672526,0.0021257127,0.0048603317,0.1499996185
2007-08-02,48.5955123901,65.8899993896,104.0826644897,21.2199993134,0.0025220524,-0.0006069021,0.0079586822,-2.4500007629
2007-08-03,48.9181861877,66.6900024414,101.4030151367,25.1599998474,0.0066180440,0.0120683776,-0.0260826085,3.9400005340
2007-08-06,48.5621032715,66.5199966431,103.1024627686,22.9400005341,-0.0073057744,-0.0025524494,0.0166204521,-2.2199993133
2007-08-07,48.5231513977,66.4800033569,104.2025299072,21.5599994659,-0.0008024262,-0.0006014028,0.0106131304,-1.3800010682
2007-08-08,47.9335021973,66.7699966431,105.6552047729,21.4500007629,-0.0122263530,0.0043526266,0.0138445988,-0.1099987030
2007-08-09,48.0002136230,65.4599990845,102.5242156982,26.4799995422,0.0013907819,-0.0198145725,-0.0300819858,5.0299987793
2007-08-10,47.8889732361,66.5699996948,102.0447082520,28.2999992371,-0.0023201873,0.0168147659,-0.0046879879,1.8199996949
2007-08-13,48.0280456543,66.2600021362,102.4113998413,26.5699996948,0.0028998507,-0.0046675919,0.0035869995,-1.7299995423
2007-08-14,48.1559753418,66.2900009155,100.8459548950,27.6800003052,0.0026601043,0.0004526410,-0.0154038795,1.1100006104
2007-08-15,47.9835510254,66.1299972534,99.4567489624,30.6700000763,-0.0035869638,-0.0024166099,-0.0138712876,2.9899997711
2007-08-16,48.4786682129,64.6800003052,100.2042694092,30.8299999237,0.0102656053,-0.0221704207,0.0074879308,0.1599998474
2007-08-17,48.2839660645,65.0100021362,102.0447082520,29.9899997711,-0.0040243305,0.0050890976,0.0182002368,-0.8400001526
2007-08-20,48.3117561340,65.1200027466,101.9953689575,26.3299999237,0.0005753893,0.0016906268,-0.0004836236,-3.6599998474
2007-08-21,48.5454292297,65.0699996948,102.1999282837,25.2500000000,0.0048251154,-0.0007681551,0.0020035662,-1.0799999237
2007-08-22,48.4675369263,65.4000015259,103.4127426147,22.8899993896,-0.0016058126,0.0050586730,0.0117972146,-2.3600006104
2007-08-23,48.6344680786,65.3099975586,103.3211135864,22.6200008392,0.0034382671,-0.0013771553,-0.0008864444,-0.2699985504
2007-08-24,48.8736610413,66.1100006104,104.5974273682,20.7199993134,0.0049061231,0.0121749040,0.0122772102,-1.9000015258
2007-08-27,49.1295700073,65.9800033569,103.6242675781,22.7199993134,0.0052224716,-0.0019683139,-0.0093474110,2.0000000000
2007-08-28,49.2130317688,65.5899963379,101.3466186523,26.2999992371,0.0016973678,-0.0059285272,-0.0222250362,3.5799999237
2007-08-29,49.0795211792,66.0699996948,103.3351898193,23.8099994659,-0.0027165979,0.0072915920,0.0194314654,-2.4899997712
2007-08-30,49.4077491760,65.8000030518,103.0601730347,25.0599994659,0.0066654139,-0.0040948967,-0.0026649528,1.2500000000
2007-08-31,49.4466934204,66.5199966431,104.0755996704,23.3799991608,0.0007879109,0.0108827191,0.0098045331,-1.6800003051
2007-09-04,49.4701347351,67.4400024414,105.1263198853,22.7800006866,0.0004739601,0.0137357460,0.0100451186,-0.5999984742
2007-09-05,49.8667678833,67.5599975586,104.2166061401,24.5799999237,0.0079856578,0.0017777059,-0.0086911890,1.7999992371
2007-09-06,49.7382621765,68.8600006104,104.4563827515,23.9899997711,-0.0025803070,0.0190594110,0.0022981098,-0.5900001526
2007-09-07,50.4420890808,69.3899993896,103.0037918091,26.2299995422,0.0140514278,0.0076672893,-0.0140037931,2.2399997711
2007-09-10,50.8331222534,69.6200027466,102.8062667847,27.3799991608,0.0077222276,0.0033091657,-0.0019194891,1.1499996186
2007-09-11,50.7940711975,70.5199966431,104.0050811768,25.2700004578,-0.0007685159,0.0128443881,0.0115934433,-2.1099987030
2007-09-12,50.6041030884,70.4599990845,104.2730484009,24.9599990845,-0.0037469774,-0.0008511500,0.0025731686,-0.3100013733
2007-09-13,50.1516761780,70.0800018311,105.0063934326,24.7600002289,-0.0089807246,-0.0054076872,0.0070083141,-0.1999988556
2007-09-14,50.2242546082,69.9899978638,104.9993515015,24.9200000763,0.0014461324,-0.0012851286,-0.0000670642,0.1599998474
2007-09-17,50.4644470215,70.9700012207,104.4352645874,26.4799995422,0.0047709994,0.0139049256,-0.0053867721,1.5599994659
2007-09-18,50.0846443176,71.6999969482,107.5097732544,20.3500003815,-0.0075546085,0.0102334353,0.0290143556,-6.1299991607
2007-09-19,49.6209793091,71.4300003052,108.1444473267,20.0300006866,-0.0093007462,-0.0037727516,0.0058860513,-0.3199996949
2007-09-20,48.6825065613,72.7200012207,107.3828353882,20.4500007629,-0.0190939569,0.0178985132,-0.0070674589,0.4200000763
2007-09-21,49.0958786011,72.3399963379,107.6726074219,19.0000000000,0.0084553350,-0.0052392908,0.0026948605,-1.4500007629
2007-09-24,49.2355537415,72.2799987793,107.4742660522,19.3700008392,0.0028409071,-0.0008297271,-0.0018437770,0.3700008392
2007-09-25,49.0623588562,72.3300018311,107.2617034912,18.6000003815,-0.0035238808,0.0006915573,-0.0019797580,-0.7700004577
2007-09-26,49.1070556641,72.0000000000,107.8284454346,17.6299991608,0.0009106056,-0.0045728872,0.0052698207,-0.9700012207
2007-09-27,49.4477958679,72.6999969482,108.4661178589,17.0000000000,0.0069147598,0.0096752235,0.0058963504,-0.6299991608
2007-09-28,49.5595130920,73.5100021362,108.1047973633,18.0000000000,0.0022567480,0.0110801379,-0.0033367438,1.0000000000
2007-10-01,49.8427238464,73.9000015259,109.3234558105,17.8400001526,0.0056982927,0.0052913682,0.0112098698,-0.1599998474
2007-10-02,49.9997482300,72.3499984741,109.1746139526,18.4899997711,0.0031454452,-0.0211974166,-0.0013624091,0.6499996185
2007-10-03,49.8539123535,71.9000015259,108.9550094604,18.7999992371,-0.0029209942,-0.0062391460,-0.0020135235,0.3099994660
2007-10-04,50.0445861816,72.8700027466,109.1250839233,18.4400005341,0.0038173559,0.0134007834,0.0015597434,-0.3599987030
2007-10-05,49.5062599182,73.4000015259,110.4216690063,16.9099998474,-0.0108152071,0.0072468870,0.0118116086,-1.5300006867
2007-10-08,49.4669952393,72.5299987793,109.8335952759,17.4599990845,-0.0007934402,-0.0119237039,-0.0053399416,0.5499992371
2007-10-09,49.4052925110,73.0899963379,110.8680191040,16.1200008392,-0.0012481300,0.0076912558,0.0093740266,-1.3399982453
2007-10-10,49.4333724976,73.3600006104,110.6837921143,16.6700000763,0.0005681984,0.0036873279,-0.0016630605,0.5499992371
2007-10-11,49.3829078674,73.9100036621,110.1523895264,18.8799991608,-0.0010213830,0.0074693501,-0.0048126499,2.2099990845
2007-10-12,49.1417312622,74.5899963379,110.7617187500,17.7299995422,-0.0048957720,0.0091582145,0.0055164496,-1.1499996186
2007-10-15,49.1529350281,75.1399993896,109.8264923096,19.2500000000,0.0002279628,0.0073466312,-0.0084794381,1.5200004578
2007-10-16,49.1698074341,75.1200027466,108.9550094604,20.0200004578,0.0003432045,-0.0002661606,-0.0079667381,0.7700004578
2007-10-17,49.7081260681,74.5000000000,109.2880401611,18.5400009155,0.0108886570,-0.0082877461,0.0030519273,-1.4799995423
2007-10-18,49.9829406738,76.0000000000,108.8912887573,18.5000000000,0.0055133386,0.0199342149,-0.0036369334,-0.0400009155
2007-10-19,50.7287750244,75.6999969482,106.0430297852,22.9599990845,0.0148115436,-0.0039552202,-0.0265050806,4.4599990845
2007-10-22,50.7343635559,74.5999984741,106.6593780518,21.6399993896,0.0001101589,-0.0146376334,0.0057954209,-1.3199996949
2007-10-23,50.6670913696,75.2300033569,107.5237960815,20.4099998474,-0.0013268487,0.0084096454,0.0080718079,-1.2299995422
2007-10-24,51.0428123474,75.5199966431,107.3254394531,20.7999992371,0.0073881239,0.0038473452,-0.0018464733,0.3899993897
2007-10-25,50.8689537048,76.0299987793,107.5805206299,21.1700000763,-0.0034119478,0.0067305058,0.0023738876,0.3700008392
2007-10-26,50.7511901855,77.6900024414,108.8416976929,19.5599994659,-0.0023177210,0.0215985972,0.0116549156,-1.6100006104
2007-10-29,50.9474868774,78.1200027466,109.2030258179,19.8700008392,0.0038603636,0.0055195608,0.0033142600,0.3100013733
2007-10-30,50.9194145203,77.3499984741,108.4448852539,21.0699996948,-0.0005511576,-0.0099055839,-0.0069666980,1.1999988556
2007-10-31,50.4595680237,78.6200027466,109.5714492798,18.5300006866,-0.0090718932,0.0162855976,0.0103347674,-2.5399990082
2007-11-01,51.1152153015,77.9300003052,107.0066146851,23.2099990845,0.0129098259,-0.0088151632,-0.0236861893,4.6799983979
2007-11-02,51.2785568237,79.8300018311,107.1270446777,23.0100002289,0.0031904609,0.0240884048,0.0011248115,-0.1999988556
2007-11-05,51.2560310364,79.7500000000,106.3122787476,24.3099994659,-0.0004393793,-0.0010026549,-0.0076346746,1.2999992370
2007-11-06,51.0081863403,81.4300003052,107.7434539795,21.3899993896,-0.0048471535,0.0208470176,0.0133721862,-2.9200000763
2007-11-07,51.0983352661,82.2399978638,104.7960586548,26.4899997711,0.0017657824,0.0098980165,-0.0277368123,5.1000003815
2007-11-08,51.0081863403,82.2300033569,104.2647018433,26.1599998474,-0.0017657824,-0.0001215359,-0.0050832873,-0.3299999237
2007-11-09,51.4419250488,82.1800003052,102.8334960938,28.5000000000,0.0084673661,-0.0006082726,-0.0138217382,2.3400001526
2007-11-12,51.6277923584,78.3000030518,101.8131942749,31.0900001526,0.0036066367,-0.0483643252,-0.0099714319,2.5900001526
2007-11-13,51.4362792969,79.1200027466,104.9165191650,24.1000003815,-0.0037163927,0.0104180801,0.0300252729,-6.9899997711
2007-11-14,51.4925994873,80.2799987793,104.6260223389,25.9400005341,0.0010943517,0.0145547867,-0.0027726781,1.8400001526
2007-11-15,51.9770240784,77.9499969482,103.1169281006,28.0599994659,0.0093636782,-0.0294529524,-0.0145287316,2.1199989318
2007-11-16,52.0502052307,77.7500000000,103.2939834595,25.4899997711,0.0014069617,-0.0025690053,0.0017155624,-2.5699996948
2007-11-19,52.3881759644,77.2399978638,101.8557281494,26.0100002289,0.0064721783,-0.0065811212,-0.0140217489,0.5200004578
2007-11-20,52.3318443298,79.4700012207,102.4792327881,24.8799991608,-0.0010758524,0.0284621774,0.0061027890,-1.1300010681
2007-11-21,52.6359939575,79.3600006104,100.3820648193,26.8400001526,0.0057951175,-0.0013851366,-0.0206766171,1.9600009918
2007-11-23,52.7937469482,81.2500000000,102.1179046631,25.6100006104,0.0029925732,0.0235363505,0.0171445197,-1.2299995422
2007-11-26,53.8357315063,81.3000030518,99.8647994995,28.9099998474,0.0195446464,0.0006152329,-0.0223108076,3.2999992370
2007-11-27,53.3231773376,80.0999984741,101.0126190186,26.2800006866,-0.0095663176,-0.0148702191,0.0114281836,-2.6299991608
2007-11-28,52.9626884460,79.5699996948,104.2434082031,24.1100006104,-0.0067834095,-0.0066387015,0.0314831782,-2.1700000762
2007-11-29,53.4189147949,78.2799987793,104.2788314819,23.9699993134,0.0085772188,-0.0163450066,0.0003397554,-0.1400012970
2007-11-30,53.1597938538,77.3199996948,105.3274536133,22.8700008392,-0.0048625369,-0.0123394765,0.0100057198,-1.0999984742
2007-12-03,53.5816802979,78.2799987793,104.6331176758,23.6100006104,0.0079048682,0.0123394765,-0.0066139891,0.7399997712
2007-12-04,53.5760612488,79.4000015259,103.6978225708,23.7900009155,-0.0001048743,0.0142062605,-0.0089789965,0.1800003051
2007-12-05,52.9370155334,78.6299972534,105.4337158203,22.5300006866,-0.0119995291,-0.0097451164,0.0166013518,-1.2600002289
2007-12-06,52.4733085632,79.3700027466,106.9428863525,20.9599990845,-0.0087981887,0.0093672266,0.0142124501,-1.5700016021
2007-12-07,51.8851776123,78.5999984741,106.9216156006,20.8500003815,-0.0112714778,-0.0097488177,-0.0001989180,-0.1099987030
2007-12-10,51.5741882324,80.0000000000,107.7505645752,20.7399997711,-0.0060118350,0.0176549547,0.0077229671,-0.1100006104
2007-12-11,52.5863914490,78.8399963379,104.7960586548,23.5900001526,0.0194360493,-0.0146061988,-0.0278028057,2.8500003815
2007-12-12,52.0435218811,80.4899978638,105.8304672241,22.4699993134,-0.0103770408,0.0207124907,0.0098222850,-1.1200008392
2007-12-13,51.4780273438,78.5000000000,105.6108474731,22.5599994659,-0.0109252647,-0.0250343018,-0.0020773597,0.0900001525
2007-12-14,51.2404975891,78.5199966431,104.2717666626,23.2700004578,-0.0046248752,0.0002547019,-0.0127604565,0.7100009919
2007-12-17,51.6985435486,78.1299972534,102.7838973999,24.5200004578,0.0088994220,-0.0049792558,-0.0143719311,1.2500000000
2007-12-18,52.0322265625,79.2500000000,103.3577423096,22.6399993896,0.0064336583,0.0142333419,0.0055674961,-1.8800010682
2007-12-19,52.7221221924,79.2399978638,103.3577423096,21.6800003052,0.0131718752,-0.0001262179,0.0000000000,-0.9599990844
2007-12-20,52.6090202332,78.6699981689,104.0096359253,20.5799999237,-0.0021475510,-0.0072193298,0.0062873512,-1.1000003815
2007-12-21,51.8399238586,80.0999984741,105.5089569092,18.4699993134,-0.0147270091,0.0180139700,0.0143123009,-2.1100006103
2007-12-24,51.5967483521,80.1399993896,106.2924270630,18.6000003815,-0.0047019292,0.0004992626,0.0073981927,0.1300010681
2007-12-26,51.1443824768,81.5199966431,106.5203704834,18.6599998474,-0.0088059922,0.0170732501,0.0021421974,0.0599994659
2007-12-27,51.7019386292,81.5599975586,105.1813125610,20.2600002289,0.0108426166,0.0004905680,-0.0126505917,1.6000003815
2007-12-28,52.5081787109,83.0000000000,104.9177246094,20.7399997711,0.0154736640,0.0175016920,-0.0025091794,0.4799995422
2007-12-31,52.8261222839,82.4599990845,104.1413803101,22.5000000000,0.0060368662,-0.0065272916,-0.0074270658,1.7600002289
2008-01-02,53.5869255066,84.8600006104,103.2297286987,23.1700000763,0.0142993026,0.0286895308,-0.0087925217,0.6700000763
2008-01-03,53.5131454468,85.5699996948,103.1797943115,22.4899997711,-0.0013777782,0.0083319039,-0.0004838380,-0.6800003052
2008-01-04,53.5245208740,85.1299972534,100.6512374878,23.9400005341,0.0002125500,-0.0051552832,-0.0248115954,1.4500007630
2008-01-07,53.7572669983,84.7699966431,100.5657501221,23.7900009155,0.0043389748,-0.0042378006,-0.0008497033,-0.1499996186
2008-01-08,53.6948127747,86.7799987793,98.9417877197,25.4300003052,-0.0011624574,0.0234344993,-0.0162800693,1.6399993897
2008-01-09,53.7970237732,86.5500030518,99.9817352295,24.1200008392,0.0019017450,-0.0026538494,0.0104558472,-1.3099994660
2008-01-10,53.0702781677,88.2500000000,100.6369781494,23.4500007629,-0.0136011071,0.0194513789,0.0065322446,-0.6700000763
2008-01-11,53.4847412109,88.5800018311,99.8250198364,23.6800003052,0.0077793639,0.0037324234,-0.0081009145,0.2299995423
2008-01-14,53.6834793091,89.5400009155,100.6298446655,22.8999996185,0.0037089041,0.0107793439,0.0080300287,-0.7800006867
2008-01-15,54.2853202820,87.9899978638,98.4147262573,23.3400001526,0.0111485394,-0.0174623157,-0.0222584304,0.4400005341
2008-01-16,53.8935546875,86.6999969482,97.5670852661,24.3799991608,-0.0072429540,-0.0147692988,-0.0086502545,1.0399990082
2008-01-17,54.5919075012,86.5000000000,95.0385208130,28.4599990845,0.0128747658,-0.0023094346,-0.0262579038,4.0799999237
2008-01-18,54.2171897888,87.4199981689,94.0627288818,27.1800003052,-0.0068876446,0.0105796546,-0.0103204034,-1.2799987793
2008-01-22,54.7962417603,88.1699981689,93.1082687378,31.0100002289,0.0106235976,0.0085426798,-0.0101988922,3.8299999237
2008-01-23,54.6713905334,87.8899993896,95.3447952271,29.0200004578,-0.0022810630,-0.0031807227,0.0237367486,-1.9899997711
2008-01-24,53.5756072998,90.0800018311,96.1497116089,27.7800006866,-0.0202466708,0.0246121591,0.0084067281,-1.2399997712
2008-01-25,54.4783592224,90.3000030518,94.7607650757,29.0799999237,0.0167096675,0.0024393095,-0.0145510196,1.2999992371
2008-01-28,54.2739562988,91.7500000000,96.3277587891,27.7800006866,-0.0037590586,0.0159299927,0.0164010774,-1.2999992371
2008-01-29,53.9049377441,91.1500015259,96.8049697876,27.3199996948,-0.0068224026,-0.0065609691,0.0049418032,-0.4600009918
2008-01-30,53.5528869629,92.0599975586,96.0926971436,27.6200008392,-0.0065523761,0.0099339940,-0.0073850129,0.3000011444
2008-01-31,53.9332885742,91.4000015259,97.8448791504,26.2000007629,0.0070781791,-0.0071950167,0.0180700380,-1.4200000763
2008-02-01,54.2574501038,89.3499984741,99.4190444946,24.0200004578,0.0059924260,-0.0226842706,0.0159603310,-2.1800003051
2008-02-04,53.6991310120,89.0999984741,98.1654129028,25.9899997711,-0.0103434930,-0.0028019072,-0.0126897473,1.9699993133
2008-02-05,54.1093521118,87.6800003052,95.5371170044,28.2399997711,0.0076102189,-0.0160654907,-0.0271391108,2.2500000000
2008-02-06,53.9440956116,88.9499969482,94.7678680420,28.9699993134,-0.0030587942,0.0143805531,-0.0080844246,0.7299995423
2008-02-07,52.7818374634,89.8499984741,95.3946914673,27.6599998474,-0.0217810998,0.0100672164,0.0065925248,-1.3099994660
2008-02-08,53.3857421875,91.0000000000,94.7821350098,28.0100002289,0.0113765660,0.0127179103,-0.0064419897,0.3500003815
2008-02-11,53.6079673767,91.3300018311,95.2664871216,27.6000003815,0.0041539920,0.0036198342,0.0050971499,-0.4099998474
2008-02-12,53.2889175415,89.3300018311,96.1497116089,26.3299999237,-0.0059693186,-0.0221419425,0.0092283805,-1.2700004578
2008-02-13,52.7248229980,89.4400024414,97.1326293945,24.8799991608,-0.0106420142,0.0012306385,0.0101708853,-1.4500007629
2008-02-14,51.9499397278,89.7099990845,96.2779235840,25.5400009155,-0.0148058119,0.0030141987,-0.0088383117,0.6600017547
2008-02-15,52.3488235474,89.1500015259,96.2565383911,25.0200004578,0.0076489069,-0.0062618739,-0.0002221441,-0.5200004577
2008-02-19,51.8189353943,91.5800018311,96.5271606445,25.5900001526,-0.0101738336,0.0268925658,0.0028075240,0.5699996948
2008-02-20,52.1778945923,93.2399978638,96.8121032715,24.3999996185,0.0069032993,0.0179638640,0.0029475941,-1.1900005341
2008-02-21,52.7305717468,93.2500000000,96.0072479248,25.1200008392,0.0105364664,0.0001072673,-0.0083483324,0.7200012207
2008-02-22,52.4285926819,93.3899993896,96.5983886719,24.0599994659,-0.0057432920,0.0015002081,0.0061383728,-1.0600013733
2008-02-25,51.8930130005,92.7399978638,97.8163833618,23.0300006866,-0.0102679475,-0.0069844107,0.0125300214,-1.0299987793
2008-02-26,51.9101142883,93.7099990845,98.5500564575,21.8999996185,0.0003294947,0.0104050414,0.0074725244,-1.1300010681
2008-02-27,51.9556694031,94.7799987793,98.4503021240,22.6900005341,0.0008771920,0.0113535063,-0.0010127326,0.7900009156
2008-02-28,52.8786659241,95.9899978638,97.4887771606,23.5300006866,0.0176091234,0.0126855935,-0.0098146086,0.8400001525
2008-02-29,53.6877326965,96.1800003052,95.3163223267,26.5400009155,0.0151845672,0.0019774419,-0.0225361962,3.0100002289
2008-03-03,53.5493583679,97.2399978638,95.0883941650,26.2800006866,-0.0025807191,0.0109606885,-0.0023941452,-0.2600002289
2008-03-04,53.0289382935,95.1800003052,94.7251434326,25.5200004578,-0.0097660448,-0.0214122886,-0.0038274528,-0.7600002288
2008-03-05,52.3941764832,97.7200012207,95.3234481812,24.6000003815,-0.0120423207,0.0263364200,0.0062963553,-0.9200000763
2008-03-06,52.6743774414,96.5000000000,93.3504180908,27.5499992371,0.0053336914,-0.0125632505,-0.0209154776,2.9499988556
2008-03-07,52.7429847717,96.0899963379,92.3888931274,27.4899997711,0.0013016326,-0.0042577942,-0.0103535815,-0.0599994660
2008-03-10,53.5207748413,95.8700027466,91.1709136963,29.3799991608,0.0146391199,-0.0022920784,-0.0132708497,1.8899993897
2008-03-11,53.0632667542,95.9899978638,94.4473648071,26.3600006104,-0.0085849793,0.0012508614,0.0353067757,-3.0199985504
2008-03-12,54.0868988037,97.0100021362,93.5641326904,27.2199993134,0.0191070762,0.0105700909,-0.0093955809,0.8599987030
2008-03-13,53.6636848450,98.3399963379,93.7706832886,27.2900009155,-0.0078554774,0.0136167368,0.0022051500,0.0700016021
2008-03-14,54.3270606995,98.7099990845,92.3176345825,31.1599998474,0.0122859453,0.0037554244,-0.0156170818,3.8699989319
2008-03-17,54.7445373535,99.1699981689,91.3845825195,32.2400016785,0.0076551311,0.0046492816,-0.0101583977,1.0800018311
2008-03-18,54.5329360962,96.5000000000,95.1810226440,25.7900009155,-0.0038727382,-0.0272925224,0.0407037971,-6.4500007630
2008-03-19,55.4364967346,93.0400009155,92.8234100342,29.8400001526,0.0164333115,-0.0365134903,-0.0250817087,4.0499992371
2008-03-20,55.5737152100,89.9100036621,94.5426940918,26.6200008392,0.0024721788,-0.0342203073,0.0183526505,-3.2199993134
2008-03-24,54.4985885620,90.0999984741,96.4324264526,25.7299995422,-0.0195355381,0.0021109370,0.0197909972,-0.8900012970
2008-03-25,54.7273597717,92.7300033569,96.5254745483,25.7199993134,0.0041889596,0.0287719333,0.0009644394,-0.0100002288
2008-03-26,54.4985885620,93.8000030518,95.3444213867,26.0799999237,-0.0041889596,0.0114728075,-0.0123111348,0.3600006103
2008-03-27,54.1154899597,93.4599990845,95.0437545776,25.8799991608,-0.0070543376,-0.0036313611,-0.0031584636,-0.2000007629
2008-03-28,54.6415328979,91.8799972534,94.1347351074,25.7099990845,0.0096738036,-0.0170501795,-0.0096102519,-0.1700000763
2008-03-31,54.8360366821,90.4100036621,94.4639968872,25.6100006104,0.0035533121,-0.0161284267,0.0034916684,-0.0999984741
2008-04-01,53.9435882568,86.8600006104,97.7853012085,22.6800003052,-0.0164087429,-0.0400572871,0.0345554948,-2.9300003052
2008-04-02,54.0584411621,89.2699966431,97.8496932983,23.4300003052,0.0021268665,0.0273678135,0.0006582881,0.7500000000
2008-04-03,54.1790122986,89.4199981689,98.0930786133,23.2099990845,0.0022279014,0.0016789027,0.0024842503,-0.2200012207
2008-04-04,54.6729240417,90.2500000000,97.9857101440,22.4500007629,0.0090749903,0.0092392469,-0.0010951565,-0.7599983216
2008-04-07,54.3858032227,91.1699981689,98.0358581543,22.4200000763,-0.0052654472,0.0101422783,0.0005116581,-0.0300006866
2008-04-08,54.1962203979,90.3499984741,97.9356079102,22.3600006104,-0.0034919780,-0.0090348754,-0.0010231107,-0.0599994659
2008-04-09,54.7590370178,92.2900009155,97.2269668579,22.8099994659,0.0103312431,0.0212448030,-0.0072620908,0.4499988555
2008-04-10,54.5753097534,91.7699966431,97.3629531860,21.9799995422,-0.0033608366,-0.0056503929,0.0013976711,-0.8299999237
2008-04-11,54.9428329468,91.3000030518,95.4732589722,23.4599990845,0.0067116656,-0.0051345892,-0.0195995833,1.4799995423
2008-04-14,54.6212730408,91.1100006104,95.1511230469,23.8199996948,-0.0058698207,-0.0020832466,-0.0033798009,0.3600006103
2008-04-15,53.9435882568,91.6600036621,95.3730468750,22.7800006866,-0.0124845844,0.0060185446,0.0023296144,-1.0399990082
2008-04-16,53.4152145386,93.2699966431,97.9570999146,20.5300006866,-0.0098432168,0.0174123577,0.0267336158,-2.2500000000
2008-04-17,53.3233108521,92.5599975586,98.1002502441,20.3700008392,-0.0017220345,-0.0076414202,0.0014602906,-0.1599998474
2008-04-18,53.2773475647,90.6200027466,99.1238403320,20.1299991608,-0.0008623453,-0.0211820870,0.0103800634,-0.2400016784
2008-04-21,53.4898605347,90.2500000000,99.1739273071,20.5000000000,0.0039808712,-0.0040913723,0.0005051693,0.3700008392
2008-04-22,53.6736412048,90.2699966431,98.7372665405,20.8700008392,0.0034299150,0.0002215449,-0.0044127011,0.3700008392
2008-04-23,53.4956016541,89.2200012207,98.5798110962,20.2600002289,-0.0033225898,-0.0116998987,-0.0015959640,-0.6100006103
2008-04-24,53.0419349670,87.2200012207,99.0092926025,20.0599994659,-0.0085166120,-0.0226715670,0.0043472254,-0.2000007630
2008-04-25,52.7317886353,87.2699966431,99.9254989624,19.5900001526,-0.0058643529,0.0005730463,0.0092111876,-0.4699993133
2008-04-28,52.8926086426,87.6900024414,99.9470291138,19.6399993896,0.0030451323,0.0048011729,0.0002154388,0.0499992370
2008-04-29,53.0936317444,85.8099975586,99.5532760620,20.2399997711,0.0037933857,-0.0216723743,-0.0039473981,0.6000003815
2008-04-30,53.4726257324,86.6500015259,98.9663543701,20.7900009155,0.0071128628,0.0097415124,-0.0059130012,0.5500011444
2008-05-01,53.4761199951,83.9899978638,101.0135650635,18.8799991608,0.0000653446,-0.0311793151,0.0204748779,-1.9100017547
2008-05-02,52.8017463684,84.5800018311,101.2927246094,18.1800003052,-0.0126909337,0.0070001350,0.0027597731,-0.6999988556
2008-05-05,52.8017463684,86.2699966431,100.8059539795,18.8999996185,0.0000000000,0.0197840205,-0.0048171673,0.7199993133
2008-05-06,52.4212989807,86.6299972534,101.6792144775,18.2099990845,-0.0072312875,0.0041642700,0.0086254803,-0.6900005340
2008-05-07,52.6461296082,85.8199996948,99.8682632446,19.7299995422,0.0042797463,-0.0093940682,-0.0179709515,1.5200004577
2008-05-08,53.1187438965,87.2399978638,99.6105575562,19.3999996185,0.0089371342,0.0164108408,-0.0025837914,-0.3299999237
2008-05-09,53.3147163391,87.4199981689,99.4244689941,19.4099998474,0.0036825386,0.0020611516,-0.0018699082,0.0100002289
2008-05-12,53.2340698242,86.9899978638,100.5411376953,17.7900009155,-0.0015137954,-0.0049309235,0.0111687237,-1.6199989319
2008-05-13,52.6519088745,85.3899993896,100.5554046631,17.9799995422,-0.0109961078,-0.0185641542,0.0001418917,0.1899986267
2008-05-14,52.6749916077,85.1999969482,100.7630233765,17.6599998474,0.0004383065,-0.0022275928,0.0020625910,-0.3199996948
2008-05-15,53.1533470154,87.0000000000,102.0228042603,16.2999992371,0.0090402754,0.0209067206,0.0124249027,-1.3600006103
2008-05-16,52.9343185425,89.0999984741,102.1158752441,16.4699993134,-0.0041292036,0.0238511987,0.0009118408,0.1700000763
2008-05-19,53.0034904480,89.3899993896,102.3950653076,17.0100002289,0.0013058967,0.0032494949,0.0027303208,0.5400009155
2008-05-20,53.2801551819,90.9000015259,101.5646820068,17.5799999237,0.0052061699,0.0167512057,-0.0081426644,0.5699996948
2008-05-21,53.2916831970,91.9599990845,99.8468017578,18.5900001526,0.0002163426,0.0115936720,-0.0170588278,1.0100002289
2008-05-22,52.6634063721,90.9800033569,99.8611297607,18.0499992371,-0.0118594433,-0.0107139509,0.0001434896,-0.5400009155
2008-05-23,52.8939628601,91.2300033569,98.5225753784,19.5499992371,0.0043683706,0.0027440881,-0.0134948049,1.5000000000
2008-05-27,52.5366401672,89.3600006104,99.2526702881,19.6399993896,-0.0067783746,-0.0207106656,0.0073831103,0.0900001525
2008-05-28,52.0697669983,89.1399993896,99.7107849121,19.0699996948,-0.0089263417,-0.0024650009,0.0046050209,-0.5699996948
2008-05-29,51.6950759888,86.5100021362,100.2118530273,18.1399993896,-0.0072219574,-0.0299481218,0.0050126306,-0.9300003052
2008-05-30,52.0352058411,87.4499969482,100.4623947144,17.8299999237,0.0065579899,0.0108071277,0.0024970002,-0.3099994659
2008-06-02,52.2359085083,87.9599990845,99.4244689941,19.8299999237,0.0038496359,0.0058149887,-0.0103852252,2.0000000000
2008-06-03,52.6119194031,86.8799972534,98.8446578979,20.2399997711,0.0071725378,-0.0123543307,-0.0058487447,0.4099998474
2008-06-04,52.1433448792,86.6500015259,98.7945632935,20.7999992371,-0.0089461404,-0.0026507908,-0.0005069298,0.5599994660
2008-06-05,51.8309631348,86.4499969482,100.7701568604,18.6299991608,-0.0060088437,-0.0023108569,0.0197996731,-2.1700000763
2008-06-06,52.5020370483,89.0599975586,97.5562133789,23.5599994659,0.0128642552,0.0297440957,-0.0324134896,4.9300003051
2008-06-09,52.5020370483,87.9899978638,97.7924270630,23.1200008392,0.0000000000,-0.0120871251,0.0024183818,-0.4399986267
2008-06-10,52.1606674194,85.5500030518,97.3056793213,23.1800003052,-0.0065232566,-0.0281221114,-0.0049897845,0.0599994660
2008-06-11,52.0392112732,87.0199966431,95.8740921021,24.1200008392,-0.0023312158,0.0170369027,-0.0148215666,0.9400005340
2008-06-12,51.5186424255,85.5999984741,96.2391586304,23.3299999237,-0.0100537664,-0.0164526734,0.0038005392,-0.7900009155
2008-06-13,51.4086875916,85.8300018311,97.4560241699,21.2199993134,-0.0021365535,0.0026833517,0.0125649129,-2.1100006103
2008-06-16,51.4202766418,87.0100021362,97.5132827759,20.9500007629,0.0002254044,0.0136544621,0.0005873602,-0.2699985505
2008-06-17,51.5243339539,87.2500000000,97.0408859253,21.1299991608,0.0020216182,0.0027544820,-0.0048562082,0.1799983979
2008-06-18,51.9582405090,88.2799987793,96.0960159302,22.2399997711,0.0083861288,0.0117360065,-0.0097845365,1.1100006103
2008-06-19,51.6516990662,88.4199981689,96.2177200317,21.5799999237,-0.0059172380,0.0015846001,0.0012656830,-0.6599998474
2008-06-20,51.9524459839,88.9499969482,94.6559066772,22.8700008392,0.0058057091,0.0059762121,-0.0163652595,1.2900009155
2008-06-23,52.0623855591,87.0899963379,94.5623626709,22.6399993896,0.0021139219,-0.0211323551,-0.0009887419,-0.2300014496
2008-06-24,52.4094696045,87.4700012207,94.3753356934,22.4200000763,0.0066445709,0.0043538667,-0.0019797747,-0.2199993133
2008-06-25,52.4325714111,87.4199981689,94.8213729858,21.1399993896,0.0004406974,-0.0005718229,0.0047150727,-1.2800006867
2008-06-26,52.7854461670,90.6100006104,92.2459945679,23.9300003052,0.0067075219,0.0358405205,-0.0275359746,2.7900009156
2008-06-27,53.4043846130,91.4700012207,91.7424240112,23.4400005341,0.0116573395,0.0094464740,-0.0054739512,-0.4899997711
2008-06-30,53.4159965515,91.4000015259,92.0661849976,23.9500007629,0.0002174105,-0.0007655679,0.0035228091,0.5100002288
2008-07-01,53.2894248962,92.6600036621,92.3538818359,23.6499996185,-0.0023723577,0.0136914244,0.0031200192,-0.3000011444
2008-07-02,53.5680847168,93.1699981689,90.7712783813,25.9200000763,0.0052155521,0.0054888423,-0.0172848215,2.2700004578
2008-07-03,53.4519462585,92.0599975586,90.8647994995,24.7800006866,-0.0021704068,-0.0119852499,0.0010297638,-1.1399993897
2008-07-07,53.6958084106,91.2300033569,89.9367675781,25.7800006866,0.0045518933,-0.0090566847,-0.0102658410,1.0000000000
2008-07-08,54.0441436768,90.8600006104,91.5338058472,23.1499996185,0.0064662453,-0.0040639601,0.0176015259,-2.6300010681
2008-07-09,54.2821693420,91.5000000000,89.7713470459,25.2299995422,0.0043946118,0.0070191052,-0.0194425177,2.0799999237
2008-07-10,54.2764053345,93.5299987793,90.1381912231,25.5900001526,-0.0001061917,0.0219432551,0.0040781016,0.3600006104
2008-07-11,53.5042152405,95.1600036621,89.0878982544,27.4899997711,-0.0143291679,0.0172774965,-0.0117204476,1.8999996185
2008-07-14,53.9744758606,95.9100036621,88.2822341919,28.4799995422,0.0087508252,0.0078505660,-0.0090846141,0.9899997711
2008-07-15,53.9570770264,96.1699981689,87.0376892090,28.5400009155,-0.0003224050,0.0027071498,-0.0141976549,0.0600013733
2008-07-16,52.9817352295,94.4400024414,89.1742630005,25.1000003815,-0.0182416248,-0.0181527016,0.0242512324,-3.4400005340
2008-07-17,52.7088470459,94.2200012207,90.0662765503,25.0100002289,-0.0051639188,-0.0023322518,0.0099533389,-0.0900001526
2008-07-18,52.5114593506,94.1699981689,90.6273803711,24.0499992371,-0.0037518980,-0.0005308462,0.0062105736,-0.9600009918
2008-07-21,52.7147026062,95.1200027466,90.6777572632,23.0499992371,0.0038629843,0.0100376412,0.0005557139,-1.0000000000
2008-07-22,52.4533996582,93.0599975586,91.7064514160,21.1800003052,-0.0049692536,-0.0218948611,0.0112806374,-1.8699989319
2008-07-23,52.3489227295,90.5699996948,92.2028350830,21.3099994659,-0.0019937910,-0.0271213912,0.0053981491,0.1299991607
2008-07-24,52.8598213196,91.3300018311,90.2892608643,23.4400005341,0.0097121700,0.0083563117,-0.0209723533,2.1300010682
2008-07-25,52.3314971924,91.6900024414,90.2677536011,22.9099998474,-0.0100450983,0.0039340079,-0.0002382324,-0.5300006867
2008-07-28,52.8598213196,91.7300033569,88.9440383911,24.2299995422,0.0100450983,0.0004361674,-0.0147729038,1.3199996948
2008-07-29,52.6450233459,90.5899963379,90.8432235718,22.0300006866,-0.0040718181,-0.0125057249,0.0211278130,-2.1999988556
2008-07-30,52.6972579956,89.5199966431,92.4618301392,21.2099990845,0.0009917130,-0.0118817648,0.0176607093,-0.8200016021
2008-07-31,53.2197647095,90.0800018311,91.2388992310,22.9400005341,0.0098664207,0.0062361582,-0.0133145794,1.7300014496
2008-08-01,53.3374595642,89.5699996948,90.7568740845,22.5699996948,0.0022090460,-0.0056777456,-0.0052971150,-0.3700008393
2008-08-04,53.2150688171,88.1399993896,89.9152221680,23.4899997711,-0.0022972857,-0.0160939866,-0.0093169673,0.9200000763
2008-08-05,52.8188743591,86.0800018311,92.3395080566,21.1399993896,-0.0074730089,-0.0236493348,0.0266048391,-2.3500003815
2008-08-06,52.6033096313,86.6399993896,92.7495727539,20.2299995422,-0.0040895572,0.0064844780,0.0044310055,-0.9099998474
2008-08-07,53.4598312378,86.0899963379,91.3683166504,21.1499996185,0.0161515154,-0.0063683775,-0.0150043216,0.9200000763
2008-08-08,53.6054763794,84.4300003052,93.0660629272,20.6599998474,0.0027206802,-0.0194704258,0.0184108216,-0.4899997711
2008-08-11,53.0927124023,81.1299972534,94.0300445557,20.1200008392,-0.0096115582,-0.0398700197,0.0103047591,-0.5399990082
2008-08-12,53.5880241394,80.5199966431,93.0517044067,21.1700000763,0.0092859369,-0.0075472135,-0.0104590541,1.0499992371
2008-08-13,53.4015731812,81.5599975586,92.4905624390,21.5499992371,-0.0034854070,0.0128333567,-0.0060486884,0.3799991608
2008-08-14,53.7452812195,79.3499984741,93.1883697510,20.3400001526,0.0064156660,-0.0274704880,0.0075163142,-1.2099990845
2008-08-15,54.2114334106,77.6299972534,93.6415710449,19.5799999237,0.0086359628,-0.0219145127,0.0048514942,-0.7600002289
2008-08-18,54.4270324707,78.8000030518,92.3610839844,20.9799995422,0.0039691161,0.0149591206,-0.0137686990,1.3999996185
2008-08-19,54.2172813416,80.4300003052,91.3539505005,21.2800006866,-0.0038612493,0.0204742091,-0.0109641933,0.3000011444
2008-08-20,54.3687553406,80.0599975586,91.7783813477,20.4200000763,0.0027899369,-0.0046109216,0.0046352449,-0.8600006103
2008-08-21,54.2697219849,82.3000030518,91.9366607666,19.8199996948,-0.0018231733,0.0275948217,0.0017230974,-0.6000003815
2008-08-22,54.2347793579,81.0800018311,93.2675247192,18.8099994659,-0.0006440770,-0.0149348006,0.0143721035,-1.0100002289
2008-08-25,54.7766304016,80.9300003052,91.3755645752,20.9699993134,0.0099412622,-0.0018517569,-0.0204938768,2.1599998475
2008-08-26,54.8232460022,81.2300033569,91.6417236328,20.4899997711,0.0008506507,0.0037000911,0.0029085694,-0.4799995423
2008-08-27,54.9164924622,81.3600006104,92.5337371826,19.7600002289,0.0016994114,0.0015990809,0.0096866382,-0.7299995422
2008-08-28,54.9222869873,82.1800003052,93.6559677124,19.4300003052,0.0001055096,0.0100282079,0.0120548461,-0.3299999237
2008-08-29,54.6775856018,81.7099990845,92.6488494873,20.6499996185,-0.0044653664,-0.0057355850,-0.0108116156,1.2199993133
2008-09-02,55.1863250732,79.1999969482,92.0733642578,21.9899997711,0.0092613326,-0.0312001219,-0.0062308380,1.3400001526
2008-09-03,55.4202766418,78.8899993896,91.9942321777,21.4300003052,0.0042303427,-0.0039217909,-0.0008598155,-0.5599994659
2008-09-04,55.8647384644,78.3899993896,89.2246093750,24.0300006866,0.0079878533,-0.0063581090,-0.0305689900,2.6000003814
2008-09-05,55.8354377747,78.9800033569,89.5051574707,23.0599994659,-0.0005246310,0.0074983379,0.0031393576,-0.9700012207
2008-09-08,56.0693740845,78.8600006104,91.3539505005,22.6399993896,0.0041809936,-0.0015205622,0.0204452787,-0.4200000763
2008-09-09,56.6249351501,76.4899978638,88.6418914795,25.4699993134,0.0098596916,-0.0305141508,-0.0301369660,2.8299999238
2008-09-10,56.2740325928,74.2200012207,89.0015869141,24.5200004578,-0.0062162426,-0.0301263133,0.0040496384,-0.9499988556
2008-09-11,56.2448310852,73.0800018311,90.2892608643,24.3899993896,-0.0005190509,-0.0154789155,0.0143643260,-0.1300010682
2008-09-12,55.5196914673,75.5500030518,90.7065277100,25.6599998474,-0.0129763860,0.0332399725,0.0046107988,1.2700004578
2008-09-15,57.3208274841,77.5599975586,86.3902664185,31.7000007629,0.0319262800,0.0262570698,-0.0487543126,6.0400009155
2008-09-16,57.3091201782,76.7900009155,87.8362045288,30.2999992371,-0.0002042626,-0.0099773636,0.0165987556,-1.4000015258
2008-09-17,57.5957069397,85.4599990845,83.8868103027,36.2200012207,0.0049882562,0.1069739842,-0.0460053742,5.9200019836
2008-09-18,56.7535858154,82.8000030518,86.3758773804,33.0999984741,-0.0147291921,-0.0316203213,0.0292400461,-3.1200027466
2008-09-19,54.9524765015,85.9800033569,89.8061828613,32.0699996948,-0.0322500924,0.0376866519,0.0389453846,-1.0299987793
2008-09-22,54.9465827942,89.1800003052,87.7730178833,33.8499984741,-0.0001072567,0.0365420525,-0.0228996844,1.7799987793
2008-09-23,54.7360801697,88.3199996948,85.7760620117,35.7200012207,-0.0038383985,-0.0096902235,-0.0230141700,1.8700027466
2008-09-24,54.9757957458,86.7099990845,86.0510101318,35.1899986267,0.0043699181,-0.0183973722,0.0032002914,-0.5300025940
2008-09-25,54.8647041321,86.4499969482,87.3967971802,32.8199996948,-0.0020227812,-0.0030030300,0.0155183750,-2.3699989319
2008-09-26,55.2623825073,86.6399993896,87.4401855469,34.7400016785,0.0072222033,0.0021954188,0.0004963294,1.9200019837
2008-09-29,56.8705863953,89.5699996948,80.5882415771,46.7200012207,0.0286858394,0.0332588434,-0.0816022131,11.9799995422
2008-09-30,55.4845848083,85.0699996948,83.9237747192,39.3899993896,-0.0246730414,-0.0515459957,0.0405561903,-7.3300018311
2008-10-01,56.1826438904,85.9700012207,83.9744110107,39.8100013733,0.0125026507,0.0105239690,0.0006031786,0.4200019837
2008-10-02,56.6342964172,82.3300018311,80.9282760620,45.2599983215,0.0080068638,-0.0432628288,-0.0369488399,5.4499969482
2008-10-03,57.1328811646,82.5899963379,79.8357391357,45.1399993896,0.0087650577,0.0031529799,-0.0135920186,-0.1199989319
2008-10-06,58.1711235046,84.2799987793,75.7694244385,52.0499992371,0.0180092687,0.0202560110,-0.0522764233,6.9099998475
2008-10-07,57.9951400757,87.2699966431,72.3759994507,53.6800003052,-0.0030298567,0.0348621483,-0.0458200946,1.6300010681
2008-10-08,57.1622276306,89.4199981689,70.5527343750,57.5299987793,-0.0144658911,0.0243376276,-0.0255143096,3.8499984741
2008-10-09,56.6812248230,89.9000015259,65.6253433228,63.9199981689,-0.0084503001,0.0053536081,-0.0723984830,6.3899993896
2008-10-10,56.2823524475,83.2200012207,64.0335693359,69.9499969482,-0.0070619937,-0.0772102402,-0.0245544858,6.0299987793
2008-10-13,55.5608558655,81.9899978638,73.3310928345,54.9900016785,-0.0129021083,-0.0148904557,0.1355772382,-14.9599952697
2008-10-14,55.2030334473,82.1999969482,72.2457733154,55.1300010681,-0.0064610166,0.0025580024,-0.0149108805,0.1399993896
2008-10-15,55.7309265137,83.3099975586,65.1333541870,69.2500000000,0.0095173210,0.0134132957,-0.1036370533,14.1199989319
2008-10-16,55.4435501099,79.2900009155,67.8466262817,67.6100006104,-0.0051698385,-0.0494565319,0.0408128907,-1.6399993896
2008-10-17,55.0622634888,77.2099990845,67.4414978027,70.3300018311,-0.0069007796,-0.0265830584,-0.0059891390,2.7200012207
2008-10-20,55.5021743774,78.5000000000,71.4932937622,52.9700012207,0.0079575896,0.0165696543,0.0583431289,-17.3600006104
2008-10-21,55.7954750061,76.0299987793,69.3588562012,53.1100006104,0.0052705751,-0.0319706416,-0.0303098102,0.1399993897
2008-10-22,56.9275817871,71.7099990845,65.5819396973,69.6500015259,0.0200871921,-0.0584977881,-0.0559934930,16.5400009155
2008-10-23,57.3499374390,70.6500015259,66.3416824341,67.8000030518,0.0073917876,-0.0148920644,0.0115180454,-1.8499984741
2008-10-24,56.7398948669,72.2099990845,62.9771919250,79.1299972534,-0.0106941762,0.0218403971,-0.0520457661,11.3299942016
2008-10-27,56.7809448242,72.1800003052,60.7414550781,80.0599975586,0.0007232145,-0.0004155243,-0.0361462127,0.9300003052
2008-10-28,55.9538230896,73.7900009155,67.8393707275,66.9599990845,-0.0146740281,0.0220602300,0.1105163004,-13.0999984741
2008-10-29,55.6722755432,74.0000000000,67.3474121094,69.9599990845,-0.0050444860,0.0028418597,-0.0072782380,3.0000000000
2008-10-30,55.1678390503,72.7099990845,69.6771926880,62.9000015259,-0.0091021193,-0.0175861791,0.0340085655,-7.0599975586
2008-10-31,54.4521751404,71.3399963379,70.0606842041,59.8899993896,-0.0130573615,-0.0190217855,0.0054887406,-3.0100021363
2008-11-03,54.5994567871,71.0999984741,70.2632980347,53.6800003052,0.0027011377,-0.0033698132,0.0028878025,-6.2099990844
2008-11-04,55.6241989136,75.4800033569,72.6509552002,47.7299995422,0.0185944051,0.0597804496,0.0334169517,-5.9500007630
2008-11-05,56.2837638855,72.8000030518,69.5976486206,54.5600013733,0.0117877690,-0.0361517679,-0.0429357553,6.8300018311
2008-11-06,55.8773994446,72.2200012207,65.7411270142,63.6800003052,-0.0072461128,-0.0079989644,-0.0570060710,9.1199989319
2008-11-07,55.5122718811,72.5000000000,67.9117507935,56.0999984741,-0.0065558838,0.0038695291,0.0324843683,-7.5800018311
2008-11-10,55.7831726074,73.5800018311,67.0217895508,59.9799995422,0.0048681464,0.0147867127,-0.0131912962,3.8800010681
2008-11-11,55.9481048584,72.0500030518,64.9524765015,61.4399986267,0.0029523044,-0.0210129098,-0.0313619120,1.4599990845
2008-11-12,56.3072891235,70.0000000000,62.0944900513,66.4599990845,0.0063994340,-0.0288651228,-0.0449986138,5.0200004578
2008-11-13,54.9586906433,72.1500015259,65.9654159546,59.8300018311,-0.0242421723,0.0302520643,0.0604733460,-6.6299972534
2008-11-14,56.0482215881,73.3000030518,62.6733169556,66.3099975586,0.0196305962,0.0158133442,-0.0511948138,6.4799957275
2008-11-17,56.2955589294,72.6500015259,61.8412284851,69.1500015259,0.0044032298,-0.0089072395,-0.0133655205,2.8400039673
2008-11-18,57.0199317932,72.5100021362,63.0061492920,67.6399993896,0.0127852375,-0.0019288982,0.0186620598,-1.5100021363
2008-11-19,58.4804840088,72.2600021362,58.9687728882,74.2600021362,0.0252922046,-0.0034537576,-0.0662242987,6.6200027466
2008-11-20,61.5016670227,73.4499969482,54.5913162231,80.8600006104,0.0503711886,0.0163341058,-0.0771332041,6.5999984742
2008-11-21,60.6123771667,78.8499984741,57.5361442566,72.6699981689,-0.0145651646,0.0709424330,0.0525385195,-8.1900024415
2008-11-24,59.6641960144,80.9100036621,61.5228767395,64.6999969482,-0.0157670072,0.0257901770,0.0669957391,-7.9700012207
2008-11-25,61.4192314148,80.8700027466,61.9787025452,60.9000015259,0.0289908926,-0.0004945100,0.0073817335,-3.7999954223
2008-11-26,61.5016670227,80.3799972534,64.3736343384,54.9199981689,0.0013412792,-0.0060776062,0.0379133259,-5.9800033570
2008-11-28,62.2614059448,80.3099975586,65.1840209961,55.2799987793,0.0122774661,-0.0008712391,0.0125102176,0.3600006104
2008-12-01,64.6457061768,75.6500015259,59.4101219177,68.5100021362,0.0375799400,-0.0597766554,-0.0927497476,13.2300033569
2008-12-02,64.8939056396,76.9499969482,61.6965026855,62.9799995422,0.0038320289,0.0170383602,0.0377626322,-5.5300025940
2008-12-03,65.0771102905,76.1800003052,63.1797599792,60.7200012207,0.0028191635,-0.0100568556,0.0237567496,-2.2599983215
2008-12-04,66.3593444824,75.5000000000,61.7182464600,63.6399993896,0.0195117081,-0.0089663088,-0.0234043805,2.9199981689
2008-12-05,65.2838821411,74.5199966431,63.6211585999,59.9300003052,-0.0163394091,-0.0130651556,0.0303664815,-3.7099990844
2008-12-08,65.1420669556,76.1999969482,65.8424148560,58.4900016785,-0.0021746476,0.0222939220,0.0343181359,-1.4399986267
2008-12-09,66.4302368164,76.3300018311,64.7571334839,58.9099998474,0.0195817963,0.0017046472,-0.0166203692,0.4199981689
2008-12-10,66.2707290649,79.7500000000,65.1984481812,55.7299995422,-0.0024040191,0.0438306719,0.0067918036,-3.1800003052
2008-12-11,66.4007186890,80.6500015259,63.6283836365,55.7799987793,0.0019595726,0.0112220818,-0.0243760134,0.0499992371
2008-12-12,66.4007186890,80.8099975586,64.3881072998,54.2799987793,0.0000000000,0.0019818665,0.0118692924,-1.5000000000
2008-12-15,67.1571350098,82.5999984741,63.4909133911,56.7599983215,0.0113272921,0.0219089720,-0.0140321473,2.4799995422
2008-12-16,68.8175659180,84.4599990845,66.4791564941,52.3699989319,0.0244238588,0.0222683766,0.0459916629,-4.3899993896
2008-12-17,70.6848220825,85.4300003052,65.8351516724,49.8400001526,0.0267718383,0.0114192921,-0.0097345467,-2.5299987793
2008-12-18,72.1679687500,83.8700027466,64.6051483154,47.3400001526,0.0207654321,-0.0184293170,-0.0188598127,-2.5000000000
2008-12-19,72.2448883057,82.6299972534,64.3272857666,44.9300003052,0.0010652731,-0.0148952363,-0.0043102107,-2.4099998474
2008-12-22,71.6893768311,83.4599990845,63.5030097961,44.5600013733,-0.0077189991,0.0099946867,-0.0128965891,-0.3699989319
2008-12-23,71.5948486328,82.6299972534,62.8465309143,45.0200004578,-0.0013194504,-0.0099946867,-0.0103915659,0.4599990845
2008-12-24,71.4412155151,83.4599990845,63.2112617493,44.2099990845,-0.0021481740,0.0099946867,0.0057867403,-0.8100013733
2008-12-26,71.6775436401,85.5999984741,63.5759696960,43.3800010681,0.0033025488,0.0253178011,0.0057530865,-0.8299980164
2008-12-29,71.5915374756,86.3499984741,63.3935966492,43.9000015259,-0.0012006244,0.0087235216,-0.0028727069,0.5200004578
2008-12-30,72.2734756470,85.9000015259,64.8962097168,41.6300010681,0.0094803214,-0.0052249402,0.0234263630,-2.2700004578
2008-12-31,70.7615814209,86.5199966431,65.8225631714,40.0000000000,-0.0211409785,0.0071917155,0.0141734648,-1.6300010681
2009-01-02,68.9828414917,86.2300033569,67.8065795898,39.1899986267,-0.0254584185,-0.0033573784,0.0296965494,-0.8100013733
2009-01-05,67.2042388916,84.4800033569,67.7263488770,39.0800018311,-0.0261214754,-0.0205033242,-0.0011839296,-0.1099967956
2009-01-06,66.5283126831,85.1299972534,68.1785888672,38.5600013733,-0.0101087126,0.0076646079,0.0066552646,-0.5200004578
2009-01-07,66.7891769409,82.7500000000,66.1362457275,43.3899993896,0.0039134339,-0.0283554534,-0.0304136259,4.8299980163
2009-01-08,66.7357711792,84.4599990845,66.4060897827,42.5600013733,-0.0007999369,0.0204540244,0.0040718224,-0.8299980163
2009-01-09,66.8366088867,83.9199981689,64.9837493896,42.8199996948,0.0015098589,-0.0064140964,-0.0216515366,0.2599983215
2009-01-12,67.5302886963,80.7600021362,63.4227943420,45.8400001526,0.0103252510,-0.0383821224,-0.0243139002,3.0200004578
2009-01-13,67.6014175415,80.8799972534,63.5394821167,43.2700004578,0.0010527337,0.0014847209,0.0018381493,-2.5699996948
2009-01-14,68.7160339355,79.7900009155,61.5409164429,49.1399993896,0.0163536102,-0.0135683460,-0.0319592167,5.8699989318
2009-01-15,68.8287124634,80.3899993896,61.5627632141,51.0000000000,0.0016384276,0.0074915880,0.0003549329,1.8600006104
2009-01-16,67.7674484253,82.7099990845,62.0441780090,46.1100006104,-0.0155390223,0.0284507199,0.0077894854,-4.8899993896
2009-01-20,67.7555618286,84.5199966431,58.7691230774,56.6500015259,-0.0001754181,0.0216476504,-0.0542300806,10.5400009155
2009-01-21,65.6152648926,84.1500015259,61.3074607849,46.4199981689,-0.0320981844,-0.0043872143,0.0422849457,-10.2300033570
2009-01-22,64.3523788452,84.5800018311,60.3592300415,47.2900009155,-0.0194344648,0.0050969149,-0.0155876672,0.8700027466
2009-01-23,63.8484344482,88.5299987793,60.6218261719,47.2700004578,-0.0078618377,0.0456436101,0.0043411184,-0.0200004577
2009-01-26,63.2910995483,88.9499969482,61.0375976562,45.6899986267,-0.0087673512,0.0047329160,0.0068350332,-1.5800018311
2009-01-27,64.7792968750,88.3799972534,61.6575775146,42.2500000000,0.0232413478,-0.0064287112,0.0101061046,-3.4399986267
2009-01-28,63.1607208252,87.4199981689,63.7437286377,39.6599998474,-0.0253034576,-0.0109216001,0.0332746710,-2.5900001526
2009-01-29,61.7080764771,89.5000000000,61.6721801758,42.6300010681,-0.0232677805,0.0235145568,-0.0330378642,2.9700012207
2009-01-30,61.5124473572,91.3099975586,60.4175949097,44.8400001526,-0.0031752711,0.0200216586,-0.0205525717,2.2099990845
2009-02-02,62.6569099426,88.8399963379,60.2352561951,45.5200004578,0.0184344193,-0.0274233261,-0.0030225370,0.6800003052
2009-02-03,61.1646614075,88.4700012207,61.0813789368,43.0600013733,-0.0241043749,-0.0041734325,0.0139492240,-2.4599990845
2009-02-04,60.9506340027,89.1800003052,60.7822952271,43.8499984741,-0.0035053369,0.0079932773,-0.0049085064,0.7899971008
2009-02-05,61.0041084290,90.1200027466,61.6867713928,43.7299995422,0.0008769553,0.0104853434,0.0147709562,-0.1199989319
2009-02-06,60.8138694763,89.5899963379,63.4446754456,43.3699989319,-0.0031233339,-0.0058984803,0.0280987674,-0.3600006103
2009-02-09,61.0100364685,88.3199996948,63.5322151184,43.6399993896,0.0032205036,-0.0142770867,0.0013788286,0.2700004577
2009-02-10,62.3358840942,90.2099990845,60.6218261719,46.6699981689,0.0214988657,0.0211736964,-0.0468921059,3.0299987793
2009-02-11,63.1444015503,92.2900009155,60.9792442322,44.5299987793,0.0128869430,0.0227955277,0.0058785517,-2.1399993896
2009-02-12,62.5498733521,93.1699981689,61.0229911804,41.2500000000,-0.0094599795,0.0094899586,0.0007171500,-3.2799987793
2009-02-13,60.8852081299,92.5500030518,60.3665504456,42.9300003052,-0.0269739548,-0.0066766898,-0.0108155468,1.6800003052
2009-02-17,62.7817649841,95.4499969482,57.7843894958,48.6599998474,0.0306744075,0.0308534462,-0.0437164897,5.7299995422
2009-02-18,62.2466659546,96.9100036621,57.6458015442,48.4599990845,-0.0085596899,0.0151802323,-0.0024012439,-0.2000007629
2009-02-19,61.1884422302,95.7699966431,57.0258102417,47.0800018311,-0.0171466557,-0.0118333021,-0.0108134408,-1.3799972534
2009-02-20,61.7829399109,97.8000030518,56.4714508057,49.2999992371,0.0096689539,0.0209751598,-0.0097687616,2.2199974060
2009-02-23,62.3536682129,97.7300033569,54.4509544373,52.6199989319,0.0091952299,-0.0007159995,-0.0364348371,3.3199996948
2009-02-24,62.2882843018,94.7300033569,56.5152130127,45.4900016785,-0.0010491478,-0.0311778334,0.0372094809,-7.1299972534
2009-02-25,61.5689468384,93.1500015259,56.0702667236,44.6699981689,-0.0116157215,-0.0168196619,-0.0079041917,-0.8200035096
2009-02-26,60.9208984375,93.0599975586,55.1585044861,44.6599998474,-0.0105813579,-0.0009666932,-0.0163947268,-0.0099983215
2009-02-27,60.5701255798,92.6299972534,53.9257850647,46.3499984741,-0.0057744815,-0.0046313866,-0.0226021896,1.6899986267
2009-03-02,61.5728759766,90.9300003052,51.4968032837,52.6500015259,0.0164196542,-0.0185230505,-0.0460890170,6.3000030518
2009-03-03,61.1614685059,90.0400009155,51.1102333069,50.9300003052,-0.0067040569,-0.0098359569,-0.0075349960,-1.7200012207
2009-03-04,60.8813362122,88.9899978638,52.3210716248,47.5600013733,-0.0045907301,-0.0117300463,0.0234144515,-3.3699989319
2009-03-05,62.5744438171,91.9899978638,50.1838722229,50.1699981689,0.0274302874,0.0331558724,-0.0417054844,2.6099967956
2009-03-06,62.1571617126,92.2900009155,50.2714157104,49.3300018311,-0.0066909050,0.0032559509,0.0017429348,-0.8399963378
2009-03-09,61.7934722900,90.5699996948,49.6805763245,49.6800003052,-0.0058683115,-0.0188127742,-0.0118226011,0.3499984741
2009-03-10,60.6070594788,88.1399993896,52.6419792175,44.3699989319,-0.0193863532,-0.0271965765,0.0578998471,-5.3100013733
2009-03-11,61.2628669739,89.2200012207,52.9848289490,43.6100006104,0.0107625211,0.0121787909,0.0064917409,-0.7599983215
2009-03-12,61.5550155640,91.0999984741,55.0709609985,41.1800003052,0.0047574365,0.0208525441,0.0386169273,-2.4300003052
2009-03-13,61.2450103760,91.3000030518,55.5013198853,42.3600006104,-0.0050489541,0.0021930335,0.0077842486,1.1800003052
2009-03-16,60.2791976929,90.8000030518,55.3335533142,43.7400016785,-0.0158953189,-0.0054915018,-0.0030273269,1.3800010681
2009-03-17,59.9513473511,90.0400009155,57.0258102417,40.7999992371,-0.0054537082,-0.0084052930,0.0301245014,-2.9400024414
2009-03-18,62.2227516174,93.0899963379,58.3022689819,40.0600013733,0.0371873587,0.0333127016,0.0221370351,-0.7399978638
2009-03-19,62.3002281189,94.3499984741,57.5801544189,43.6800003052,0.0012443729,0.0134445279,-0.0124630447,3.6199989319
2009-03-20,61.9544487000,93.5899963379,56.3540649414,45.8899993896,-0.0055656708,-0.0080877546,-0.0215235917,2.2099990844
2009-03-23,61.4178810120,92.0800018311,60.4019088745,43.2299995422,-0.0086984022,-0.0162657167,0.0693663331,-2.6599998474
2009-03-24,62.0021667480,90.9499969482,59.2117881775,42.9300003052,0.0094683175,-0.0123479129,-0.0199000616,-0.2999992370
2009-03-25,61.1674652100,91.9800033569,59.8362236023,42.2500000000,-0.0135538980,0.0112613272,0.0104905767,-0.6800003052
2009-03-26,61.8769302368,91.9300003052,61.0557289124,40.3600006104,0.0115319822,-0.0005437774,0.0201758124,-1.8899993896
2009-03-27,62.3360099792,90.6900024414,59.9537506104,41.0400009155,0.0073918520,-0.0135802968,-0.0182135940,0.6800003051
2009-03-30,62.5744438171,89.9800033569,57.8820800781,45.5400009155,0.0038176809,-0.0078596637,-0.0351656029,4.5000000000
2009-03-31,63.0216064453,90.2799987793,58.4183578491,44.1399993896,0.0071206780,0.0033284777,0.0092223483,-1.4000015259
2009-04-01,63.5967559814,91.0299987793,59.5497207642,42.2799987793,0.0090848354,0.0082731707,0.0191814195,-1.8600006103
2009-04-02,62.8194961548,88.8000030518,61.2908477783,42.0400009155,-0.0122969888,-0.0248024247,0.0288189230,-0.2399978638
2009-04-03,61.5340423584,87.5899963379,61.9005584717,39.7000007629,-0.0206749177,-0.0137198900,0.0098986722,-2.3400001526
2009-04-06,61.2710189819,85.2699966431,61.4157066345,40.9300003052,-0.0042835983,-0.0268441410,-0.0078635910,1.2299995423
2009-04-07,61.4264221191,86.7399978638,59.9831581116,40.3899993896,0.0025331127,0.0170924604,-0.0236017861,-0.5400009156
2009-04-08,61.9705429077,86.6100006104,60.6296119690,38.8499984741,0.0088190875,-0.0014998244,0.0107195954,-1.5400009155
2009-04-09,61.1932640076,86.3099975586,63.0392608643,36.5299987793,-0.0126220395,-0.0034698514,0.0389743005,-2.3199996948
2009-04-13,61.7552680969,87.8799972534,63.0539321899,37.8100013733,0.0091421670,0.0180267783,0.0002327061,1.2800025940
2009-04-14,62.0781288147,87.3700027466,61.9666824341,37.6699981689,0.0052144487,-0.0058202105,-0.0173935662,-0.1400032044
2009-04-15,61.9705429077,87.5000000000,62.6278686523,36.1699981689,-0.0017345762,0.0014867876,0.0106135047,-1.5000000000
2009-04-16,61.4802818298,85.8099975586,63.5461540222,35.7900009155,-0.0079426550,-0.0195032720,0.0145561117,-0.3799972534
2009-04-17,60.8046150208,85.2200012207,63.9722366333,33.9399986267,-0.0110508117,-0.0068993590,0.0066827098,-1.8500022888
2009-04-20,61.7253532410,86.9499969482,61.2908477783,39.1800003052,0.0150290670,0.0200970433,-0.0428186570,5.2400016785
2009-04-21,61.1155166626,86.8899993896,62.4882583618,37.1399993896,-0.0099289689,-0.0006902619,0.0193481432,-2.0400009156
2009-04-22,60.7448577881,87.3799972534,62.1062545776,38.0999984741,-0.0060833560,0.0056234483,-0.0061319712,0.9599990845
2009-04-23,60.7389068604,88.8000030518,62.7160224915,37.1500015259,-0.0000979707,0.0161202923,0.0097702554,-0.9499969482
2009-04-24,60.1290321350,89.7200012207,63.6637077332,36.8199996948,-0.0100916737,0.0103070389,0.0149977058,-0.3300018311
2009-04-27,60.3861236572,89.0100021362,63.0612869263,38.3199996948,0.0042665491,-0.0079449763,-0.0095076010,1.5000000000
2009-04-28,59.3996315002,87.7500000000,62.8629379272,37.9500007629,-0.0164713151,-0.0142568846,-0.0031502940,-0.3699989319
2009-04-29,58.8735008240,88.3300018311,64.1999740601,36.0800018311,-0.0088969343,0.0065879591,0.0210460387,-1.8699989318
2009-04-30,58.6403045654,87.2699966431,64.2220001221,36.5000000000,-0.0039688369,-0.0120730988,0.0003430264,0.4199981689
2009-05-01,58.2366981506,86.9499969482,64.5672760010,35.2999992371,-0.0069065429,-0.0036735170,0.0053618860,-1.2000007629
2009-05-04,58.4286613464,88.6399993896,66.7638778687,34.5299987793,0.0032908375,0.0192500104,0.0334544648,-0.7700004578
2009-05-05,58.3566589355,88.2500000000,66.5360946655,33.3600006104,-0.0012330731,-0.0044095203,-0.0034176065,-1.1699981689
2009-05-06,58.2187614441,89.5400009155,67.6895065308,32.4500007629,-0.0023658084,0.0145117672,0.0171865910,-0.9099998475
2009-05-07,56.7974319458,89.4400024414,66.7491683960,33.4399986267,-0.0247165519,-0.0011174263,-0.0139893296,0.9899978638
2009-05-08,56.9353523254,89.9800033569,68.3066101074,32.0499992371,0.0024253420,0.0060194240,0.0230647037,-1.3899993896
2009-05-11,57.7449569702,89.6900024414,67.0283126831,32.8699989319,0.0141195659,-0.0032281534,-0.0188914349,0.8199996948
2009-05-12,57.9548454285,90.6999969482,66.8299713135,31.7999992371,0.0036281598,0.0111980161,-0.0029634552,-1.0699996948
2009-05-13,58.5845336914,91.0899963379,65.1476516724,33.6500015259,0.0108065513,0.0042906651,-0.0254953943,1.8500022888
2009-05-14,58.8124160767,91.0299987793,65.7059478760,31.3700008392,0.0038822588,-0.0006588794,0.0085331942,-2.2800006867
2009-05-15,58.7944183350,91.5500030518,65.1696853638,33.1199989319,-0.0003060663,0.0056961953,-0.0081950398,1.7499980927
2009-05-18,57.8828964233,90.3600006104,67.0209960938,30.2399997711,-0.0156249817,-0.0130836061,0.0280115324,-2.8799991608
2009-05-19,57.5770606995,90.9599990845,66.9401779175,28.7999992371,-0.0052977057,0.0066181410,-0.0012065912,-1.4400005340
2009-05-20,58.1827926636,92.2500000000,66.4920425415,29.0300006866,0.0104654157,0.0140824435,-0.0067170742,0.2300014495
2009-05-21,56.7194557190,93.8499984741,65.5370178223,31.3500003815,-0.0254723661,0.0171954639,-0.0144671389,2.3199996949
2009-05-22,56.0898094177,94.1500015259,65.3973922729,32.6300010681,-0.0111631405,0.0031915245,-0.0021327564,1.2800006866
2009-05-26,55.2442131042,93.7600021362,67.0723800659,30.6200008392,-0.0151905510,-0.0041509227,0.0252899516,-2.0100002289
2009-05-27,54.2666854858,93.4499969482,65.8749694824,32.3600006104,-0.0178530830,-0.0033118474,-0.0180137922,1.7399997712
2009-05-28,55.0522956848,94.2399978638,66.7932205200,31.6700000763,0.0143730524,0.0084181960,0.0138430426,-0.6900005341
2009-05-29,56.4735984802,96.1999969482,67.9760055542,28.9200000763,0.0254896813,0.0205846287,0.0175531972,-2.7500000000
2009-06-01,54.8040237427,95.7300033569,69.6215972900,30.0400009155,-0.0300096282,-0.0048975619,0.0239200417,1.1200008392
2009-06-02,55.0988426208,96.3600006104,69.6803588867,29.6299991608,0.0053650937,0.0065594201,0.0008436579,-0.4100017547
2009-06-03,55.6162910461,94.4100036621,68.7988204956,31.0200004578,0.0093474519,-0.0204441455,-0.0127318822,1.3900012970
2009-06-04,54.4670753479,96.2300033569,69.4453048706,30.1800003052,-0.0208797657,0.0190941557,0.0093528616,-0.8400001526
2009-06-05,54.0519676208,93.7099990845,69.4599838257,29.6200008392,-0.0076504499,-0.0265362969,0.0002113520,-0.5599994660
2009-06-08,53.9135589600,93.5599975586,69.1734619141,29.7700004578,-0.0025639432,-0.0016019817,-0.0041335237,0.1499996186
2009-06-09,53.9075775146,93.8300018311,69.5260772705,28.2700004578,-0.0001109513,0.0028817382,0.0050846040,-1.5000000000
2009-06-10,53.0592384338,93.8600006104,69.3498153687,28.4599990845,-0.0158620570,0.0003196631,-0.0025384103,0.1899986267
2009-06-11,53.6488761902,93.6999969482,69.6583099365,28.1100006104,0.0110515261,-0.0017061602,0.0044385186,-0.3499984741
2009-06-12,54.1301994324,92.1699981689,69.8493194580,28.1499996185,0.0089317233,-0.0164634785,0.0027383397,0.0399990081
2009-06-15,54.6175231934,91.0999984741,68.2477951050,30.8099994659,0.0089625237,-0.0116768906,-0.0231952154,2.6599998474
2009-06-16,55.5680923462,91.9300003052,67.3221893311,32.6800003052,0.0172543890,0.0090696337,-0.0136552373,1.8700008393
2009-06-17,55.2552566528,92.3499984741,67.2560729980,31.5400009155,-0.0056456790,0.0045582689,-0.0009825708,-1.1399993897
2009-06-18,54.4189605713,91.6100006104,67.7482833862,30.0300006866,-0.0152508459,-0.0080452474,0.0072918028,-1.5100002289
2009-06-19,55.1650238037,91.9000015259,67.9979782104,27.9899997711,0.0136164927,0.0031606033,0.0036788506,-2.0400009155
2009-06-22,55.7005157471,90.5400009155,65.9589233398,31.1700000763,0.0096602806,-0.0149092938,-0.0304457979,3.1800003052
2009-06-23,56.3562812805,90.9199981689,66.0106582642,30.5799999237,0.0117042971,0.0041882267,0.0007840432,-0.5900001526
2009-06-24,55.7907066345,91.4499969482,66.5794982910,29.0499992371,-0.0100863956,0.0058123626,0.0085804788,-1.5300006866
2009-06-25,56.8135452271,92.3099975586,68.0275115967,26.3600006104,0.0181674619,0.0093601101,0.0215155090,-2.6899986267
2009-06-26,56.9097671509,92.2900009155,67.8502273560,25.9300003052,0.0016922115,-0.0002166484,-0.0026094685,-0.4300003052
2009-06-29,56.9940414429,92.0400009155,68.4855651855,25.3500003815,0.0014797452,-0.0027125281,0.0093202587,-0.5799999237
2009-06-30,56.8977851868,91.1800003052,67.9314651489,26.3500003815,-0.0016903106,-0.0093876970,-0.0081236644,1.0000000000
2009-07-01,56.7849006653,92.3899993896,68.2122497559,26.2199993134,-0.0019859587,0.0131831629,0.0041248324,-0.1300010681
2009-07-02,56.9176673889,91.2500000000,66.3504638672,27.9500007629,0.0023353348,-0.0124157486,-0.0276734119,1.7300014495
2009-07-06,56.8090400696,90.7600021362,66.3431091309,29.0000000000,-0.0019103226,-0.0053843090,-0.0001108529,1.0499992371
2009-07-07,57.1893081665,90.7099990845,65.0576248169,30.8500003815,0.0066714915,-0.0005510889,-0.0195664862,1.8500003815
2009-07-08,58.2455329895,89.2699966431,65.0132827759,31.2999992371,0.0183004419,-0.0160021469,-0.0006818134,0.4499988556
2009-07-09,57.5514602661,89.5100021362,65.1388702393,29.7800006866,-0.0119878939,0.0026849272,0.0019298567,-1.5199985505
2009-07-10,58.0825729370,89.5800018311,64.9837646484,29.0200004578,0.0091861607,0.0007817265,-0.0023839921,-0.7600002288
2009-07-13,57.7566566467,90.1900024414,66.5647277832,26.3099994659,-0.0056270600,0.0067864820,0.0240373603,-2.7100009919
2009-07-14,56.7969627380,90.8099975586,66.9415588379,25.0200004578,-0.0167557580,0.0068508016,0.0056451582,-1.2899990081
2009-07-15,55.3362617493,92.2399978638,68.8993072510,25.8899993896,-0.0260544299,0.0156244680,0.0288261410,0.8699989318
2009-07-16,55.9338302612,91.9800033569,68.7884826660,25.4200000763,0.0107409681,-0.0028226542,-0.0016097957,-0.4699993133
2009-07-17,55.0707244873,91.9300003052,69.5420303345,24.3400001526,-0.0155511307,-0.0005437774,0.0108949950,-1.0799999237
2009-07-20,55.3604469299,93.2799987793,70.2808227539,24.3999996185,0.0052471255,0.0145782883,0.0105676473,0.0599994659
2009-07-21,56.4650039673,93.1299972534,70.6059036255,23.8700008392,0.0197556630,-0.0016093725,0.0046147917,-0.5299987793
2009-07-22,55.9579544067,93.4400024414,70.5911026001,23.4699993134,-0.0090204529,0.0033232082,-0.0002096507,-0.4000015258
2009-07-23,54.9318809509,93.2600021362,72.1499633789,23.4300003052,-0.0185067051,-0.0019282309,0.0218426666,-0.0399990082
2009-07-24,55.1974945068,93.4100036621,72.4454727173,23.0900001526,0.0048236734,0.0016071308,0.0040874008,-0.3400001526
2009-07-27,54.5637207031,93.7099990845,72.6597366333,24.2800006866,-0.0115483570,0.0032064523,0.0029532237,1.1900005340
2009-07-28,55.0465507507,92.1100006104,72.3199081421,25.0100002289,0.0088099986,-0.0172213757,-0.0046879562,0.7299995423
2009-07-29,55.3483734131,91.1999969482,72.1425399780,25.6100006104,0.0054680669,-0.0099286580,-0.0024555621,0.6000003815
2009-07-30,56.1330451965,91.6200027466,72.8961486816,25.3999996185,0.0140774086,0.0045947548,0.0103919236,-0.2100009919
2009-07-31,57.2255096436,93.3499984741,72.9995651245,25.9200000763,0.0192750917,0.0187062352,0.0014176765,0.5200004578
2009-08-03,56.3582725525,93.8700027466,74.2038269043,25.5599994659,-0.0152707354,0.0055550220,0.0163622404,-0.3600006104
2009-08-04,55.9101066589,94.6800003052,74.3958816528,24.8899993896,-0.0079838736,0.0085919123,0.0025848618,-0.6700000763
2009-08-05,55.0743598938,94.7799987793,74.1816177368,24.8999996185,-0.0150608926,0.0010556158,-0.0028842061,0.0100002289
2009-08-06,55.2620887756,94.5999984741,73.7974624634,25.6700000763,0.0034028477,-0.0019009437,-0.0051920330,0.7700004578
2009-08-07,54.8018569946,93.7500000000,74.7652969360,24.7600002289,-0.0083630377,-0.0090257951,0.0130294856,-0.9099998474
2009-08-10,55.4861984253,92.9300003052,74.6101379395,24.9899997711,0.0124102327,-0.0087851400,-0.0020774373,0.2299995422
2009-08-11,56.1281433105,92.7900009155,73.6792678833,25.9899997711,0.0115030372,-0.0015076396,-0.0125549398,1.0000000000
2009-08-12,55.5285987854,92.9499969482,74.4697570801,25.4500007629,-0.0107391686,0.0017227961,0.0106716423,-0.5399990082
2009-08-13,56.3158836365,93.7200012207,75.0386123657,24.7099990845,0.0140784389,0.0082499453,0.0076097149,-0.7400016784
2009-08-14,56.5339012146,93.0000000000,74.4623641968,24.2700004578,0.0038638594,-0.0077121335,-0.0077089934,-0.4399986267
2009-08-17,57.3696327209,91.6100006104,72.6301498413,27.8899993896,0.0146746369,-0.0150590505,-0.0249136965,3.6199989318
2009-08-18,57.0365829468,92.0599975586,73.2064666748,26.1800003052,-0.0058222486,0.0049000692,0.0079036369,-1.7099990844
2009-08-19,57.5089225769,92.5299987793,73.8491973877,26.2600002289,0.0082472430,0.0050923912,0.0087413812,0.0799999237
2009-08-20,57.9813156128,92.2699966431,74.6101379395,25.0900001526,0.0081807030,-0.0028138779,0.0102512545,-1.1700000763
2009-08-21,56.7882652283,93.6500015259,76.0729217529,25.0100002289,-0.0207911078,0.0148454200,0.0194159817,-0.0799999237
2009-08-24,57.8178176880,92.3399963379,76.0655364990,25.1399993896,0.0179672864,-0.0140870678,-0.0000970860,0.1299991607
2009-08-25,58.1448516846,92.7600021362,76.2132949829,24.9200000763,0.0056403473,0.0045381580,0.0019406313,-0.2199993133
2009-08-26,58.4112892151,92.7900009155,76.2206878662,24.9500007629,0.0045718397,0.0003233498,0.0000969978,0.0300006866
2009-08-27,58.1811790466,93.1900024414,76.3906173706,24.6800003052,-0.0039472613,0.0043015608,0.0022269592,-0.2700004577
2009-08-28,58.4476318359,93.8700027466,76.3758316040,24.7600002289,0.0045692527,0.0072704296,-0.0001935735,0.0799999237
2009-08-31,58.5021476746,93.4000015259,75.6961669922,26.0100002289,0.0009322949,-0.0050195140,-0.0089387809,1.2500000000
2009-09-01,58.3605575562,93.9000015259,74.0265045166,29.1499996185,-0.0024231886,0.0053390409,-0.0223043268,3.1399993896
2009-09-02,59.2111244202,96.1900024414,73.7457656860,28.8999996185,0.0144691594,0.0240950251,-0.0037996191,-0.2500000000
2009-09-03,58.8466072083,97.4599990845,74.3589401245,27.1000003815,-0.0061752562,0.0131166005,0.0082803303,-1.7999992370
2009-09-04,57.8441772461,97.5299987793,75.4006271362,25.2600002289,-0.0171813846,0.0007179824,0.0139116830,-1.8400001526
2009-09-08,57.4371337891,97.4300003052,76.0507812500,25.6200008392,-0.0070617717,-0.0010258359,0.0085856991,0.3600006103
2009-09-09,57.3702812195,97.0800018311,76.6343994141,24.3199996948,-0.0011646038,-0.0035987748,0.0076447630,-1.3000011444
2009-09-10,58.4274063110,97.6999969482,77.4175338745,23.5499992371,0.0182586454,0.0063661281,0.0101672363,-0.7700004577
2009-09-11,58.7494049072,98.7799987793,77.4027709961,24.1499996185,0.0054959578,0.0109936149,-0.0001907098,0.6000003814
2009-09-14,58.1661834717,97.9599990845,77.7794952393,23.8600006104,-0.0099768779,-0.0083359200,0.0048552582,-0.2899990081
2009-09-15,57.8684806824,98.9000015259,78.1046066284,23.4200000763,-0.0051312846,0.0095500313,0.0041711997,-0.4400005341
2009-09-16,57.9717674255,99.9100036621,79.2866668701,23.6900005341,0.0017832622,0.0101605633,0.0150209404,0.2700004578
2009-09-17,58.7008056641,99.3399963379,79.1684494019,23.6499996185,0.0124973283,-0.0057215446,-0.0014921259,-0.0400009156
2009-09-18,58.1783142090,98.6699981689,79.2189254761,23.9200000763,-0.0089407746,-0.0067673425,0.0006373750,0.2700004578
2009-09-21,58.3119392395,98.3600006104,79.0184783936,24.0599994659,0.0022941849,-0.0031467068,-0.0025334995,0.1399993896
2009-09-22,58.4334678650,99.6699981689,79.4787597656,23.0799999237,0.0020819435,0.0132304871,0.0058080844,-0.9799995422
2009-09-23,58.6096878052,98.8300018311,78.8180618286,23.4899997711,0.0030111983,-0.0084634897,-0.0083476316,0.4099998474
2009-09-24,58.7798042297,97.5500030518,77.9495849609,24.9500007629,0.0028983266,-0.0130361226,-0.0110799106,1.4600009918
2009-09-25,59.5270919800,97.0000000000,77.5339202881,25.6100006104,0.0126332059,-0.0056541199,-0.0053467493,0.6599998475
2009-09-28,60.0495491028,97.0500030518,78.9219894409,24.8799991608,0.0087385035,0.0005153626,0.0177443674,-0.7300014496
2009-09-29,59.9948425293,97.4300003052,78.6844558716,25.1900005341,-0.0009114391,0.0039078335,-0.0030142644,0.3100013733
2009-09-30,59.9401702881,98.8499984741,78.3801040649,25.6100006104,-0.0009116978,0.0144693596,-0.0038755043,0.4200000763
2009-10-01,60.7611122131,97.8899993896,76.4352722168,28.2700004578,0.0136030797,-0.0097591411,-0.0251258526,2.6599998474
2009-10-02,60.3405723572,98.3700027466,76.0789642334,28.6800003052,-0.0069452634,0.0048915144,-0.0046724639,0.4099998474
2009-10-05,60.3466987610,99.8199996948,77.2146606445,26.8400001526,0.0001015253,0.0146326535,0.0148175398,-1.8400001526
2009-10-06,59.7494354248,102.2799987793,78.3207321167,25.7000007629,-0.0099465027,0.0243455775,0.0142230022,-1.1399993897
2009-10-07,60.4502944946,102.3600006104,78.5360260010,24.6800003052,0.0116617069,0.0007818788,0.0027451035,-1.0200004577
2009-10-08,59.8164634705,103.6399993896,79.1372604370,24.1800003052,-0.0105405168,0.0124273325,0.0076263692,-0.5000000000
2009-10-09,58.4452209473,102.8399963379,79.6197814941,23.1200008392,-0.0231910105,-0.0077490030,0.0060787545,-1.0599994660
2009-10-12,58.5366363525,103.5599975586,79.9315261841,23.0100002289,0.0015628992,0.0069767845,0.0039077723,-0.1100006103
2009-10-13,58.8413658142,104.2600021362,79.7682266235,22.9899997711,0.0051922872,0.0067366685,-0.0020450829,-0.0200004578
2009-10-14,57.9698448181,104.1800003052,81.1415023804,22.8600006104,-0.0149221494,-0.0007676246,0.0170693110,-0.1299991607
2009-10-15,57.7017326355,102.8600006104,81.4384460449,21.7199993134,-0.0046357570,-0.0127513290,0.0036528981,-1.1400012970
2009-10-16,58.1709861755,103.1800003052,80.8297195435,21.4300003052,0.0080995097,0.0031061925,-0.0075027576,-0.2899990082
2009-10-19,58.6280860901,104.2300033569,81.4978256226,21.4899997711,0.0078271555,0.0101249892,0.0082316264,0.0599994659
2009-10-20,58.9449996948,103.4199981689,81.0672607422,20.8999996185,0.0053909340,-0.0078016787,-0.0052971508,-0.5900001526
2009-10-21,58.5915107727,103.7500000000,80.3398284912,22.2199993134,-0.0060149818,0.0031858098,-0.0090136955,1.3199996949
2009-10-22,58.3050842285,103.9199981689,81.1563415527,20.6900005341,-0.0049005211,0.0016371956,0.0101119428,-1.5299987793
2009-10-23,57.8662681580,103.4899978638,80.2284698486,22.2700004578,-0.0075546707,-0.0041463857,-0.0114989994,1.5799999237
2009-10-26,57.1166305542,101.8600006104,79.3599853516,24.3099994659,-0.0130392995,-0.0158756416,-0.0108841591,2.0399990081
2009-10-27,57.8967361450,101.8499984741,78.9962310791,24.8299999237,0.0135656850,-0.0000981998,-0.0045941349,0.5200004578
2009-10-28,58.1709861755,100.7300033569,77.5042114258,27.9099998474,0.0047256987,-0.0110574244,-0.0190678676,3.0799999237
2009-10-29,57.5371780396,102.6900024414,79.1669540405,24.7600002289,-0.0109553976,0.0192710617,0.0212266889,-3.1499996185
2009-10-30,58.3720817566,102.5299987793,76.8732376099,30.6900005341,0.0144064100,-0.0015593382,-0.0294011643,5.9300003052
2009-11-02,58.1141242981,103.9499969482,77.4373626709,29.7800006866,-0.0044289859,0.0137545582,0.0073115855,-0.9099998475
2009-11-03,57.5332450867,106.4599990845,77.6823654175,28.8099994659,-0.0100457814,0.0238593342,0.0031588883,-0.9700012207
2009-11-04,57.0074234009,107.0999984741,77.8827819824,27.7199993134,-0.0091814617,0.0059936441,0.0025766270,-1.0900001525
2009-11-05,57.0074234009,106.9800033569,79.3154220581,25.4300003052,0.0000000000,-0.0011210307,0.0182276859,-2.2899990082
2009-11-06,57.0624885559,107.4300003052,79.5232543945,24.1900005341,0.0009654633,0.0041975430,0.0026168999,-1.2399997711
2009-11-09,57.1296882629,108.1900024414,81.3345184326,23.1499996185,0.0011769583,0.0070494877,0.0225210204,-1.0400009156
2009-11-10,57.0257873535,108.3899993896,81.3493347168,22.8400001526,-0.0018203409,0.0018468649,0.0001821482,-0.3099994659
2009-11-11,57.2641792297,109.5999984741,81.7650299072,23.0400009155,0.0041717087,0.0111015324,0.0050969894,0.2000007629
2009-11-12,57.1602897644,108.2099990845,80.9336395264,24.2399997711,-0.0018158615,-0.0127635855,-0.0102200912,1.1999988556
2009-11-13,57.4231834412,109.7399978638,81.3716201782,23.3600006104,0.0045886921,0.0140401370,0.0053970120,-0.8799991607
2009-11-16,58.0957717896,111.6299972534,82.5518951416,22.8899993896,0.0116447720,0.0170758943,0.0144005618,-0.4700012208
2009-11-17,58.4076156616,111.9700012207,82.6483688354,22.4099998474,0.0053534000,0.0030411828,0.0011679607,-0.4799995422
2009-11-18,58.0651779175,112.2500000000,82.5964355469,21.6299991608,-0.0058801497,0.0024975374,-0.0006285619,-0.7800006866
2009-11-19,58.1691436768,112.3000030518,81.5200805664,22.6299991608,0.0017889000,0.0004453623,-0.0131171492,1.0000000000
2009-11-20,58.1569099426,112.9400024414,81.2305755615,22.1900005341,-0.0002103352,0.0056828369,-0.0035576546,-0.4399986267
2009-11-23,58.0835075378,114.2900009155,82.2624053955,21.1599998474,-0.0012629413,0.0118823601,0.0126224811,-1.0300006867
2009-11-24,58.4503898621,114.7300033569,82.3885726929,20.4699993134,0.0062965977,0.0038424852,0.0015325426,-0.6900005340
2009-11-25,58.7193870544,116.6200027466,82.6780624390,20.4799995422,0.0045915879,0.0163392383,0.0035075537,0.0100002288
2009-11-27,58.9394607544,115.0599975586,81.3345184326,24.7399997711,0.0037408824,-0.0134670991,-0.0163837927,4.2600002289
2009-11-30,59.0801429749,115.6399993896,81.6091384888,24.5100002289,0.0023840495,0.0050282017,0.0033707396,-0.2299995422
2009-12-01,58.4219779968,117.3799972534,82.6186904907,21.9200000763,-0.0112027231,0.0149345999,0.0122946851,-2.5900001526
2009-12-02,58.4710578918,119.1800003052,82.5815505981,21.1200008392,0.0008397403,0.0152184461,-0.0004496349,-0.7999992371
2009-12-03,57.8638191223,118.6999969482,81.9357604980,22.4599990845,-0.0104395913,-0.0040356820,-0.0078507655,1.3399982453
2009-12-04,57.2504768372,113.7500000000,82.4034271240,21.2500000000,-0.0106563322,-0.0425962181,0.0056914957,-1.2099990845
2009-12-07,57.3240814209,113.1100006104,82.2772369385,22.1000003815,0.0012848331,-0.0056422559,-0.0015325443,0.8500003815
2009-12-08,57.4099349976,110.9499969482,81.3641815186,23.6900005341,0.0014965674,-0.0192811801,-0.0111593373,1.5900001526
2009-12-09,57.1461944580,110.8399963379,81.6685333252,22.6599998474,-0.0046045726,-0.0009919349,0.0037336330,-1.0300006867
2009-12-10,56.4899253845,110.8199996948,82.1287689209,22.3199996948,-0.0115504889,-0.0001804263,0.0056195896,-0.3400001526
2009-12-11,56.4837875366,109.3199996948,82.4776306152,21.5900001526,-0.0001086598,-0.0136279024,0.0042387443,-0.7299995422
2009-12-14,56.5512466431,110.2399978638,83.0418167114,21.1499996185,0.0011935966,0.0083804296,0.0068171842,-0.4400005341
2009-12-15,56.2997779846,110.2099990845,82.6557769775,21.4899997711,-0.0044566556,-0.0002721595,-0.0046595780,0.3400001526
2009-12-16,56.2323036194,111.5899963379,82.7819900513,20.5400009155,-0.0011992024,0.0124437790,0.0015258076,-0.9499988556
2009-12-17,57.1585121155,107.3399963379,81.7873077393,22.5100002289,0.0163369333,-0.0388300747,-0.0120884568,1.9699993134
2009-12-18,56.9130973816,108.9499969482,82.2500305176,21.6800003052,-0.0043028255,0.0148877007,0.0056416912,-0.8299999237
2009-12-21,55.9011039734,106.9499969482,83.0858688354,20.4899997711,-0.0179413681,-0.0185276264,0.0101108766,-1.1900005341
2009-12-22,55.5882644653,106.1699981689,83.3844070435,19.5400009155,-0.0056120208,-0.0073198412,0.0035866887,-0.9499988556
2009-12-23,55.6005744934,106.5500030518,83.5485839844,19.7099990845,0.0002214256,0.0035728214,0.0019669808,0.1699981690
2009-12-24,55.0240364075,108.3600006104,83.9441070557,19.4699993134,-0.0104234185,0.0168446357,0.0047228784,-0.2399997711
2009-12-28,54.8706550598,108.5500030518,84.1232376099,19.9300003052,-0.0027914260,0.0017519016,0.0021316529,0.4600009918
2009-12-29,55.2325859070,107.4700012207,84.0038223267,20.0100002289,0.0065744141,-0.0099991742,-0.0014205364,0.0799999237
2009-12-30,55.5957527161,106.9300003052,83.9739608765,19.9599990845,0.0065537048,-0.0050373326,-0.0003555405,-0.0500011444
2009-12-31,55.3310546875,107.3099975586,83.1679458618,21.6800003052,-0.0047724898,0.0035474016,-0.0096447537,1.7200012207
2010-01-04,55.2818222046,109.8000030518,84.5784606934,20.0400009155,-0.0008901764,0.0229387377,0.0168176250,-1.6399993897
2010-01-05,55.6388549805,109.6999969482,84.8023605347,19.3500003815,0.0064376457,-0.0009112174,0.0026437464,-0.6900005340
2010-01-06,54.8940620422,111.5100021362,84.8620452881,19.1599998474,-0.0134766046,0.0163649527,0.0007035625,-0.1900005341
2010-01-07,54.9863967896,110.8199996948,85.2202835083,19.0599994659,0.0016806404,-0.0062070314,0.0042125335,-0.1000003815
2010-01-08,54.9617767334,111.3700027466,85.5038833618,18.1299991608,-0.0004478484,0.0049507554,0.0033223195,-0.9300003051
2010-01-11,54.6601600647,112.8499984741,85.6233215332,17.5499992371,-0.0055028663,0.0132014737,0.0013958995,-0.5799999237
2010-01-12,55.5957527161,110.4899978638,84.8247604370,18.2500000000,0.0169716995,-0.0211344900,-0.0093702074,0.7000007629
2010-01-13,54.9494514465,111.5400009155,85.5411758423,17.8500003815,-0.0116931103,0.0094582794,0.0084103624,-0.3999996185
2010-01-14,55.7189140320,112.0299987793,85.7725601196,17.6299991608,0.0139059610,0.0043834025,0.0027012944,-0.2200012207
2010-01-15,56.0635948181,110.8600006104,84.8098297119,17.9099998474,0.0061670092,-0.0104985322,-0.0112876907,0.2800006866
2010-01-19,55.9035568237,111.5199966431,85.8695602417,17.5799999237,-0.0028586617,0.0059357674,0.0124179510,-0.3299999237
2010-01-20,56.4698219299,108.9400024414,84.9963989258,18.6800003052,0.0100783639,-0.0234066225,-0.0102205134,1.1000003815
2010-01-21,56.7283935547,107.3700027466,83.3619918823,22.2700004578,0.0045684832,-0.0145164553,-0.0194164174,3.5900001526
2010-01-22,56.6299057007,107.1699981689,81.5037384033,27.3099994659,-0.0017376386,-0.0018644974,-0.0225435835,5.0399990081
2010-01-25,56.3713569641,107.4800033569,81.9216537476,25.4099998474,-0.0045760407,0.0028884733,0.0051144593,-1.8999996185
2010-01-26,56.3897781372,107.5599975586,81.5783462524,24.5499992371,0.0003267291,0.0007439937,-0.0041994862,-0.8600006103
2010-01-27,56.3589935303,106.5299987793,81.9664077759,23.1399993896,-0.0005460744,-0.0096221845,0.0047456399,-1.4099998475
2010-01-28,56.3282699585,106.4800033569,81.0260848999,23.7299995422,-0.0005452892,-0.0004694186,-0.0115383634,0.5900001526
2010-01-29,56.8206901550,105.9599990845,80.1454467773,24.6200008392,0.0087039829,-0.0048955498,-0.0109280700,0.8900012970
2010-02-01,56.3048973083,108.3499984741,81.3917694092,22.5900001526,-0.0091190054,0.0223050581,0.0154310863,-2.0300006866
2010-02-02,56.4654922485,109.1299972534,82.3768997192,21.4799995422,0.0028481776,0.0071730931,0.0120308994,-1.1100006104
2010-02-03,55.8107414246,108.6999969482,81.9664077759,21.6000003815,-0.0116633454,-0.0039480409,-0.0049955523,0.1200008393
2010-02-04,56.6940383911,104.3700027466,79.4364013672,26.0799999237,0.0157027127,-0.0406494619,-0.0313527834,4.4799995422
2010-02-05,56.8175964355,104.6800003052,79.6006546021,26.1100006104,0.0021770120,0.0029657764,0.0020655978,0.0300006867
2010-02-08,56.8917617798,104.0400009155,79.0259628296,26.5100002289,0.0013044723,-0.0061326312,-0.0072458746,0.3999996185
2010-02-09,56.3234634399,105.4100036621,80.0185928345,26.0000000000,-0.0100393408,0.0130820936,0.0124825762,-0.5100002289
2010-02-10,55.7860145569,105.1200027466,79.8618469238,25.3999996185,-0.0095880029,-0.0027549621,-0.0019607897,-0.6000003815
2010-02-11,55.4832916260,107.1299972534,80.6977005005,23.9599990845,-0.0054412791,0.0189404438,0.0104118521,-1.4400005340
2010-02-12,55.7119026184,107.0400009155,80.6305236816,22.7299995422,0.0041118920,-0.0008404197,-0.0008327969,-1.2299995423
2010-02-16,55.8169174194,109.6200027466,81.8992538452,22.2500000000,0.0018831874,0.0238172597,0.0156125967,-0.4799995422
2010-02-17,55.1806716919,109.2500000000,82.2873458862,21.7199993134,-0.0114642615,-0.0033810307,0.0047274597,-0.5300006866
2010-02-18,54.9582824707,109.9800033569,82.7724304199,20.6299991608,-0.0040383446,0.0066597276,0.0058777001,-1.0900001526
2010-02-19,55.2548179626,109.4700012207,82.9440841675,20.0200004578,0.0053811426,-0.0046480113,0.0020716560,-0.6099987030
2010-02-22,55.0262527466,109.0699996948,82.9589920044,19.9400005341,-0.0041451455,-0.0036606751,0.0001797174,-0.0799999237
2010-02-23,55.8848648071,107.8899993896,81.9515075684,21.3700008392,0.0154831947,-0.0108776912,-0.0122187122,1.4300003051
2010-02-24,56.0207862854,107.3600006104,82.7052612305,20.2700004578,0.0024292168,-0.0049245050,0.0091555171,-1.1000003814
2010-02-25,56.3357849121,108.3099975586,82.5933074951,20.1000003815,0.0056071389,0.0088097844,-0.0013545641,-0.1700000763
2010-02-26,56.6261405945,109.4300003052,82.6455459595,19.5000000000,0.0051407821,0.0102876149,0.0006322782,-0.6000003815
2010-03-01,56.6013107300,109.4300003052,83.5038223267,19.2600002289,-0.0004385838,0.0000000000,0.0103314747,-0.2399997711
2010-03-02,56.5269927979,111.0199966431,83.7351684570,19.0599994659,-0.0013138700,0.0144252568,0.0027666548,-0.2000007630
2010-03-03,56.3844261169,111.6299972534,83.8098144531,18.8299999237,-0.0025252850,0.0054794714,0.0008910562,-0.2299995422
2010-03-04,56.6819114685,110.8300018311,84.0635452271,18.7199993134,0.0052621504,-0.0071922941,0.0030228854,-0.1100006103
2010-03-05,55.9382743835,110.8099975586,85.2650909424,17.4200000763,-0.0132062984,-0.0001805114,0.0141921167,-1.2999992371
2010-03-08,55.6470031738,109.8799972534,85.2799987793,17.7900009155,-0.0052206147,-0.0084281647,0.0001748258,0.3700008392
2010-03-09,55.6593704224,109.7200012207,85.4218063354,17.9200000763,0.0002222200,-0.0014571590,0.0016614656,0.1299991608
2010-03-10,55.5169105530,108.4700012207,85.8024215698,18.5699996948,-0.0025627759,-0.0114580289,0.0044458178,0.6499996185
2010-03-11,55.7214050293,108.5999984741,86.1606445312,18.0599994659,0.0036766955,0.0011977451,0.0041662839,-0.5100002289
2010-03-12,56.0683784485,107.9499969482,86.1681137085,17.5799999237,0.0062076251,-0.0060032648,0.0000866852,-0.4799995422
2010-03-15,55.9940719604,108.3600006104,86.1905059814,18.0000000000,-0.0013261623,0.0037908942,0.0002598335,0.4200000763
2010-03-16,56.4402236938,110.4000015259,86.8770904541,17.6900005341,0.0079362631,0.0186511248,0.0079343342,-0.3099994659
2010-03-17,56.6819114685,109.5899963379,87.3920593262,16.9099998474,0.0042730477,-0.0073640516,0.0059100578,-0.7800006867
2010-03-18,56.4959869385,110.3399963379,87.3472671509,16.6200008392,-0.0032855301,0.0068203786,-0.0005126742,-0.2899990082
2010-03-19,56.5517692566,108.2799987793,86.9051284790,16.9699993134,0.0009868807,-0.0188460212,-0.0050747035,0.3499984742
2010-03-22,56.6137199402,107.7500000000,87.3697280884,16.8700008392,0.0010948689,-0.0049067245,0.0053318157,-0.0999984742
2010-03-23,56.3473014832,108.3199996948,87.9842300415,16.3500003815,-0.0047170068,0.0052760774,0.0070087322,-0.5200004577
2010-03-24,55.3186111450,106.3000030518,87.5570755005,17.5499992371,-0.0184249502,-0.0188244923,-0.0048667222,1.1999988556
2010-03-25,54.9653816223,106.7799987793,87.4146957397,18.3999996185,-0.0064058386,0.0045053176,-0.0016274601,0.8500003814
2010-03-26,55.1203117371,108.5899963379,87.3622589111,17.7700004578,0.0028147203,0.0168086569,-0.0006000428,-0.6299991607
2010-03-29,54.9096031189,108.7500000000,87.9167633057,17.5900001526,-0.0038300289,0.0014723815,0.0063271262,-0.1800003052
2010-03-30,55.0831413269,107.9700012207,87.9767303467,17.1299991608,0.0031554509,-0.0071982479,0.0006818563,-0.4600009918
2010-03-31,55.4611129761,108.9499969482,87.6769714355,17.5900001526,0.0068384038,0.0090356113,-0.0034130701,0.4600009918
2010-04-01,55.3255310059,110.2600021362,88.2764968872,17.4699993134,-0.0024476242,0.0119521992,0.0068146173,-0.1200008392
2010-04-05,54.4050025940,110.8899993896,88.9958877563,17.0200004578,-0.0167783747,0.0056974809,0.0081162649,-0.4499988556
2010-04-06,54.4920959473,111.0299987793,89.2057113647,16.2299995422,0.0015995536,0.0012617106,0.0023549026,-0.7900009156
2010-04-07,55.1887016296,112.4899978638,88.6961441040,16.6200008392,0.0127025890,0.0130638857,-0.0057286491,0.3900012970
2010-04-08,55.2135772705,112.6500015259,89.0034103394,16.4799995422,0.0004506364,0.0014213706,0.0034582703,-0.1400012970
2010-04-09,55.3441886902,113.6399993896,89.5879211426,16.1399993896,0.0023627735,0.0087498712,0.0065458148,-0.3400001526
2010-04-12,55.6365089417,113.0100021362,89.7302551270,15.5799999237,0.0052679598,-0.0055592223,0.0015875024,-0.5599994659
2010-04-13,55.8168869019,112.6900024414,89.7977294922,16.2000007629,0.0032368348,-0.0028356216,0.0007516864,0.6200008392
2010-04-14,55.4250373840,113.0299987793,90.8168640137,15.5900001526,-0.0070450263,0.0030125518,0.0112853044,-0.6100006103
2010-04-15,55.4872665405,113.6500015259,90.8918151855,15.8900003433,0.0011221327,0.0054703043,0.0008249598,0.3000001907
2010-04-16,55.8915443420,111.2399978638,89.4455184937,18.3600006104,0.0072595420,-0.0214335536,-0.0160402472,2.4700002671
2010-04-19,55.7546997070,111.1500015259,89.7827453613,17.3400001526,-0.0024513982,-0.0008093560,0.0037631036,-1.0200004578
2010-04-20,55.9537582397,111.4599990845,90.5845718384,15.7299995422,0.0035638974,0.0027851198,0.0088910981,-1.6100006104
2010-04-21,56.4139862061,112.3099975586,90.4197158813,16.3199996948,0.0081915062,0.0075971093,-0.0018215701,0.5900001526
2010-04-22,56.2460517883,111.8399963379,90.6894683838,16.4699993134,-0.0029812619,-0.0041936375,0.0029788959,0.1499996186
2010-04-23,56.0470199585,113.1900024414,91.2815017700,16.6200008392,-0.0035448676,0.0119985985,0.0065069222,0.1500015258
2010-04-26,56.1092529297,112.7500000000,90.9367675781,17.4699993134,0.0011097547,-0.0038948658,-0.0037837546,0.8499984742
2010-04-27,56.8991889954,114.6299972534,88.7860641479,22.8099994659,0.0139803526,0.0165365478,-0.0239347008,5.3400001525
2010-04-28,56.4139862061,114.3099975586,89.4604873657,21.0799999237,-0.0085639777,-0.0027954915,0.0075673434,-1.7299995422
2010-04-29,56.6503219604,114.2799987793,90.5695800781,18.4400005341,0.0041805606,-0.0002624680,0.0123213501,-2.6399993896
2010-04-30,57.3034477234,115.3600006104,89.0333557129,22.0499992371,0.0114631208,0.0094061121,-0.0171073131,3.6099987030
2010-05-03,57.2285499573,115.7300033569,90.1873931885,20.1900005341,-0.0013078926,0.0032022420,0.0128785694,-1.8599987030
2010-05-04,58.2584342957,114.8700027466,88.0666503906,23.8400001526,0.0178359777,-0.0074588428,-0.0237957336,3.6499996185
2010-05-05,58.6016616821,115.0899963379,87.5421142578,24.9099998474,0.0058741758,0.0019133211,-0.0059739352,1.0699996948
2010-05-06,60.4117202759,118.4899978638,84.6345214844,32.7999992371,0.0304200779,0.0291141516,-0.0337777446,7.8899993897
2010-05-07,59.6565246582,118.2699966431,83.3755722046,40.9500007629,-0.0125796055,-0.0018584329,-0.0149868715,8.1500015258
2010-05-10,58.4206962585,117.5699996948,87.0475082397,28.8400001526,-0.0209333099,-0.0059362196,0.0430986741,-12.1100006103
2010-05-11,58.2709083557,120.6600036621,86.8001861572,28.3199996948,-0.0025672453,0.0259428051,-0.0028452750,-0.5200004578
2010-05-12,57.8277282715,121.4000015259,88.0141830444,25.5200004578,-0.0076345812,0.0061141878,0.0138892061,-2.7999992370
2010-05-13,58.2084808350,120.5599975586,86.9201431274,26.6800003052,0.0065626744,-0.0069433571,-0.0125081704,1.1599998474
2010-05-14,59.2196044922,120.3700027466,85.3464279175,31.2399997711,0.0172215811,-0.0015771789,-0.0182712058,4.5599994659
2010-05-17,59.0011367798,119.3600006104,85.3913803101,30.8400001526,-0.0036959329,-0.0084262136,0.0005265664,-0.3999996185
2010-05-18,59.9061203003,119.4899978638,84.2298736572,33.5499992371,0.0152219640,0.0010885264,-0.0136955102,2.7099990845
2010-05-19,60.1058654785,116.6299972534,83.7502517700,35.3199996948,0.0033287569,-0.0242261608,-0.0057104754,1.7700004577
2010-05-20,61.3729476929,115.8399963379,80.5878829956,45.7900009155,0.0208617146,-0.0067966101,-0.0384908737,10.4700012207
2010-05-21,61.4353446960,115.2200012207,81.7644500732,40.0999984741,0.0010161693,-0.0053665421,0.0144942503,-5.6900024414
2010-05-24,61.2231369019,116.8399963379,80.7152633667,38.3199996948,-0.0034601440,0.0139620913,-0.0129148589,-1.7799987793
2010-05-25,61.5226898193,117.3600006104,80.7977218628,34.6100006104,0.0048808749,0.0044406929,0.0010210758,-3.7099990844
2010-05-26,61.3479804993,118.4700012207,80.3105926514,35.0200004578,-0.0028437940,0.0094136352,-0.0060472446,0.4099998474
2010-05-27,59.9561080933,118.6900024414,83.0009002686,29.6800003052,-0.0229494902,0.0018552984,0.0329499286,-5.3400001526
2010-05-28,60.2307243347,118.8799972534,81.9592437744,32.0699996948,0.0045698304,0.0015994852,-0.0126293578,2.3899993896
2010-06-01,60.6540603638,119.9100036621,80.5803909302,35.5400009155,0.0070039875,0.0086269341,-0.0169667654,3.4700012207
2010-06-02,60.0779342651,119.7799987793,82.6786575317,30.1700000763,-0.0095439568,-0.0010847753,0.0257061666,-5.3700008392
2010-06-03,59.6395378113,117.9599990845,82.9634170532,29.4599990845,-0.0073238836,-0.0153111405,0.0034382545,-0.7100009918
2010-06-04,61.2427864075,119.1900024414,80.0483474731,35.4799995422,0.0265273293,0.0103733028,-0.0357689567,6.0200004577
2010-06-07,61.7125129700,121.4899978638,79.0516815186,36.5699996948,0.0076406442,0.0191130583,-0.0125289605,1.0900001526
2010-06-08,61.4055900574,121.0000000000,79.8984680176,33.7000007629,-0.0049858395,-0.0040413917,0.0106548438,-2.8699989319
2010-06-09,61.3367004395,120.5599975586,79.4713134766,33.7299995422,-0.0011225084,-0.0036430115,-0.0053605591,0.0299987793
2010-06-10,60.2407379150,118.9700012207,81.7943801880,30.5699996948,-0.0180295329,-0.0132761633,0.0288124196,-3.1599998474
2010-06-11,61.0047111511,120.0100021362,82.1915664673,28.7900009155,0.0126022602,0.0087037197,0.0048441597,-1.7799987793
2010-06-14,60.6916427612,119.5999984741,82.0641632080,28.5799999237,-0.0051450856,-0.0034222617,-0.0015512796,-0.2100009918
2010-06-15,60.4411201477,120.9899978638,83.9301223755,25.8700008392,-0.0041363371,0.0115550511,0.0224831567,-2.7099990845
2010-06-16,60.7855987549,120.3300018311,83.9001617432,25.9200000763,0.0056832279,-0.0054698962,-0.0003570349,0.0499992371
2010-06-17,61.2803153992,121.9000015259,84.0350189209,25.0499992371,0.0081057739,0.0129630653,0.0016060626,-0.8700008392
2010-06-18,61.1801338196,122.8300018311,84.1261520386,23.9500007629,-0.0016361462,0.0076002515,0.0010838784,-1.0999984742
2010-06-21,61.0047111511,120.3899993896,83.8852081299,24.8799991608,-0.0028714329,-0.0200648326,-0.0028681879,0.9299983979
2010-06-22,61.7312355042,121.4499969482,82.4997482300,27.0499992371,0.0118389577,0.0087661624,-0.0166540528,2.1700000763
2010-06-23,62.1508598328,120.9499969482,82.2437744141,26.9099998474,0.0067746018,-0.0041254185,-0.0031075458,-0.1399993897
2010-06-24,61.7813491821,121.3000030518,80.8809585571,29.7399997711,-0.0059631269,0.0028896293,-0.0167092695,2.8299999237
2010-06-25,62.0319175720,122.7600021362,81.2197799683,28.5300006866,0.0040475264,0.0119644060,0.0041803869,-1.2099990845
2010-06-28,62.6142959595,121.0899963379,80.9637756348,29.0000000000,0.0093445699,-0.0136972066,-0.0031569729,0.4699993134
2010-06-29,63.2969284058,121.2699966431,78.4640350342,34.1300010681,0.0108431816,0.0014853965,-0.0313614729,5.1300010681
2010-06-30,63.7227821350,121.6800003052,77.7185897827,34.5400009155,0.0067053424,0.0033752135,-0.0095458879,0.4099998474
2010-07-01,63.8232574463,117.0400009155,77.3722610474,32.8600006104,0.0015755147,-0.0388788859,-0.0044661475,-1.6800003051
2010-07-02,63.3144569397,118.4899978638,76.9506225586,30.1200008392,-0.0080039700,0.0123127863,-0.0054643813,-2.7399997712
2010-07-06,63.8358650208,116.5100021362,77.4550628662,29.6499996185,0.0082014893,-0.0168514262,0.0065339835,-0.4700012207
2010-07-07,63.0883293152,117.7300033569,79.8946075439,26.8400001526,-0.0117793830,0.0104167710,0.0310104262,-2.8099994659
2010-07-08,62.6862869263,117.2099990845,80.6852035522,25.7099990845,-0.0063930826,-0.0044267057,0.0098468468,-1.1300010681
2010-07-09,62.3282203674,118.3600006104,81.2875671387,24.9799995422,-0.0057284158,0.0097636428,0.0074378719,-0.7299995423
2010-07-12,62.3030776978,117.3399963379,81.3402175903,24.4300003052,-0.0004034728,-0.0086551604,0.0006474964,-0.5499992370
2010-07-13,61.7691688538,118.3600006104,82.5675582886,24.5599994659,-0.0086064717,0.0086551604,0.0149762710,0.1299991607
2010-07-14,62.3910255432,118.3000030518,82.5599975586,24.8899993896,0.0100170895,-0.0005070359,-0.0000915744,0.3299999237
2010-07-15,63.0129470825,118.2300033569,82.5825881958,25.1399993896,0.0099187709,-0.0005918885,0.0002735895,0.2500000000
2010-07-16,63.3207511902,116.6699981689,80.3087387085,26.2500000000,0.0048728838,-0.0132824871,-0.0279204209,1.1100006104
2010-07-19,62.9312973022,115.7300033569,80.7830963135,25.9699993134,-0.0061694860,-0.0080895003,0.0058892988,-0.2800006866
2010-07-20,63.0254745483,116.6500015259,81.6790847778,23.9300003052,0.0014953902,0.0079180907,0.0110302292,-2.0399990082
2010-07-21,64.0934295654,115.8499984741,80.6174621582,25.6399993896,0.0168028532,-0.0068817738,-0.0130826907,1.7099990844
2010-07-22,63.3521728516,116.8600006104,82.4169616699,24.6299991608,-0.0116326505,0.0086804046,0.0220759831,-1.0100002288
2010-07-23,62.6800270081,116.0899963379,83.1322174072,23.4699993134,-0.0106663570,-0.0066109215,0.0086410599,-1.1599998474
2010-07-26,62.5731887817,115.5199966431,83.9981155396,22.7299995422,-0.0017059562,-0.0049220747,0.0103620434,-0.7399997712
2010-07-27,61.9701881409,113.5100021362,83.9906082153,23.1900005341,-0.0096834592,-0.0175526885,-0.0000893789,0.4600009919
2010-07-28,62.1711845398,113.7799987793,83.4484786987,24.2500000000,0.0032381884,0.0023757910,-0.0064755658,1.0599994659
2010-07-29,62.1523094177,114.2900009155,83.0419006348,24.1299991608,-0.0003036453,0.0044723373,-0.0048841125,-0.1200008392
2010-07-30,63.1197319031,115.4899978638,83.0267944336,23.5000000000,0.0154454531,0.0104448417,-0.0001819271,-0.6299991608
2010-08-02,62.2336502075,115.5400009155,84.9016418457,22.0100002289,-0.0141375755,0.0004328706,0.0223300515,-1.4899997711
2010-08-03,62.5928764343,115.9899978638,84.4950942993,22.6299991608,0.0057556231,0.0038871638,-0.0047999547,0.6199989319
2010-08-04,62.1138496399,116.7200012207,85.0597457886,22.2099990845,-0.0076824910,0.0062739526,0.0066604242,-0.4200000763
2010-08-05,62.4038047791,116.9800033569,84.9694213867,22.1000003815,0.0046572619,0.0022250940,-0.0010624578,-0.1099987030
2010-08-06,63.0844841003,117.8399963379,84.6230545044,21.7399997711,0.0108485980,0.0073247324,-0.0040847020,-0.3600006104
2010-08-09,62.8512687683,117.4000015259,85.0748138428,22.1399993896,-0.0037037234,-0.0037408207,0.0053242909,0.3999996185
2010-08-10,62.9835777283,117.7300033569,84.6155395508,22.3700008392,0.0021028994,0.0028069752,-0.0054130999,0.2300014496
2010-08-11,63.8280868530,117.3399963379,82.2964782715,25.3899993896,0.0133193049,-0.0033182233,-0.0277896170,3.0199985504
2010-08-12,63.6705322266,118.7699966431,81.7919998169,25.7299995422,-0.0024714731,0.0121131492,-0.0061488783,0.3400001526
2010-08-13,64.4646224976,118.7399978638,81.5510940552,26.2399997711,0.0123947318,-0.0002526107,-0.0029496923,0.5100002289
2010-08-16,66.0779266357,119.7300033569,81.5134277344,26.1000003815,0.0247181672,0.0083030249,-0.0004619806,-0.1399993896
2010-08-17,65.6998443604,119.7500000000,82.5148391724,24.3299999237,-0.0057381956,0.0001670005,0.0122103818,-1.7700004578
2010-08-18,65.8762435913,120.2200012207,82.6654357910,24.5900001526,0.0026813282,0.0039171715,0.0018234218,0.2600002289
2010-08-19,66.9035873413,120.3899993896,81.2272949219,26.4400005341,0.0154747034,0.0014130601,-0.0175502327,1.8500003815
2010-08-20,66.8279113770,119.9700012207,80.9637756348,25.4899997711,-0.0011317599,-0.0034947462,-0.0032494948,-0.9500007630
2010-08-23,66.8405151367,119.7799987793,80.6550827026,25.6599998474,0.0001885825,-0.0015850051,-0.0038200159,0.1700000763
2010-08-24,67.9119338989,120.3600006104,79.4578857422,27.4599990845,0.0159023654,0.0048305402,-0.0149546821,1.7999992371
2010-08-25,67.6912841797,121.3600006104,79.7666091919,26.7000007629,-0.0032543463,0.0082740832,0.0038778435,-0.7599983216
2010-08-26,68.3278045654,120.9599990845,79.2320175171,27.3700008392,0.0093593486,-0.0033014352,-0.0067245070,0.6700000763
2010-08-27,66.3930511475,121.0100021362,80.4593200684,24.4500007629,-0.0287243788,0.0004132996,0.0153712372,-2.9200000763
2010-08-30,67.6661148071,120.9100036621,79.2922439575,27.2099990845,0.0189931352,-0.0008267070,-0.0146113984,2.7599983216
2010-08-31,68.4160919189,122.0800018311,79.2922439575,26.0499992371,0.0110225242,0.0096300851,0.0000000000,-1.1599998474
2010-09-01,67.0014419556,121.6900024414,81.6640090942,23.8899993896,-0.0208939180,-0.0031997351,0.0294730621,-2.1599998475
2010-09-02,66.2934722900,122.2900009155,82.4244537354,23.1900005341,-0.0106227057,0.0049184333,0.0092687819,-0.6999988555
2010-09-03,65.4717483521,121.8600006104,83.4936523438,21.3099994659,-0.0124727085,-0.0035224309,0.0128884476,-1.8800010682
2010-09-07,66.8118133545,122.6999969482,82.5524749756,23.7999992371,0.0202611848,0.0068694770,-0.0113364577,2.4899997712
2010-09-08,66.2808609009,122.7099990845,83.1322174072,23.2500000000,-0.0079787302,0.0000815137,0.0069981697,-0.5499992371
2010-09-09,64.9724502563,121.5599975586,83.5162429810,22.8099994659,-0.0199378435,-0.0094158926,0.0046088185,-0.4400005341
2010-09-10,64.6753616333,121.7300033569,83.9379043579,21.9899997711,-0.0045830182,0.0013975570,0.0050361520,-0.8199996948
2010-09-13,64.9913787842,121.6200027466,84.8715362549,21.2099990845,0.0048743074,-0.0009040527,0.0110614834,-0.7800006866
2010-09-14,65.6171875000,124.0199966431,84.8188476562,21.5599994659,0.0095830392,0.0195413636,-0.0006209969,0.3500003814
2010-09-15,64.6437149048,123.9400024414,85.1426239014,22.1000003815,-0.0149467830,-0.0006452186,0.0038100004,0.5400009156
2010-09-16,64.0052871704,124.6299972534,85.1200561523,21.7199993134,-0.0099251913,0.0055517286,-0.0002650933,-0.3800010681
2010-09-17,64.2644729614,124.5400009155,85.1517868042,22.0100002289,0.0040412665,-0.0007223690,0.0003727058,0.2900009155
2010-09-20,64.6374588013,124.8700027466,86.4537811279,21.5000000000,0.0057871418,0.0026462613,0.0151745578,-0.5100002289
2010-09-21,65.5349884033,126.0100021362,86.2796936035,22.3500003815,0.0137900738,0.0090880677,-0.0020156786,0.8500003815
2010-09-22,66.1228332520,126.1999969482,85.8558044434,22.5100002289,0.0089299481,0.0015066401,-0.0049250738,0.1599998474
2010-09-23,66.3124618530,126.3000030518,85.1593780518,23.8700008392,0.0028637189,0.0007921276,-0.0081446598,1.3600006103
2010-09-24,65.4212112427,126.6900024414,86.9155578613,21.7099990845,-0.0135313043,0.0030831234,0.0204125113,-2.1600017547
2010-09-27,66.5589675903,126.7200012207,86.4992294312,22.5400009155,0.0172417486,0.0002367608,-0.0048015424,0.8300018310
2010-09-28,67.0141067505,127.8499984741,86.8020019531,22.6000003815,0.0068148603,0.0088777521,0.0034941798,0.0599994660
2010-09-29,66.7359695435,127.9499969482,86.6506118774,23.2500000000,-0.0041590647,0.0007818490,-0.0017456078,0.6499996185
2010-09-30,66.6917114258,127.9100036621,86.3932495117,23.7000007629,-0.0006634024,-0.0003126185,-0.0029745355,0.4500007629
2010-10-01,66.3694305420,128.9100036621,86.7565917969,22.5000000000,-0.0048441117,0.0077875946,0.0041968600,-1.2000007629
2010-10-04,66.5407104492,128.4600067139,86.1055755615,23.5300006866,0.0025773805,-0.0034968908,-0.0075322359,1.0300006866
2010-10-05,66.1410293579,130.9900054932,87.8390655518,21.7600002289,-0.0060246768,0.0195034023,0.0199321735,-1.7700004577
2010-10-06,66.9721908569,131.8099975586,87.8314743042,21.4899997711,0.0124882006,0.0062404469,-0.0000864260,-0.2700004578
2010-10-07,66.4138793945,130.3699951172,87.7255020142,21.5599994659,-0.0083714097,-0.0109849490,-0.0012072696,0.0699996948
2010-10-08,66.1219940186,131.6600036621,88.2175292969,20.7099990845,-0.0044046316,0.0098463456,0.0055930441,-0.8500003814
2010-10-11,66.1346359253,132.2899932861,88.3007812500,18.9599990845,0.0001911724,0.0047735619,0.0009432671,-1.7500000000
2010-10-12,65.4811706543,131.9600067139,88.5733184814,18.9300003052,-0.0099299721,-0.0024975345,0.0030817112,-0.0299987793
2010-10-13,65.3796920776,134.0700073242,89.2621841431,19.0699996948,-0.0015509388,0.0158632090,0.0077472619,0.1399993896
2010-10-14,64.4026412964,134.7500000000,88.9139633179,19.8799991608,-0.0150570454,0.0050591035,-0.0039087305,0.8099994660
2010-10-15,63.6158866882,133.6799926758,89.0956192017,19.0300006866,-0.0122914163,-0.0079723803,0.0020409682,-0.8499984742
2010-10-18,64.1297683716,134.2799987793,89.5346908569,19.0900001526,0.0080454314,0.0044783335,0.0049159915,0.0599994660
2010-10-19,64.5168075562,130.1100006104,88.3613815308,20.6299991608,0.0060171108,-0.0315469118,-0.0131911438,1.5399990082
2010-10-20,64.6564483643,131.3200073242,89.2243270874,19.7900009155,0.0021620708,0.0092568972,0.0097187139,-0.8399982453
2010-10-21,63.8887405396,129.4700012207,89.4211425781,19.2700004578,-0.0119447015,-0.0141879449,0.0022034208,-0.5200004577
2010-10-22,64.3201980591,129.7299957275,89.5876388550,18.7800006866,0.0067305627,0.0020061312,0.0018602029,-0.4899997712
2010-10-25,64.5041580200,130.8500061035,89.8526077271,19.8500003815,0.0028559830,0.0085963410,0.0029532847,1.0699996949
2010-10-26,63.5081176758,130.8800048828,89.8677597046,20.2199993134,-0.0155619520,0.0002292345,0.0001686173,0.3699989319
2010-10-27,62.9497795105,129.5200042725,89.6103591919,20.7099990845,-0.0088304773,-0.0104455678,-0.0028683239,0.4899997711
2010-10-28,63.1210212708,131.2400054932,89.6255187988,20.8799991608,0.0027165984,0.0131924076,0.0001691582,0.1700000763
2010-10-29,63.7110595703,132.6199951172,89.6936340332,21.2000007629,0.0093043109,0.0104601092,0.0007597096,0.3200016021
2010-11-01,63.4367904663,131.9199981689,89.7239151001,21.8299999237,-0.0043141827,-0.0052921948,0.0003375486,0.6299991608
2010-11-02,64.2705383301,132.4900054932,90.4354705811,21.5699996948,0.0130573510,0.0043115480,0.0078992186,-0.2600002289
2010-11-03,62.9594039917,131.5700073242,90.7988052368,19.5599994659,-0.0206111978,-0.0069681273,0.0040095632,-2.0100002289
2010-11-04,63.4494934082,136.0299987793,92.5474166870,18.5200004578,0.0077540724,0.0333363556,0.0190749987,-1.0399990081
2010-11-05,62.3611030579,136.3800048828,92.8955993652,18.2600002289,-0.0173024774,0.0025697022,0.0037551491,-0.2600002289
2010-11-08,62.6411895752,137.7799987793,92.7214965820,18.2900009155,0.0044813096,0.0102130584,-0.0018759353,0.0300006866
2010-11-09,61.2600479126,135.5899963379,92.0553817749,19.0799999237,-0.0222951586,-0.0160226018,-0.0072099680,0.7899990082
2010-11-10,61.3427848816,137.2400054932,92.4262847900,18.4699993134,0.0013496749,0.0120956586,0.0040210339,-0.6100006103
2010-11-11,61.3109245300,137.6600036621,92.0781021118,18.6399993896,-0.0005195171,0.0030556456,-0.0037742527,0.1700000762
2010-11-12,60.9799690247,133.6900024414,90.9880523682,20.6100006104,-0.0054126077,-0.0292631983,-0.0119089477,1.9700012208
2010-11-15,59.7070274353,132.4199981689,90.8593750000,20.2000007629,-0.0210957076,-0.0095450296,-0.0014152236,-0.4099998475
2010-11-16,61.1900100708,130.9700012207,89.4438552856,22.5799999237,0.0245342161,-0.0110103770,-0.0157018684,2.3799991608
2010-11-17,60.8526916504,130.3800048828,89.4892425537,21.7600002289,-0.0055278894,-0.0045149977,0.0005073099,-0.8199996948
2010-11-18,61.1008949280,132.0899963379,90.8064117432,18.7500000000,0.0040704604,0.0130301798,0.0146114739,-3.0100002289
2010-11-19,61.4764328003,132.1999969482,91.0561904907,18.0400009155,0.0061273819,0.0008324236,0.0027468968,-0.7099990845
2010-11-22,61.7374076843,133.4799957275,90.9804763794,18.3700008392,0.0042361357,0.0096357175,-0.0008318557,0.3299999237
2010-11-23,62.0428924561,134.4100036621,89.6633453369,20.6299991608,0.0049359291,0.0069432355,-0.0145828888,2.2599983216
2010-11-24,60.9354324341,134.1799926758,90.9880523682,19.5599994659,-0.0180111408,-0.0017127298,0.0146661558,-1.0699996949
2010-11-26,61.7819442749,133.1100006104,89.9282989502,22.2199993134,0.0137963390,-0.0080062689,-0.0117155308,2.6599998475
2010-11-29,62.3101806641,133.5099945068,90.2008056641,21.5300006866,0.0085136681,0.0030004816,0.0030256845,-0.6899986268
2010-11-30,62.6347846985,135.4199981689,89.6936340332,23.5400009155,0.0051959639,0.0142047063,-0.0056385620,2.0100002289
2010-12-01,61.2424774170,135.3800048828,91.6012115479,21.3600006104,-0.0224797657,-0.0002953714,0.0210447011,-2.1800003051
2010-12-02,61.0828170776,135.1999969482,92.7745056152,19.3899993896,-0.0026104238,-0.0013305341,0.0127273800,-1.9700012208
2010-12-03,60.6038093567,138.0700073242,93.0243072510,18.0100002289,-0.0078728486,0.0210057149,0.0026889492,-1.3799991607
2010-12-06,61.4596595764,139.1100006104,92.9259109497,18.0200004578,0.0140232660,0.0075041355,-0.0010583081,0.0100002289
2010-12-07,60.1439857483,136.5000000000,92.9788665771,17.9899997711,-0.0216395679,-0.0189403768,0.0005697070,-0.0300006867
2010-12-08,59.5627555847,134.7899932861,93.3195190430,17.7399997711,-0.0097109774,-0.0126066527,0.0036570671,-0.2500000000
2010-12-09,59.8565864563,135.3699951172,93.6828765869,17.2500000000,0.0049210029,0.0042937722,0.0038861320,-0.4899997711
2010-12-10,59.4925384521,135.4100036621,94.2278900146,17.6100006104,-0.0061005748,0.0002955059,0.0058007848,0.3600006104
2010-12-13,59.7160949707,136.0500030518,94.2884368896,17.5499992371,0.0037506810,0.0047152476,0.0006423515,-0.0600013733
2010-12-14,58.8474998474,136.1799926758,94.3717575073,17.6100006104,-0.0146522322,0.0009549986,0.0008832878,0.0600013733
2010-12-15,58.0810890198,134.6999969482,93.9402389526,17.9400005341,-0.0131092286,-0.0109274255,-0.0045830252,0.3299999237
2010-12-16,58.4834022522,133.8099975586,94.4852828979,17.3899993896,0.0069028711,-0.0066291957,0.0057852616,-0.5500011445
2010-12-17,59.5499839783,134.1999969482,94.5864791870,16.1100006104,0.0180730350,0.0029103367,0.0010704539,-1.2799987792
2010-12-20,59.4860839844,135.1100006104,94.8147506714,16.4099998474,-0.0010736242,0.0067580642,0.0024104553,0.2999992370
2010-12-21,59.9013023376,135.3200073242,95.4159317017,16.4899997711,0.0069558442,0.0015531320,0.0063205685,0.0799999237
2010-12-22,59.4733772278,135.0500030518,95.7126922607,15.4499998093,-0.0071694759,-0.0019972952,0.0031053517,-1.0399999618
2010-12-23,59.3520126343,134.6600036621,95.5757369995,16.4699993134,-0.0020427391,-0.0028919925,-0.0014319244,1.0199995041
2010-12-27,59.8821258545,135.0200042725,95.6137847900,17.6700000763,0.0088920291,0.0026698369,0.0003980113,1.2000007629
2010-12-28,58.7093620300,137.2200012207,95.7507476807,17.5200004578,-0.0197788573,0.0161625389,0.0014314347,-0.1499996185
2010-12-29,59.7026939392,137.7100067139,95.8192214966,17.2800006866,0.0167779404,0.0035645873,0.0007148701,-0.2399997712
2010-12-30,59.6578292847,137.0299987793,95.6670532227,17.5200004578,-0.0007517503,-0.0049502024,-0.0015893390,0.2399997712
2010-12-31,60.3178901672,138.7200012207,95.6898574829,17.7500000000,0.0110033521,0.0122576508,0.0002383427,0.2299995422
2011-01-03,59.8628768921,138.0000000000,96.6790924072,17.6100006104,-0.0075721841,-0.0052038367,0.0102848578,-0.1399993896
2011-01-04,59.9333877563,134.7500000000,96.6258468628,17.3799991608,0.0011771798,-0.0238324754,-0.0005508969,-0.2300014496
2011-01-05,58.6131858826,134.3699951172,97.1280593872,17.0200004578,-0.0222740551,-0.0028240572,0.0051840364,-0.3599987030
2011-01-06,58.8695564270,133.8300018311,96.9378356934,17.3999996185,0.0043644019,-0.0040268011,-0.0019604038,0.3799991607
2011-01-07,59.1835861206,133.5800018311,96.7475967407,17.1399993896,0.0053201537,-0.0018697885,-0.0019644122,-0.2600002289
2011-01-10,59.5039978027,134.1199951172,96.6258468628,17.5400009155,0.0053992583,0.0040343222,-0.0012592204,0.4000015259
2011-01-11,59.1707916260,134.9100036621,96.9682693481,16.8899993896,-0.0056154648,0.0058730314,0.0035375336,-0.6500015259
2011-01-12,58.7093620300,135.4600067139,97.8433761597,16.2399997711,-0.0078288319,0.0040685268,0.0089841929,-0.6499996185
2011-01-13,59.2348175049,134.0500030518,97.6835632324,16.3899993896,0.0089102990,-0.0104635559,-0.0016346900,0.1499996185
2011-01-14,58.8567352295,132.6900024414,98.3912429810,15.4600000381,-0.0064032280,-0.0101972885,0.0072184982,-0.9299993515
2011-01-18,58.5811882019,133.4299926758,98.5586624146,15.8699998856,-0.0046926500,0.0055613419,0.0017001224,0.4099998475
2011-01-19,59.0041885376,133.7200012207,97.5922546387,17.3099994659,0.0071948089,0.0021711298,-0.0098537964,1.4399995803
2011-01-20,58.1902465820,131.1999969482,97.4628677368,17.9899997711,-0.0138906774,-0.0190252174,-0.0013266703,0.6800003052
2011-01-21,58.6516876221,131.0299987793,97.6835632324,18.4699993134,0.0078985930,-0.0012965579,0.0022618460,0.4799995423
2011-01-24,58.6773147583,130.3600006104,98.2390747070,17.6499996185,0.0004368423,-0.0051264366,0.0056707379,-0.8199996949
2011-01-25,59.2348175049,130.1000061035,98.2923202515,17.5900001526,0.0094563111,-0.0019964262,0.0005418528,-0.0599994659
2011-01-26,58.3375701904,131.1600036621,98.6727752686,16.6399993896,-0.0152631881,0.0081145475,0.0038631768,-0.9500007630
2011-01-27,58.6004142761,127.9300003052,98.9162979126,16.1499996185,0.0044954517,-0.0249347382,0.0024649416,-0.4899997711
2011-01-28,58.9079971313,130.2799987793,97.1889648438,20.0400009155,0.0052350900,0.0182027293,-0.0176168423,3.8900012970
2011-01-31,58.4593887329,129.8699951172,97.9194488525,19.5300006866,-0.0076445527,-0.0031520585,0.0074880156,-0.5100002289
2011-02-01,58.1700172424,130.8000030518,99.4870300293,17.6299991608,-0.0049622491,0.0071355498,0.0158820940,-1.9000015258
2011-02-02,58.1828880310,130.4499969482,99.2967910767,17.2999992371,0.0002212371,-0.0026794742,-0.0019140291,-0.3299999237
2011-02-03,57.7004928589,132.1999969482,99.5174560547,16.6900005341,-0.0083255762,0.0133259161,0.0022198114,-0.6099987030
2011-02-04,57.1153335571,131.6600036621,99.7989959717,15.9300003052,-0.0101930960,-0.0040930345,0.0028250564,-0.7600002289
2011-02-07,57.4111022949,131.6799926758,100.4229583740,16.2800006866,0.0051650851,0.0001518115,0.0062327273,0.3500003814
2011-02-08,56.8838119507,133.1399993896,100.8795776367,15.8100004196,-0.0092269037,0.0110265203,0.0045366547,-0.4700002670
2011-02-09,57.3789787292,133.0700073242,100.6512985229,15.8699998856,0.0086672114,-0.0005258410,-0.0022654515,0.0599994660
2011-02-10,56.7165565491,132.8500061035,100.6893157959,16.0900001526,-0.0116118413,-0.0016546424,0.0003776414,0.2200002670
2011-02-11,57.5333518982,132.3200073242,101.2904968262,15.6899995804,0.0142986419,-0.0039974315,0.0059528999,-0.4000005722
2011-02-14,57.5719146729,132.9499969482,101.5339813232,15.9499998093,0.0006700436,0.0047498081,0.0024009391,0.2600002289
2011-02-15,57.8291778564,133.9700012207,101.2143783569,16.3700008392,0.0044585992,0.0076428087,-0.0031527084,0.4200010299
2011-02-16,57.6426353455,134.1000061035,101.8536071777,16.7199993134,-0.0032309646,0.0009699324,0.0062957332,0.3499984742
2011-02-17,57.7327194214,135.0399932861,102.1579589844,16.5900001526,0.0015615830,0.0069851453,0.0029836743,-0.1299991608
2011-02-18,57.5525894165,135.4100036621,102.3710403442,16.4300003052,-0.0031249455,0.0027362589,0.0020836306,-0.1599998474
2011-02-22,58.4144096375,136.2899932861,100.3164596558,20.7999992371,0.0148634714,0.0064776791,-0.0202740777,4.3699989319
2011-02-23,58.6266174316,137.5099945068,99.7000885010,22.1299991608,0.0036262161,0.0089116826,-0.0061632211,1.3299999237
2011-02-24,58.9995880127,136.4799957275,99.6315994263,21.3199996948,0.0063416452,-0.0075185493,-0.0006871871,-0.8099994660
2011-02-25,59.3469009399,137.3800048828,100.6969375610,19.2199993134,0.0058694420,0.0065727919,0.0106360102,-2.1000003814
2011-02-28,59.4240951538,137.6600036621,101.3209381104,18.3500003815,0.0012998834,0.0020360592,0.0061776962,-0.8699989319
2011-03-01,59.5963630676,140.0299987793,99.6315994263,21.0100002289,0.0028947634,0.0170697731,-0.0168137064,2.6599998474
2011-03-02,58.6801490784,139.9199981689,99.8446731567,20.7000007629,-0.0154930561,-0.0007858590,0.0021363324,-0.3099994660
2011-03-03,58.1059608459,138.0899963379,101.5644226074,18.6000003815,-0.0098332389,-0.0131651976,0.0170775927,-2.1000003814
2011-03-04,58.5898590088,139.3500061035,100.8035049438,19.0599994659,0.0082933722,0.0090831778,-0.0075201763,0.4599990844
2011-03-07,58.2156295776,139.7200012207,100.0120697021,20.6599998474,-0.0064077590,0.0026516309,-0.0078822506,1.6000003815
2011-03-08,57.8608322144,139.3600006104,100.8871688843,19.8199996948,-0.0061131854,-0.0025799112,0.0087118769,-0.8400001526
2011-03-09,58.4221115112,139.4100036621,100.7425918579,20.2199993134,0.0096537573,0.0003587405,-0.0014340844,0.3999996186
2011-03-10,59.4028129578,137.7700042725,98.8782501221,21.8799991608,0.0166471415,-0.0118335990,-0.0186793716,1.6599998474
2011-03-11,59.0673294067,138.2200012207,99.5631103516,20.0799999237,-0.0056636118,0.0032609684,0.0069024214,-1.7999992371
2011-03-14,59.0414886475,138.8600006104,98.9619369507,21.1299991608,-0.0004375755,0.0046196082,-0.0060564170,1.0499992371
2011-03-15,59.9254188538,136.2700042725,97.8281478882,24.3199996948,0.0148603757,-0.0188279926,-0.0115229546,3.1900005340
2011-03-16,60.6028442383,136.2400054932,96.0171051025,29.3999996185,0.0112410567,-0.0002201664,-0.0186859926,5.0799999237
2011-03-17,60.1383209229,136.9700012207,97.2878570557,26.3700008392,-0.0076945689,0.0053438560,0.0131478286,-3.0299987793
2011-03-18,60.2995414734,138.3699951172,97.6417236328,24.4400005341,0.0026772419,0.0101692887,0.0036307159,-1.9300003051
2011-03-21,59.9447441101,139.1399993896,99.1549530029,20.6100006104,-0.0059012932,0.0055493947,0.0153789101,-3.8299999237
2011-03-22,60.1447601318,139.0500030518,98.8110198975,20.2099990845,0.0033311189,-0.0006470135,-0.0034746724,-0.4000015259
2011-03-23,60.0673751831,140.3399963379,99.0938186646,19.1700000763,-0.0012874733,0.0092344211,0.0028579287,-1.0399990082
2011-03-24,59.6157302856,139.2200012207,100.0414505005,18.0000000000,-0.0075473817,-0.0080125992,0.0095175404,-1.1700000763
2011-03-25,59.4673004150,139.2599945068,100.3471984863,17.9099998474,-0.0024928816,0.0002872256,0.0030515523,-0.0900001526
2011-03-28,59.5511856079,138.5399932861,100.1026229858,19.4400005341,0.0014096164,-0.0051836059,-0.0024402678,1.5300006867
2011-03-29,59.0930747986,138.2100067139,100.7751541138,18.1599998474,-0.0077224652,-0.0023847279,0.0066959487,-1.2800006867
2011-03-30,59.5641059875,138.6699981689,101.4706344604,17.7099990845,0.0079394043,0.0033226804,0.0068776027,-0.4500007629
2011-03-31,59.4415016174,139.8600006104,101.3330841064,17.7399997711,-0.0020604813,0.0085449301,-0.0013564877,0.0300006866
2011-04-01,59.7304458618,139.1999969482,101.7610702515,17.3999996185,0.0048492085,-0.0047302007,0.0042146637,-0.3400001526
2011-04-04,59.7952766418,139.8399963379,101.8451538086,17.5000000000,0.0010848006,0.0045871597,0.0008259429,0.1000003815
2011-04-05,59.5555076599,142.0500030518,101.8298645020,17.2500000000,-0.0040178924,0.0156802441,-0.0001501343,-0.2500000000
2011-04-06,58.6614608765,142.3800048828,102.1508483887,16.8999996185,-0.0151258121,0.0023204442,0.0031472010,-0.3500003815
2011-04-07,58.5447921753,142.5099945068,101.8909988403,17.1100006104,-0.0019908279,0.0009125602,-0.0025470235,0.2100009919
2011-04-08,58.2337760925,143.6600036621,101.5394363403,17.8700008392,-0.0053266078,0.0080372880,-0.0034563447,0.7600002288
2011-04-11,58.2856407166,142.6399993896,101.2337493896,16.5900001526,0.0008902315,-0.0071254529,-0.0030150651,-1.2800006866
2011-04-12,58.9141349792,141.6100006104,100.4771423340,17.0900001526,0.0107252814,-0.0072471647,-0.0075019311,0.5000000000
2011-04-13,59.2834014893,141.8999938965,100.4694747925,16.9200000763,0.0062483149,0.0020457366,-0.0000763142,-0.1700000763
2011-04-14,59.2380523682,143.8099975586,100.5459060669,16.2700004578,-0.0007652475,0.0133704258,0.0007604520,-0.6499996185
2011-04-15,60.0415267944,145.0500030518,100.9127273560,15.3199996948,0.0134723242,0.0085855647,0.0036416577,-0.9500007630
2011-04-18,60.1775436401,145.9299926758,99.7816467285,16.9599990845,0.0022628174,0.0060484729,-0.0112717918,1.6399993897
2011-04-19,60.4366531372,145.9299926758,100.3548431396,15.8299999237,0.0042965074,0.0000000000,0.0057280707,-1.1299991608
2011-04-20,60.0479698181,146.5000000000,101.7228546143,15.0699996948,-0.0064520211,0.0038984240,0.0135396671,-0.7600002289
2011-04-21,59.9961204529,146.7400054932,102.2425537109,14.6899995804,-0.0008638387,0.0016369223,0.0050959643,-0.3800001144
2011-04-25,60.2229003906,146.8699951172,102.1355743408,15.7700004578,0.0037727841,0.0008854578,-0.0010468770,1.0800008774
2011-04-26,60.8060073853,146.3800048828,103.0144653320,15.6199998856,0.0096359046,-0.0033417950,0.0085683275,-0.1500005722
2011-04-27,60.1840209961,149.1999969482,103.6870040894,15.3500003815,-0.0102817046,0.0190816538,0.0065073667,-0.2699995041
2011-04-28,60.6440010071,149.8200073242,104.0232925415,14.6199998856,0.0076138337,0.0041469551,0.0032380556,-0.7300004959
2011-04-29,60.8319320679,152.3699951172,104.2678375244,14.7500000000,0.0030941308,0.0168771190,0.0023481086,0.1300001144
2011-05-02,60.9295082092,150.4100036621,104.1073455811,15.9899997711,0.0016027432,-0.0129468184,-0.0015404135,1.2399997711
2011-05-03,61.2743835449,149.8800048828,103.7328643799,16.7000007629,0.0056442761,-0.0035299165,-0.0036035530,0.7100009918
2011-05-04,61.5477027893,147.7299957275,103.0450210571,17.0799999237,0.0044506604,-0.0144487521,-0.0066529925,0.3799991608
2011-05-05,62.1333045959,143.4700012207,102.1126174927,18.2000007629,0.0094696218,-0.0292602918,-0.0090896931,1.1200008392
2011-05-06,61.8600082397,145.3000030518,102.5635375977,18.3999996185,-0.0044082506,0.0126746290,0.0044061882,0.1999988556
2011-05-09,61.7949371338,147.3800048828,102.9609603882,17.1599998474,-0.0010524627,0.0142137269,0.0038674055,-1.2399997711
2011-05-10,61.3524589539,147.8999938965,103.8398056030,15.9099998474,-0.0071861866,0.0035220100,0.0084994898,-1.2500000000
2011-05-11,61.7038192749,146.5399932861,102.7469329834,16.9500007629,0.0057105786,-0.0092379455,-0.0105803773,1.0400009155
2011-05-12,61.3134155273,146.5899963379,103.2360916138,16.0300006866,-0.0063471604,0.0003411664,0.0047495132,-0.9200000763
2011-05-13,61.8664779663,145.6300048828,102.4412536621,17.0699996948,0.0089798122,-0.0065703573,-0.0077290176,1.0399990082
2011-05-16,62.2113494873,145.3699951172,101.7916564941,18.2399997711,0.0055589692,-0.0017870092,-0.0063613583,1.1700000763
2011-05-17,62.8489875793,144.7400054932,101.7763137817,17.5499992371,0.0101973756,-0.0043431155,-0.0001507380,-0.6900005340
2011-05-18,62.0161476135,145.6000061035,102.6858367920,16.2299995422,-0.0133400299,0.0059241103,0.0088967959,-1.3199996949
2011-05-19,61.9901046753,145.6499938965,102.9304199219,15.5200004578,-0.0004200262,0.0003432638,0.0023790263,-0.7099990844
2011-05-20,62.0226669312,147.4900054932,102.1126174927,17.4300003052,0.0005251436,0.0125539726,-0.0079769279,1.9099998474
2011-05-23,62.3219833374,147.8300018311,100.9280014038,18.2700004578,0.0048143122,0.0023025632,-0.0116688920,0.8400001526
2011-05-24,62.5561790466,148.5899963379,100.8439483643,17.8199996948,0.0037507916,0.0051278333,-0.0008331490,-0.4500007630
2011-05-25,62.2634277344,148.5800018311,101.1802215576,17.0699996948,-0.0046907991,-0.0000672646,0.0033290423,-0.7500000000
2011-05-26,62.7969551086,148.2200012207,101.6464233398,16.0900001526,0.0085323681,-0.0024258813,0.0045970548,-0.9799995422
2011-05-27,62.7709159851,149.6999969482,102.0362091064,15.9799995422,-0.0004147418,0.0099356063,0.0038273881,-0.1100006104
2011-05-31,62.9140739441,149.6399993896,103.0985488892,15.4499998093,0.0022780448,-0.0004008656,0.0103575746,-0.5299997329
2011-06-01,63.7643432617,149.9100036621,100.7827987671,18.2999992371,0.0134242613,0.0018027331,-0.0227176222,2.8499994278
2011-06-02,62.5496902466,149.5000000000,100.6758499146,18.0900001526,-0.0192328663,-0.0027387456,-0.0010617451,-0.2099990845
2011-06-03,62.9088859558,150.2200012207,99.6746597290,17.9500007629,0.0057261401,0.0048045016,-0.0099944694,-0.1399993897
2011-06-06,62.4321365356,150.4799957275,98.6199340820,18.4899997711,-0.0076072735,0.0017292622,-0.0106380671,0.5399990082
2011-06-07,62.7194900513,150.4199981689,98.5588302612,18.0699996948,0.0045920941,-0.0003987874,-0.0006197810,-0.4200000763
2011-06-08,63.2092590332,149.8099975586,98.1460952759,18.7900009155,0.0077785487,-0.0040635610,-0.0041964947,0.7200012207
2011-06-09,62.9546051025,150.5599975586,98.8951339722,17.7700004578,-0.0040368814,0.0049938514,0.0076028992,-1.0200004577
2011-06-10,63.4378433228,149.2400054932,97.5194244385,18.8600006104,0.0076466685,-0.0088058745,-0.0140084528,1.0900001526
2011-06-13,63.1178512573,147.7700042725,97.5958786011,19.6100006104,-0.0050569474,-0.0098987453,0.0007836819,0.7500000000
2011-06-14,62.1643981934,148.6699981689,98.8339843750,18.2600002289,-0.0152211742,0.0060720325,0.0126062519,-1.3500003815
2011-06-15,63.2941627502,149.1199951172,97.0761642456,21.3199996948,0.0180106497,0.0030222459,-0.0179456482,3.0599994659
2011-06-16,63.5814971924,148.9700012207,97.2901916504,22.7299995422,0.0045293941,-0.0010063666,0.0022023101,1.4099998474
2011-06-17,63.2811393738,149.9400024414,97.5804824829,21.8500003815,-0.0047351748,0.0064902788,0.0029793200,-0.8799991607
2011-06-20,63.3594856262,150.0299987793,98.0797271729,19.9899997711,0.0012373006,0.0006000356,0.0051031916,-1.8600006104
2011-06-21,63.0786476135,150.7599945068,99.4237823486,18.8600006104,-0.0044423066,0.0048538660,0.0136106536,-1.1299991607
2011-06-22,63.1178512573,150.9900054932,98.8247070312,18.5200004578,0.0006213111,0.0015245139,-0.0060436994,-0.3400001526
2011-06-23,63.6011085510,148.3399963379,98.5405120850,19.2900009155,0.0076272665,-0.0177067342,-0.0028798908,0.7700004577
2011-06-24,63.3333587646,146.2599945068,97.3961486816,21.1000003815,-0.0042187152,-0.0141210893,-0.0116810852,1.8099994660
2011-06-27,62.4647598267,145.7299957275,98.2640304565,20.5599994659,-0.0138096301,-0.0036302571,0.0088713756,-0.5400009156
2011-06-28,61.9619255066,146.2400054932,99.5466537476,19.1700000763,-0.0080824633,0.0034935800,0.0129683720,-1.3899993896
2011-06-29,61.5505142212,147.1799926758,100.3992233276,17.2700004578,-0.0066618845,0.0064071325,0.0085280553,-1.8999996185
2011-06-30,61.4525756836,146.0000000000,101.3592681885,16.5200004578,-0.0015924569,-0.0080496560,0.0095168446,-0.7500000000
2011-07-01,61.3542366028,144.9299926758,102.8569717407,15.8699998856,-0.0016015252,-0.0073558050,0.0146680833,-0.6500005722
2011-07-05,61.4918823242,147.6300048828,102.7724914551,16.0599994659,0.0022409463,0.0184583599,-0.0008216750,0.1899995803
2011-07-06,61.8064079285,148.9100036621,102.8953857422,16.3400001526,0.0051018759,0.0086329446,0.0011950753,0.2800006867
2011-07-07,61.6229324341,149.1499938965,103.9629592896,15.9499998093,-0.0029729662,0.0016103488,0.0103218753,-0.3900003433
2011-07-08,62.4944610596,150.2500000000,103.2256393433,15.9499998093,0.0140438487,0.0073481034,-0.0071174096,0.0000000000
2011-07-11,63.4314880371,151.5899963379,101.3592681885,18.3899993896,0.0148824651,0.0088789104,-0.0182459494,2.4399995803
2011-07-12,63.6478042603,152.7700042725,100.9214782715,19.8700008392,0.0034044324,0.0077540665,-0.0043285444,1.4800014496
2011-07-13,63.8247299194,154.1399993896,101.2594375610,19.9099998474,0.0027759042,0.0089277260,0.0033431405,0.0399990082
2011-07-14,62.9138603210,154.5399932861,100.5605163574,20.7999992371,-0.0143742372,0.0025916427,-0.0069262130,0.8899993897
2011-07-15,63.0186691284,155.1999969482,101.1442184448,19.5300006866,0.0016645236,0.0042616690,0.0057877047,-1.2699985505
2011-07-18,62.4092445374,156.5700073242,100.3147277832,20.9500007629,-0.0097176038,0.0087886530,-0.0082348822,1.4200000763
2011-07-19,63.7067451477,154.6600036621,101.9430007935,19.2099990845,0.0205770322,-0.0122740582,0.0161013198,-1.7400016784
2011-07-20,62.9531173706,156.0200042725,101.8815612793,19.0900001526,-0.0119001656,0.0087550487,-0.0006028667,-0.1199989319
2011-07-21,62.4682350159,154.8300018311,103.2947692871,17.5599994659,-0.0077320928,-0.0076564789,0.0137757640,-1.5300006867
2011-07-22,62.9400482178,156.1199951172,103.3638992310,17.5200004578,0.0075244699,0.0082971584,0.0006690254,-0.0399990081
2011-07-25,62.2519569397,157.3399963379,102.7878189087,19.3500003815,-0.0109926861,0.0077841346,-0.0055889112,1.8299999237
2011-07-26,62.6779022217,157.7700042725,102.4038162231,20.2299995422,0.0068189772,0.0027292577,-0.0037428732,0.8799991607
2011-07-27,62.6845130920,157.1900024414,100.3070602417,22.9799995422,0.0001054681,-0.0036830231,-0.0206878960,2.7500000000
2011-07-28,62.9203987122,157.3200073242,100.0152053833,23.7399997711,0.0037559980,0.0008267138,-0.0029138555,0.7600002289
2011-07-29,64.1654891968,158.2899932861,99.3316345215,25.2500000000,0.0195950997,0.0061467572,-0.0068581327,1.5100002289
2011-08-01,64.8129806519,157.7200012207,98.9091949463,23.6599998474,0.0100403873,-0.0036074345,-0.0042618891,-1.5900001526
2011-08-02,66.7591323853,161.5200042725,96.3823242188,24.7900009155,0.0295852007,0.0238076837,-0.0258793804,1.1300010681
2011-08-03,66.8905868530,161.4900054932,96.9046173096,23.3799991608,0.0019671498,-0.0001857452,0.0054043419,-1.4100017547
2011-08-04,69.2706527710,160.6399993896,92.3654403687,31.6599998474,0.0349630831,-0.0052774226,-0.0479742813,8.2800006866
2011-08-05,67.2719345093,161.7500000000,92.2271881104,32.0000000000,-0.0292782066,0.0068861007,-0.0014979177,0.3400001526
2011-08-08,69.3955993652,167.1199951172,86.2210617065,48.0000000000,0.0310803268,0.0326601546,-0.0673404858,16.0000000000
2011-08-09,69.6059341431,168.6100006104,90.2302703857,35.0600013733,0.0030263686,0.0088762714,0.0454504795,-12.9399986267
2011-08-10,71.6769485474,174.5800018311,86.2440872192,42.9900016785,0.0293193729,0.0347947404,-0.0451834630,7.9300003052
2011-08-11,68.0608978271,170.7500000000,90.1150588989,39.0000000000,-0.0517663366,-0.0221826013,0.0439057865,-3.9900016785
2011-08-12,69.4087142944,169.9700012207,90.7218093872,36.3600006104,0.0196095651,-0.0045785404,0.0067104985,-2.6399993896
2011-08-15,68.7052078247,171.8000030518,92.6419372559,31.8700008392,-0.0101874242,0.0107090692,0.0209441407,-4.4899997712
2011-08-16,69.8426284790,173.9199981689,91.8508529663,32.8499984741,0.0164195449,0.0122643855,-0.0085758271,0.9799976349
2011-08-17,71.0655670166,174.4199981689,91.9122848511,31.5799999237,0.0173583835,0.0028707605,0.0006685986,-1.2699985504
2011-08-18,72.5250930786,177.7200012207,87.9491500854,42.6699981689,0.0203296834,0.0187431116,-0.0440758892,11.0899982452
2011-08-19,73.1102294922,179.9499969482,86.5128936768,43.0499992371,0.0080356819,0.0124697326,-0.0164653448,0.3800010682
2011-08-22,72.9261245728,184.5899963379,86.5820388794,42.4399986267,-0.0025213587,0.0254581120,0.0007989281,-0.6100006104
2011-08-23,71.9202575684,177.6699981689,89.4315109253,36.2700004578,-0.0138889651,-0.0382092428,0.0323807005,-6.1699981689
2011-08-24,69.8755035400,171.6499938965,90.6910858154,35.9000015259,-0.0288428337,-0.0344704024,0.0139859789,-0.3699989319
2011-08-25,70.6316452026,172.3600006104,89.3086013794,39.7599983215,0.0107631387,0.0041278319,-0.0153612669,3.8599967956
2011-08-26,71.3285446167,177.4700012207,90.6065902710,35.5900001526,0.0098183162,0.0292162711,0.0144291474,-4.1699981689
2011-08-29,70.3423004150,173.8899993896,93.2102737427,32.2799987793,-0.0139232618,-0.0203786755,0.0283309982,-3.3100013733
2011-08-30,71.4731750488,179.1000061035,93.4560470581,32.8899993896,0.0159488744,0.0295214313,0.0026332919,0.6100006103
2011-08-31,70.3686676025,177.7200012207,93.8707885742,31.6200008392,-0.0155741035,-0.0077350582,0.0044280062,-1.2699985504
2011-09-01,71.8602752686,177.8699951172,92.8877410889,31.8199996948,0.0209755107,0.0008436340,-0.0105275680,0.1999988556
2011-09-02,74.1947174072,183.2400054932,90.5144577026,33.9199981689,0.0319693414,0.0297438801,-0.0258820874,2.0999984741
2011-09-06,74.9663314819,182.8999938965,89.8539123535,37.0000000000,0.0103461455,-0.0018572770,-0.0073244361,3.0800018311
2011-09-07,73.5352935791,177.0800018311,92.3884658813,33.3800010681,-0.0192736235,-0.0323379038,0.0278169873,-3.6199989319
2011-09-08,74.1947174072,181.8099975586,91.4284210205,34.3199996948,0.0089274779,0.0263605541,-0.0104457605,0.9399986267
2011-09-09,74.9860839844,180.6999969482,89.0321121216,38.5200004578,0.0106095958,-0.0061239916,-0.0265592672,4.2000007630
2011-09-12,75.0651779175,176.6699981689,89.6081237793,38.5900001526,0.0010542256,-0.0225546054,0.0064488680,0.0699996948
2011-09-13,73.9969253540,178.5399932861,90.4299392700,36.9099998474,-0.0143332320,0.0105290529,0.0091294161,-1.6800003052
2011-09-14,74.6234054565,177.2100067139,91.6819000244,34.5999984741,0.0084306610,-0.0074771203,0.0137495781,-2.3100013733
2011-09-15,73.4825210571,174.3999938965,93.2640686035,31.9699993134,-0.0154066349,-0.0159840314,0.0171099396,-2.6299991607
2011-09-16,74.0166702271,176.0299987793,93.8160476685,30.9799995422,0.0072427720,0.0093029516,0.0059010084,-0.9899997712
2011-09-19,75.4279098511,173.3099975586,92.8819046021,32.7299995422,0.0188870225,-0.0155725437,-0.0100070820,1.7500000000
2011-09-20,75.7444839478,175.7799987793,92.7738113403,32.8600006104,0.0041882589,0.0141513218,-0.0011644487,0.1300010682
2011-09-21,78.2503356934,173.5899963379,90.0408706665,37.3199996948,0.0325474969,-0.0125370304,-0.0299007088,4.4599990844
2011-09-22,81.1915206909,169.0500030518,87.1303710938,41.3499984741,0.0368976973,-0.0265016286,-0.0328581705,4.0299987793
2011-09-23,79.6813659668,159.8000030518,87.6553268433,41.2500000000,-0.0187750604,-0.0562714948,0.0060068682,-0.0999984741
2011-09-26,78.4020690918,157.5800018311,89.7397689819,39.0200004578,-0.0161854378,-0.0139897750,0.0235016427,-2.2299995422
2011-09-27,77.2018280029,160.6300048828,90.7433853149,37.7099990845,-0.0154271829,0.0191703365,0.0111215552,-1.3100013733
2011-09-28,77.1754608154,156.2200012207,88.8905487061,41.0800018311,-0.0003415941,-0.0278383360,-0.0206297583,3.3700027466
2011-09-29,77.7096252441,157.6999969482,89.5930938721,38.8400001526,0.0068975853,0.0094291966,0.0078724166,-2.2400016785
2011-09-30,79.6616287231,158.0599975586,87.3542327881,42.9599990845,0.0248088968,0.0022802177,-0.0253067465,4.1199989319
2011-10-03,81.8538742065,160.9600067139,84.8683166504,45.4500007629,0.0271476122,0.0181812363,-0.0288706539,2.4900016784
2011-10-04,80.8159103394,157.6399993896,86.7288742065,40.8199996948,-0.0127617794,-0.0208419802,0.0216860248,-4.6300010681
2011-10-05,80.2341461182,159.4600067139,88.3346786499,37.8100013733,-0.0072246700,0.0114792007,0.0183459030,-3.0099983215
2011-10-06,78.7531814575,160.4900054932,89.9328231812,36.2700004578,-0.0186305100,0.0064385204,0.0179302153,-1.5400009155
2011-10-07,78.1714096069,159.1799926758,89.3306274414,36.2000007629,-0.0074147017,-0.0081960782,-0.0067185810,-0.0699996949
2011-10-10,77.0673675537,163.2700042725,92.3183441162,33.0200004578,-0.0142240320,0.0253697069,0.0328984647,-3.1800003051
2011-10-11,76.8094863892,162.1000061035,92.4109573364,32.8600006104,-0.0033517894,-0.0071918319,0.0010026913,-0.1599998474
2011-10-12,75.6921691895,163.2599945068,93.2215652466,31.2600002289,-0.0146534434,0.0071305220,0.0087335242,-1.6000003815
2011-10-13,76.4458541870,162.3000030518,93.0363082886,30.7000007629,0.0099079921,-0.0058974951,-0.0019892530,-0.5599994660
2011-10-14,75.3351745605,163.3999938965,94.6266708374,28.2399997711,-0.0146355505,0.0067546517,0.0169495404,-2.4600009918
2011-10-17,76.6376190186,162.6199951172,92.8201751709,33.3899993896,0.0171409147,-0.0047849843,-0.0192753480,5.1499996185
2011-10-18,76.1615676880,161.8399963379,94.6343841553,31.5599994659,-0.0062310917,-0.0048079905,0.0193568579,-1.8299999237
2011-10-19,76.1351852417,159.8699951172,93.5149536133,34.4399986267,-0.0003464611,-0.0122472158,-0.0118995237,2.8799991608
2011-10-20,75.5930862427,157.7700042725,93.9241104126,34.7799987793,-0.0071456862,-0.0132226511,0.0043657650,0.3400001526
2011-10-21,74.7930603027,159.5200042725,95.7075042725,31.3199996948,-0.0106397232,0.0110310296,0.0188095898,-3.4599990845
2011-10-24,74.9186630249,161.0200042725,96.8809661865,29.2600002289,0.0016779281,0.0093592744,0.0121863623,-2.0599994659
2011-10-25,76.8227310181,165.5899963379,94.9972381592,32.2200012207,0.0250975411,0.0279862241,-0.0196352530,2.9600009918
2011-10-26,75.4806442261,167.3999938965,95.9622573853,29.8600006104,-0.0176243176,0.0108712901,0.0101071428,-2.3600006103
2011-10-27,72.9220886230,169.5500030518,99.3051147461,25.4599990845,-0.0344846635,0.0127617650,0.0342421158,-4.4000015259
2011-10-28,73.6890029907,169.6199951172,99.2819595337,24.5300006866,0.0104619828,0.0004127256,-0.0002331996,-0.9299983979
2011-10-31,76.6111831665,167.3399963379,96.8886871338,29.9599990845,0.0388894855,-0.0135329632,-0.0244011139,5.4299983979
2011-11-01,79.1756439209,167.3800048828,94.1866073608,34.7700004578,0.0329256648,0.0002390568,-0.0282847652,4.8100013733
2011-11-02,78.1880340576,169.0599975586,95.7229385376,32.7400016785,-0.0125521066,0.0099869613,0.0161799628,-2.0299987793
2011-11-03,77.1142730713,171.7200012207,97.4677047729,30.5000000000,-0.0138282311,0.0156115834,0.0180631282,-2.2400016785
2011-11-04,77.2070693970,170.8500061035,96.8732452393,30.1599998474,0.0012026378,-0.0050792362,-0.0061177162,-0.3400001526
2011-11-07,77.6975555420,174.9799957275,97.4754409790,29.8500003815,0.0063327713,0.0238856430,0.0061970850,-0.3099994659
2011-11-08,76.7033386230,173.5299987793,98.7260742188,27.4799995422,-0.0128785609,-0.0083211692,0.0127486292,-2.3700008393
2011-11-09,78.2940597534,172.0700073242,95.0821838379,36.1599998474,0.0205264991,-0.0084490747,-0.0376074774,8.6800003052
2011-11-10,77.1275329590,171.1399993896,95.9777221680,32.8100013733,-0.0150114110,-0.0054194819,0.0093744931,-3.3499984741
2011-11-11,76.6569137573,173.9600067139,97.7842330933,30.0400009155,-0.0061205236,0.0163434949,0.0186472444,-2.7700004578
2011-11-14,77.8897476196,173.1999969482,96.8578109741,31.1299991608,0.0159545344,-0.0043784478,-0.0095193114,1.0899982453
2011-11-15,77.7836990356,173.3600006104,97.3364791870,31.2199993134,-0.0013624494,0.0009233822,0.0049297967,0.0900001526
2011-11-16,78.4929962158,171.5099945068,95.7924270630,33.5099983215,0.0090775154,-0.0107288188,-0.0159902011,2.2899990081
2011-11-17,79.1226043701,167.1000061035,94.2715454102,34.5099983215,0.0079892029,-0.0260490698,-0.0160042337,1.0000000000
2011-11-18,79.1027755737,167.6199951172,94.1711883545,32.0000000000,-0.0002506399,0.0031070114,-0.0010651200,-2.5099983215
2011-11-21,79.5733795166,163.5000000000,92.3800735474,32.9099998474,0.0059316451,-0.0248864932,-0.0192029775,0.9099998474
2011-11-22,80.4615478516,165.3099975586,92.0172653198,31.9699993134,0.0110997951,0.0110094940,-0.0039350752,-0.9400005340
2011-11-23,81.2503585815,164.8300018311,89.9868164062,33.9799995422,0.0097558306,-0.0029078334,-0.0223130507,2.0100002288
2011-11-25,80.0705108643,163.3999938965,89.8169860840,34.4700012207,-0.0146276022,-0.0087135058,-0.0018890632,0.4900016785
2011-11-28,80.0307006836,166.6300048828,92.4187088013,32.1300010681,-0.0004973127,0.0195746698,0.0285553223,-2.3400001526
2011-11-29,79.3744888306,166.8800048828,92.6811752319,30.6399993896,-0.0082333023,0.0014992057,0.0028359457,-1.4900016785
2011-11-30,78.1350173950,170.1300048828,96.4949569702,27.7999992371,-0.0157386948,0.0192878589,0.0403253676,-2.8400001525
2011-12-01,77.7429733276,169.6300048828,96.4795455933,27.4099998474,-0.0050301507,-0.0029432561,-0.0001597245,-0.3899993897
2011-12-02,78.8327026367,169.8200073242,96.3945999146,27.5200004578,0.0139197471,0.0011194724,-0.0008808405,0.1100006104
2011-12-05,78.6732406616,167.3200073242,97.4445648193,27.8400001526,-0.0020248383,-0.0148309054,0.0108334678,0.3199996948
2011-12-06,77.9223861694,168.1799926758,97.4754409790,28.1299991608,-0.0095897984,0.0051266005,0.0003168085,0.2899990082
2011-12-07,78.2014617920,169.3999938965,97.8382644653,28.6700000763,0.0035750582,0.0072279553,0.0037152938,0.5400009155
2011-12-08,79.1782836914,165.9799957275,95.6920700073,30.5900001526,0.0124137250,-0.0203954728,-0.0221803207,1.9200000763
2011-12-09,77.5502471924,166.3999938965,97.3133087158,26.3799991608,-0.0207759883,0.0025272183,0.0168003281,-4.2100009918
2011-12-12,78.4140625000,161.9900054932,95.8927993774,25.6700000763,0.0110772028,-0.0268598529,-0.0147048657,-0.7099990845
2011-12-13,79.1450042725,158.4499969482,94.9972381592,25.4099998474,0.0092783872,-0.0220955720,-0.0093830752,-0.2600002289
2011-12-14,80.6401214600,152.8899993896,93.9859161377,26.0400009155,0.0187146434,-0.0357203623,-0.0107028764,0.6300010681
2011-12-15,80.3410873413,152.3300018311,94.3255920410,25.1100006104,-0.0037151474,-0.0036694724,0.0036075997,-0.9300003051
2011-12-16,81.2779922485,155.2299957275,94.4654159546,24.2900009155,0.0115941188,0.0188586283,0.0014812563,-0.8199996949
2011-12-19,82.3078765869,154.8699951172,93.4554138184,24.9200000763,0.0125915270,-0.0023218367,-0.0107493338,0.6299991608
2011-12-20,80.2546768188,156.9799957275,96.2834014893,23.2199993134,-0.0252617705,0.0135323577,0.0298114764,-1.7000007629
2011-12-21,79.1384201050,157.1600036621,96.4698867798,21.4300003052,-0.0140065660,0.0011460365,0.0019349641,-1.7899990082
2011-12-22,79.4706497192,156.0399932861,97.3244934082,21.1599998474,0.0041892951,-0.0071520764,0.0088197828,-0.2700004578
2011-12-23,78.5868453979,156.3099975586,98.1946258545,20.7299995422,-0.0111834435,0.0017288577,0.0089007990,-0.4300003052
2011-12-27,78.9602050781,154.9100036621,98.2723236084,21.9099998474,0.0047396683,-0.0089968725,0.0007909499,1.1800003052
2011-12-28,80.4200363159,151.0299987793,96.9826354980,23.5200004578,0.0183193607,-0.0253658423,-0.0132104902,1.6100006104
2011-12-29,80.5667343140,150.3399963379,97.9848709106,22.6499996185,0.0018224856,-0.0045791131,0.0102811413,-0.8700008393
2011-12-30,80.8267135620,151.9900054932,97.5031738281,23.3999996185,0.0032216856,0.0109153940,-0.0049281587,0.7500000000
2012-01-03,79.6134490967,155.9199981689,99.0570068359,22.9699993134,-0.0151244872,0.0255282781,0.0158105815,-0.4300003051
2012-01-04,78.6668777466,156.7100067139,99.2124176025,22.2199993134,-0.0119608375,0.0050539629,0.0015676729,-0.7500000000
2012-01-05,78.5268707275,157.7799987793,99.4765243530,21.4799995422,-0.0017813311,0.0068046436,0.0026584963,-0.7399997712
2012-01-06,79.1468353271,157.1999969482,99.2201614380,20.6299991608,0.0078639338,-0.0036827893,-0.0025804462,-0.8500003814
2012-01-09,79.0068435669,156.5000000000,99.4609832764,21.0699996948,-0.0017703262,-0.0044628506,0.0024242054,0.4400005340
2012-01-10,78.8734893799,158.6399993896,100.3234100342,20.6900005341,-0.0016893075,0.0135814704,0.0086336285,-0.3799991607
2012-01-11,79.9000549316,159.6699981689,100.3777770996,21.0499992371,0.0129313717,0.0064716935,0.0005417713,0.3599987030
2012-01-12,79.7867889404,160.3800048828,100.6186370850,20.4699993134,-0.0014186017,0.0044368559,0.0023966607,-0.5799999237
2012-01-13,80.5800323486,159.2599945068,100.0980758667,20.9099998474,0.0098929426,-0.0070079775,-0.0051870358,0.4400005340
2012-01-17,80.9533386230,160.5000000000,100.4865341187,22.2000007629,0.0046220411,0.0077558902,0.0038732656,1.2900009155
2012-01-18,79.9734344482,161.6000061035,101.5975341797,20.8899993896,-0.0121784122,0.0068302413,0.0109955353,-1.3100013733
2012-01-19,78.8734893799,161.2200012207,102.1336212158,19.8700008392,-0.0138493415,-0.0023542844,0.0052627029,-1.0199985504
2012-01-20,77.9802398682,162.0700073242,102.5142822266,18.2800006866,-0.0113897090,0.0052584864,0.0037201598,-1.5900001526
2012-01-23,77.4869232178,163.1600036621,102.2501296997,18.6700000763,-0.0063462701,0.0067029510,-0.0025800643,0.3899993897
2012-01-24,77.6268997192,162.0099945068,102.1336212158,18.9099998474,0.0018048235,-0.0070733091,-0.0011400955,0.2399997711
2012-01-25,77.4403076172,166.4199981689,102.9882049561,18.3099994659,-0.0024065977,0.0268566747,0.0083324988,-0.6000003815
2012-01-26,78.4668807983,167.2700042725,102.4599151611,18.5699996948,0.0131692198,0.0050945964,-0.0051428162,0.2600002289
2012-01-27,78.7135162354,168.9700012207,102.4133071899,18.5300006866,0.0031382494,0.0101118927,-0.0004549933,-0.0399990082
2012-01-30,79.6401519775,168.0299987793,102.0637054443,19.3999996185,0.0117035030,-0.0055786640,-0.0034194757,0.8699989319
2012-01-31,80.5600357056,169.3099975586,102.0248184204,19.4400005341,0.0114843041,0.0075888121,-0.0003810800,0.0400009156
2012-02-01,79.6372604370,169.5599975586,102.9183349609,18.5499992371,-0.0115206124,0.0014754924,0.0087197078,-0.8900012970
2012-02-02,79.6038208008,171.0500030518,103.0814361572,17.9799995422,-0.0004199876,0.0087490972,0.0015835089,-0.5699996949
2012-02-03,77.8932037354,167.6399993896,104.5265350342,17.1000003815,-0.0217233861,-0.0201371098,0.0139216448,-0.8799991607
2012-02-06,78.6683349609,167.1799926758,104.4565963745,17.7600002289,0.0099020176,-0.0027477870,-0.0006693235,0.6599998474
2012-02-07,77.6927490234,169.6999969482,104.7207489014,17.6499996185,-0.0124787904,0.0149611218,0.0025256336,-0.1100006104
2012-02-08,77.7528762817,168.5000000000,105.0315017700,18.1599998474,0.0007736115,-0.0070964045,0.0029630490,0.5100002289
2012-02-09,77.1715240479,168.0200042725,105.1635742188,18.6299991608,-0.0075050148,-0.0028527044,0.0012566657,0.4699993134
2012-02-10,78.1738662720,167.1399993896,104.3866806030,20.7900009155,0.0129048713,-0.0052512644,-0.0074149008,2.1600017547
2012-02-13,78.2740783691,167.5099945068,105.1635742188,19.0400009155,0.0012810921,0.0022112373,0.0074149008,-1.7500000000
2012-02-14,78.6884002686,167.1199951172,105.0315017700,19.5400009155,0.0052792599,-0.0023309302,-0.0012566657,0.5000000000
2012-02-15,78.5480728149,168.1100006104,104.5420379639,21.1399993896,-0.0017849229,0.0059064426,-0.0046710543,1.5999984741
2012-02-16,77.9199371338,168.0000000000,105.6996688843,19.2199993134,-0.0080289774,-0.0006545513,0.0110124926,-1.9200000762
2012-02-17,77.8999176025,167.3500061035,105.9793701172,17.7800006866,-0.0002569574,-0.0038765153,0.0026426934,-1.4399986268
2012-02-21,77.0379409790,171.0200042725,106.0259933472,18.1900005341,-0.0111268547,0.0216930696,0.0004398307,0.4099998475
2012-02-22,78.0067749023,172.9400024414,105.6841430664,18.1900005341,0.0124976402,0.0111641939,-0.0032294210,0.0000000000
2012-02-23,78.0067749023,173.0200042725,106.1502838135,16.7999992371,0.0000000000,0.0004624918,0.0044009985,-1.3900012970
2012-02-24,78.5146560669,172.2299957275,106.3833618164,17.3099994659,0.0064896282,-0.0045764514,0.0021933289,0.5100002288
2012-02-27,79.2095794678,171.6999969482,106.5620346069,18.1900005341,0.0088119355,-0.0030820179,0.0016781094,0.8800010682
2012-02-28,78.9489746094,173.4900054932,106.8728027344,17.9599990845,-0.0032954916,0.0103712424,0.0029120677,-0.2300014496
2012-02-29,78.4679107666,164.2899932861,106.4532699585,18.4300003052,-0.0061119916,-0.0544868744,-0.0039332587,0.4700012207
2012-03-01,77.7291336060,166.6100006104,107.0048904419,17.2600002289,-0.0094596242,0.0140226376,0.0051684294,-1.1700000763
2012-03-02,78.4591522217,166.3399963379,106.6785583496,17.2900009155,0.0093479985,-0.0016218912,-0.0030543530,0.0300006866
2012-03-05,77.8362655640,165.6499938965,106.2435226440,18.0499992371,-0.0079706746,-0.0041567725,-0.0040863428,0.7599983216
2012-03-06,78.7806472778,162.6999969482,104.6896667480,20.8700008392,0.0120599128,-0.0179690964,-0.0147334235,2.8200016021
2012-03-07,78.2984313965,163.6300048828,105.4200057983,19.0699996948,-0.0061398042,0.0056998158,0.0069520073,-1.8000011444
2012-03-08,77.5148544312,165.2799987793,106.4688262939,17.9500007629,-0.0100579815,0.0100331867,0.0098998050,-1.1199989319
2012-03-09,77.6688766479,166.3800048828,106.8805694580,17.1100006104,0.0019850311,0.0066333602,0.0038598063,-0.8400001525
2012-03-12,77.6554718018,165.0700073242,106.8883514404,15.6400003433,-0.0001726046,-0.0079046875,0.0000728074,-1.4700002671
2012-03-13,76.2892227173,162.3000030518,108.8151016235,14.8000001907,-0.0177503351,-0.0169231774,0.0178652813,-0.8400001526
2012-03-14,74.3671188354,159.5700073242,108.6985626221,15.3100004196,-0.0255177865,-0.0169637500,-0.0010715558,0.5100002289
2012-03-15,74.4809188843,161.0800018311,109.3278656006,15.4200000763,0.0015290772,0.0094184040,0.0057727380,0.1099996567
2012-03-16,74.6282882690,161.3000030518,109.4792404175,14.4700002670,0.0019766644,0.0013648567,0.0013836373,-0.9499998093
2012-03-19,73.7375640869,161.5899963379,109.9084167480,15.0399999619,-0.0120072762,0.0017962363,0.0039124979,0.5699996949
2012-03-20,74.0322494507,160.1300048828,109.5885086060,15.5799999237,0.0039884432,-0.0090762245,-0.0029149235,0.5399999618
2012-03-21,74.8693771362,160.2100067139,109.4090423584,15.1300001144,0.0112441553,0.0004994807,-0.0016389799,-0.4499998093
2012-03-22,75.1104965210,159.5700073242,108.6208801270,15.5699996948,0.0032153593,-0.0040027532,-0.0072298853,0.4399995804
2012-03-23,75.8204040527,161.5299987793,108.9720535278,14.8199996948,0.0094071229,0.0122081330,0.0032278043,-0.7500000000
2012-03-26,75.4319915771,164.3999938965,110.5014801025,14.2600002289,-0.0051359627,0.0176115691,0.0139374558,-0.5599994659
2012-03-27,75.9745254517,163.2400054932,110.1581726074,15.5900001526,0.0071666162,-0.0070809013,-0.0031116497,1.3299999237
2012-03-28,75.8672790527,161.5099945068,109.6119232178,15.4700002670,-0.0014126072,-0.0106545179,-0.0049711087,-0.1199998856
2012-03-29,76.4365158081,161.2799987793,109.4246368408,15.4799995422,0.0074750522,-0.0014250489,-0.0017100928,0.0099992752
2012-03-30,75.1440124512,162.1199951172,109.8772201538,15.5000000000,-0.0170540992,0.0051947943,0.0041274977,0.0200004578
2012-04-02,75.5602798462,162.9400024414,110.6808853149,15.6400003433,0.0055243079,0.0050452782,0.0072875918,0.1400003433
2012-04-03,74.2509231567,159.8899993896,110.2283706665,15.6599998474,-0.0174805356,-0.0188959749,-0.0040968431,0.0199995041
2012-04-04,75.2715301514,157.2100067139,109.1358795166,16.4400005341,0.0136517670,-0.0169035411,-0.0099606037,0.7800006867
2012-04-05,75.8154525757,158.3099975586,109.0812988281,16.7000007629,0.0072001540,0.0069725868,-0.0005002419,0.2600002288
2012-04-09,77.5881042480,159.3699951172,107.8562088013,18.8099994659,0.0231119880,0.0066733916,-0.0112945250,2.1099987030
2012-04-10,78.4677886963,161.1000061035,106.0457839966,20.3899993896,0.0112740858,0.0107968158,-0.0169280147,1.5799999237
2012-04-11,77.5277023315,161.0700073242,106.9041366577,20.0200004578,-0.0120528836,-0.0001862295,0.0080615884,-0.3699989318
2012-04-12,77.2054061890,162.6999969482,108.3010101318,17.2000007629,-0.0041658390,0.0100688969,0.0129819673,-2.8199996949
2012-04-13,78.4543075562,160.8500061035,107.0134582520,19.5499992371,0.0160469030,-0.0114357038,-0.0119598765,2.3499984742
2012-04-16,78.3401489258,160.4600067139,106.9432373047,19.5499992371,-0.0014561567,-0.0024275595,-0.0006564034,0.0000000000
2012-04-17,78.2931594849,160.2500000000,108.5272674561,18.4599990845,-0.0005999930,-0.0013096364,0.0147032531,-1.0900001526
2012-04-18,78.5214538574,159.3099975586,108.1605300903,18.6399993896,0.0029116487,-0.0058831215,-0.0033849411,0.1800003051
2012-04-19,78.5953292847,159.4299926758,107.4660110474,18.3600006104,0.0009403888,0.0007529342,-0.0064418920,-0.2799987792
2012-04-20,78.6087722778,159.5399932861,107.6455001831,17.4400005341,0.0001710260,0.0006897239,0.0016688012,-0.9200000763
2012-04-23,79.1794815063,159.0700073242,106.7402725220,18.9699993134,0.0072338936,-0.0029502294,-0.0084448985,1.5299987793
2012-04-24,78.6222305298,159.3000030518,107.1460647583,18.1000003815,-0.0070627028,0.0014448331,0.0037944707,-0.8699989319
2012-04-25,78.2192993164,159.6199951172,108.6130981445,16.8199996948,-0.0051380792,0.0020067238,0.0135990145,-1.2800006867
2012-04-26,78.6893463135,161.0299987793,109.3699722290,16.2399997711,0.0059913640,0.0087947156,0.0069443661,-0.5799999237
2012-04-27,78.7564773560,161.3800048828,109.5494384766,16.3199996948,0.0008527511,0.0021711872,0.0016395649,0.0799999237
2012-04-30,78.7766494751,161.8800048828,109.1436920166,17.1499996185,0.0002561000,0.0030934875,-0.0037106509,0.8299999237
2012-05-01,78.3680877686,161.3200073242,109.8226013184,16.6000003815,-0.0051998258,-0.0034653348,0.0062010592,-0.5499992370
2012-05-02,78.9199905396,160.5899963379,109.4948654175,16.8799991608,0.0070177606,-0.0045355051,-0.0029886917,0.2799987793
2012-05-03,78.8997879028,158.9700012207,108.6599502563,17.5599994659,-0.0002560216,-0.0101389974,-0.0076543737,0.6800003051
2012-05-04,79.5190353394,159.4700012207,106.9041366577,19.1599998474,0.0078178916,0.0031403116,-0.0162907695,1.6000003815
2012-05-07,79.5324783325,159.0800018311,106.9822082520,18.9400005341,0.0001690395,-0.0024485926,0.0007300288,-0.2199993133
2012-05-08,79.9565658569,156.0000000000,106.5530242920,19.0499992371,0.0053180897,-0.0195512246,-0.0040198007,0.1099987030
2012-05-09,80.0104064941,154.4700012207,105.9209823608,20.0799999237,0.0006731469,-0.0098560966,-0.0059493752,1.0300006866
2012-05-10,79.7748336792,154.7700042725,106.1394653320,18.8299999237,-0.0029486201,0.0019402609,0.0020605733,-1.2500000000
2012-05-11,80.4344711304,153.5599975586,105.8195571899,19.8899993896,0.0082347424,-0.0078488173,-0.0030185871,1.0599994659
2012-05-14,81.5585632324,151.3300018311,104.6490631104,21.8700008392,0.0138784998,-0.0146284594,-0.0111228567,1.9800014496
2012-05-15,81.8883285522,149.7400054932,104.0481643677,21.9699993134,0.0040351427,-0.0105624013,-0.0057585854,0.0999984742
2012-05-16,82.1239700317,149.4600067139,103.6502685547,22.2700004578,0.0028734631,-0.0018716501,-0.0038314810,0.3000011444
2012-05-17,83.5777816772,152.8000030518,102.1129837036,24.4899997711,0.0175477801,0.0221010533,-0.0149425462,2.2199993133
2012-05-18,83.5979995728,154.5500030518,101.2390441895,25.1000003815,0.0002418759,0.0113877916,-0.0085953890,0.6100006104
2012-05-21,83.4230041504,154.6499938965,102.9791717529,22.0100002289,-0.0020954908,0.0006467713,0.0170422572,-3.0900001526
2012-05-22,82.4940948486,152.0800018311,103.1586303711,22.4799995422,-0.0111973873,-0.0167577494,0.0017411524,0.4699993133
2012-05-23,83.0662384033,151.6199951172,103.2132492065,22.3299999237,0.0069116294,-0.0030293518,0.0005293244,-0.1499996185
2012-05-24,82.7499084473,151.4100036621,103.4161682129,21.5400009155,-0.0038154347,-0.0013859452,0.0019640870,-0.7899990082
2012-05-25,83.0595016479,152.6799926758,103.0806121826,21.7600002289,0.0037343304,0.0083527667,-0.0032499909,0.2199993134
2012-05-29,82.8037185669,151.0200042725,104.3291015625,21.0300006866,-0.0030842677,-0.0109318732,0.0120390163,-0.7299995423
2012-05-30,84.9038085938,151.9100036621,102.8152542114,24.1399993896,0.0250459815,0.0058759577,-0.0146166117,3.1099987030
2012-05-31,85.8864898682,151.6199951172,102.5890274048,24.0599994659,0.0115075871,-0.0019109059,-0.0022027476,-0.0799999237
2012-06-01,87.9254760742,157.5000000000,100.0061416626,26.6599998474,0.0234630537,0.0380480998,-0.0254993809,2.6000003815
2012-06-04,87.2307586670,157.3200073242,99.9592971802,26.1200008392,-0.0079325872,-0.0011434641,-0.0004685258,-0.5399990082
2012-06-05,86.0638732910,157.1399993896,100.7162246704,24.6800003052,-0.0134672725,-0.0011448703,0.0075438307,-1.4400005340
2012-06-06,84.3439788818,157.2100067139,102.9791717529,22.1599998474,-0.0201863094,0.0004454100,0.0222198462,-2.5200004578
2012-06-07,84.4721755981,154.5000000000,103.0415725708,21.7199993134,0.0015187734,-0.0173884376,0.0006057722,-0.4400005340
2012-06-08,84.4519119263,154.7299957275,103.8609085083,21.2299995422,-0.0002399145,0.0014875386,0.0079200618,-0.4899997712
2012-06-11,84.8363265991,155.3600006104,102.5421676636,23.5599994659,0.0045415480,0.0040633736,-0.0127784800,2.3299999237
2012-06-12,84.0606994629,156.4600067139,103.7204666138,22.0900001526,-0.0091846802,0.0070554207,0.0114253536,-1.4699993133
2012-06-13,84.8902740479,157.1199951172,103.0571899414,24.2700004578,0.0098203785,0.0042093844,-0.0064153832,2.1800003052
2012-06-14,84.7824020386,157.7500000000,104.1496658325,21.6800003052,-0.0012715309,0.0040016879,0.0105448829,-2.5900001526
2012-06-15,85.2544555664,157.8399963379,105.2148056030,21.1100006104,0.0055523814,0.0005703371,0.0101750689,-0.5699996948
2012-06-18,85.7131195068,157.9299926758,105.4187469482,18.3199996948,0.0053655208,0.0005700120,0.0019364570,-2.7900009156
2012-06-19,84.5935134888,157.1600036621,106.4384307861,18.3799991608,-0.0131483094,-0.0048874325,0.0096262182,0.0599994660
2012-06-20,85.0116653442,155.9700012207,106.2658843994,17.2399997711,0.0049308955,-0.0076007291,-0.0016224064,-1.1399993897
2012-06-21,85.4636535645,152.0200042725,103.8814010620,20.0799999237,0.0053026946,-0.0256515696,-0.0226944228,2.8400001526
2012-06-22,84.3237228394,152.6399993896,104.6814346313,18.1100006104,-0.0134279459,0.0040700845,0.0076719085,-1.9699993133
2012-06-25,85.5512847900,153.7599945068,103.0028839111,20.3799991608,0.0144527831,0.0073107058,-0.0161647955,2.2699985504
2012-06-26,85.2140121460,152.6199951172,103.5205764771,19.7199993134,-0.0039501361,-0.0074417696,0.0050134125,-0.6599998474
2012-06-27,85.3489303589,152.8300018311,104.4539566040,19.4500007629,0.0015820346,0.0013750647,0.0089759682,-0.2699985505
2012-06-28,85.5580291748,151.0500030518,104.1558990479,19.7099990845,0.0024469328,-0.0117152765,-0.0028575616,0.2599983216
2012-06-29,84.4451141357,155.1900024414,106.7521743774,17.0799999237,-0.0130930631,0.0270392604,0.0246212148,-2.6299991608
2012-07-02,85.3164215088,155.0899963379,107.0737686157,16.7999992371,0.0102651643,-0.0006446185,0.0030080025,-0.2800006866
2012-07-03,84.6607513428,157.4600067139,107.7797012329,16.6599998474,-0.0077148408,0.0151659304,0.0065713173,-0.1399993897
2012-07-05,85.0933990479,155.6799926758,107.2933425903,17.5000000000,0.0050973557,-0.0113689290,-0.0045227376,0.8400001526
2012-07-06,85.8842010498,153.7100067139,106.2737045288,17.1000003815,0.0092504239,-0.0127348175,-0.0095487185,-0.3999996185
2012-07-09,86.6412124634,154.0399932861,106.1403579712,17.9799995422,0.0087757074,0.0021445114,-0.0012555343,0.8799991607
2012-07-10,86.8169555664,152.1499938965,105.2148056030,18.7199993134,0.0020263464,-0.0123454291,-0.0087583220,0.7399997712
2012-07-11,86.9251174927,152.9900054932,105.2305145264,17.9500007629,0.0012450863,0.0055057595,0.0001492922,-0.7699985505
2012-07-12,87.5402069092,152.5899963379,104.7206726074,18.3299999237,0.0070511658,-0.0026180338,-0.0048567758,0.3799991608
2012-07-13,87.3103790283,154.1399993896,106.4776458740,16.7399997711,-0.0026288504,0.0101067145,0.0166385207,-1.5900001526
2012-07-16,87.7159500122,154.2100067139,106.2266464233,17.1100006104,0.0046344080,0.0004540770,-0.0023600799,0.3700008393
2012-07-17,87.0265350342,153.4700012207,106.9561004639,16.4799995422,-0.0078906804,-0.0048102373,0.0068434890,-0.6300010682
2012-07-18,87.0738296509,153.0500030518,107.7483139038,16.1599998474,0.0005433029,-0.0027404308,0.0073796064,-0.3199996948
2012-07-19,86.8508148193,153.3800048828,108.0307083130,15.4499998093,-0.0025645009,0.0021538488,0.0026174423,-0.7100000381
2012-07-20,87.9120025635,153.6699981689,107.0424118042,16.2700004578,0.0121444687,0.0018889000,-0.0091903950,0.8200006485
2012-07-23,88.4054336548,153.0299987793,105.9599304199,18.6200008392,0.0055970911,-0.0041734615,-0.0101641202,2.3500003814
2012-07-24,89.1016387939,153.5200042725,105.0501022339,20.4699993134,0.0078442926,0.0031969069,-0.0086236073,1.8499984742
2012-07-25,89.3314971924,155.6699981689,105.0736236572,19.3400001526,0.0025764108,0.0139074908,0.0002238817,-1.1299991608
2012-07-26,88.5135650635,156.7700042725,106.8070449829,17.5300006866,-0.0091983200,0.0070414200,0.0163626065,-1.8099994660
2012-07-27,86.8439865112,157.5399932861,108.7758255005,16.7000007629,-0.0190425675,0.0048995613,0.0182652290,-0.8299999237
2012-07-30,87.4929199219,157.4299926758,108.7758255005,18.0300006866,0.0074446246,-0.0006984832,0.0000000000,1.3299999237
2012-07-31,87.6686096191,156.4900054932,108.0149841309,18.9300003052,0.0020060313,-0.0059887232,-0.0070191582,0.8999996186
2012-08-01,87.2304382324,155.1399993896,107.9208679199,18.9599990845,-0.0050105739,-0.0086642141,-0.0008717053,0.0299987793
2012-08-02,87.7249069214,154.1300048828,107.1757431030,17.5699996948,0.0056525281,-0.0065314973,-0.0069283081,-1.3899993897
2012-08-03,86.3091888428,155.5500030518,109.3013763428,15.6400003433,-0.0162697924,0.0091708091,0.0196390414,-1.9299993515
2012-08-06,86.3430557251,156.3000030518,109.5131301880,15.9499998093,0.0003923133,0.0048100140,0.0019354650,0.3099994660
2012-08-07,85.2321929932,156.2799987793,110.0622100830,15.9899997711,-0.0129491668,-0.0001279946,0.0050012997,0.0399999618
2012-08-08,84.7783508301,156.4799957275,110.1955184937,15.3199996948,-0.0053390011,0.0012789166,0.0012104767,-0.6700000763
2012-08-09,84.7173843384,156.9900054932,110.2896499634,15.2799997330,-0.0007193868,0.0032539651,0.0008538577,-0.0399999618
2012-08-10,85.1441421509,157.1799926758,110.4700775146,14.7399997711,0.0050247836,0.0012094548,0.0016346060,-0.5399999619
2012-08-13,85.0018920898,155.9900054932,110.4151382446,13.6999998093,-0.0016720941,-0.0075996610,-0.0004974463,-1.0399999618
2012-08-14,83.8504104614,155.1300048828,110.4308547974,14.8500003815,-0.0136391327,-0.0055284313,0.0001423304,1.1500005722
2012-08-15,82.6717987061,155.6300048828,110.5563583374,14.6300001144,-0.0141558468,0.0032179200,0.0011358445,-0.2200002671
2012-08-16,81.9673233032,156.5599975586,111.3721237183,14.2899999619,-0.0085578652,0.0059578809,0.0073516391,-0.3400001525
2012-08-17,82.3669815063,156.7200012207,111.5211181641,13.4499998093,0.0048639752,0.0010214739,0.0013369133,-0.8400001526
2012-08-20,82.5363159180,157.2599945068,111.5289688110,14.0200004578,0.0020537427,0.0034396702,0.0000703936,0.5700006485
2012-08-21,82.9020767212,158.8300018311,111.1916656494,15.0200004578,0.0044217233,0.0099340077,-0.0030289373,1.0000000000
2012-08-22,84.2703399658,160.5399932861,111.2387466431,15.1099996567,0.0163698513,0.0107086315,0.0004233323,0.0899991989
2012-08-23,84.6225662231,161.8899993896,110.3289031982,15.9600000381,0.0041710072,0.0083739976,-0.0082128285,0.8500003814
2012-08-24,84.5412826538,161.9700012207,110.9955596924,15.1800003052,-0.0009610041,0.0004940520,0.0060242641,-0.7799997329
2012-08-27,85.0357818604,161.3600006104,111.0190963745,16.3500003815,0.0058321638,-0.0037732430,0.0002120282,1.1700000763
2012-08-28,85.2389755249,161.6399993896,110.9092864990,16.4899997711,0.0023866575,0.0017337390,-0.0009895975,0.1399993896
2012-08-29,84.8664398193,160.5899963379,110.9955596924,17.0599994659,-0.0043800640,-0.0065171262,0.0007775693,0.5699996948
2012-08-30,85.3067092896,160.5200042725,110.1955184937,17.8299999237,0.0051743822,-0.0004359383,-0.0072339689,0.7700004578
2012-08-31,86.5123977661,164.2200012207,110.7210769653,17.4699993134,0.0140346238,0.0227884277,0.0047579899,-0.3600006103
2012-09-04,86.4255371094,164.4799957275,110.6190795898,17.9799995422,-0.0010045299,0.0015819566,-0.0009216347,0.5100002288
2012-09-05,86.0182342529,164.3099975586,110.5250015259,17.7399997711,-0.0047239006,-0.0010340837,-0.0008508305,-0.2399997711
2012-09-06,84.5859603882,164.8899993896,112.7682952881,15.6000003815,-0.0167910000,0.0035237086,0.0200934759,-2.1399993896
2012-09-07,84.1922378540,168.4400024414,113.2074813843,14.3800001144,-0.0046655700,0.0213010366,0.0038870241,-1.2200002671
2012-09-10,84.3958663940,167.2899932861,112.5643081665,16.2800006866,0.0024156940,-0.0068508246,-0.0056975671,1.9000005722
2012-09-11,83.8664398193,167.8999938965,112.8780670166,16.4099998474,-0.0062928927,0.0036397345,0.0027834967,0.1299991608
2012-09-12,82.8210906982,167.9199981689,113.2545013428,15.8000001907,-0.0125427838,0.0001191369,0.0033293274,-0.6099996567
2012-09-13,82.4952011108,171.3099975586,114.9801864624,14.0500001907,-0.0039426242,0.0199871019,0.0151223114,-1.7500000000
2012-09-14,80.3027191162,171.8000030518,115.4900054932,14.5100002289,-0.0269366409,0.0028562608,0.0044241718,0.4600000382
2012-09-17,81.2665634155,170.3999938965,115.0978393555,14.5900001526,0.0119311755,-0.0081824487,-0.0034014500,0.0799999237
2012-09-18,81.6738433838,171.7200012207,115.0036773682,14.1800003052,0.0049991383,0.0077166719,-0.0008184387,-0.4099998474
2012-09-19,82.2101898193,171.7400054932,115.0664443970,13.8800001144,0.0065454619,0.0001164868,0.0005456339,-0.3000001908
2012-09-20,82.4137802124,171.4700012207,115.0742797852,14.0699996948,0.0024734004,-0.0015734059,0.0000680921,0.1899995804
2012-09-21,82.5088043213,171.9600067139,115.0261764526,13.9799995422,0.0011523482,0.0028535994,-0.0004181072,-0.0900001526
2012-09-24,83.1536712646,171.0500030518,114.8527603149,14.1499996185,0.0077853503,-0.0053060014,-0.0015087609,0.1700000763
2012-09-25,83.9750289917,170.7700042725,113.6304397583,15.4300003052,0.0098291238,-0.0016382823,-0.0106995369,1.2800006867
2012-09-26,84.8778533936,169.8099975586,112.9917297363,16.8099994659,0.0106937233,-0.0056374963,-0.0056367982,1.3799991607
2012-09-27,84.2737197876,172.3399963379,114.0563049316,14.8400001526,-0.0071431340,0.0147890980,0.0093776015,-1.9699993133
2012-09-28,84.3211517334,171.8899993896,113.5279388428,15.7299995422,0.0005626737,-0.0026145148,-0.0046432655,0.8899993896
2012-10-01,84.6341323853,172.2899932861,113.8275833130,16.3199996948,0.0037048976,0.0023243308,0.0026359126,0.5900001526
2012-10-02,84.5185317993,172.1000061035,113.9458923340,15.7100000381,-0.0013668198,-0.0011033259,0.0010388306,-0.6099996567
2012-10-03,84.5457305908,172.4100036621,114.4111251831,15.4300003052,0.0003217568,0.0017996437,0.0040746152,-0.2799997329
2012-10-04,83.4913253784,173.6100006104,115.2312393188,14.5500001907,-0.0125498396,0.0069360253,0.0071425638,-0.8800001145
2012-10-05,82.4097442627,172.6199951172,115.2391357422,14.3299999237,-0.0130390532,-0.0057187893,0.0000685244,-0.2200002670
2012-10-08,83.1036605835,172.0500030518,114.8448410034,15.1099996567,0.0083850657,-0.0033074685,-0.0034274019,0.7799997330
2012-10-09,82.9538955688,170.9900054932,113.7093200684,16.3700008392,-0.0018037728,-0.0061800426,-0.0099366406,1.2600011825
2012-10-10,83.5389404297,170.8399963379,112.9838714600,16.2900009155,0.0070278972,-0.0008776828,-0.0064002900,-0.0799999237
2012-10-11,84.1171875000,171.3200073242,113.0469055176,15.5900001526,0.0068980403,0.0028057710,0.0005577476,-0.7000007629
2012-10-12,84.3279800415,170.0599975586,112.6763153076,16.1399993896,0.0025028044,-0.0073818939,-0.0032835837,0.5499992370
2012-10-15,84.1375732422,168.3500061035,113.6146850586,15.2700004578,-0.0022604844,-0.0101061197,0.0082935258,-0.8699989318
2012-10-16,82.9743957520,169.4199981689,114.7659454346,15.2200002670,-0.0139211606,0.0063356463,0.0100820295,-0.0500001908
2012-10-17,82.2057418823,169.5399932861,115.2864151001,15.0699996948,-0.0093069231,0.0007080194,0.0045248008,-0.1500005722
2012-10-18,81.7023315430,168.7899932861,114.9867477417,15.0299997330,-0.0061426129,-0.0044335487,-0.0026027134,-0.0399999618
2012-10-19,82.8111114502,166.9700012207,113.0705871582,17.0599994659,0.0134797093,-0.0108411361,-0.0168045959,2.0299997329
2012-10-22,82.2805099487,167.5800018311,113.0863494873,16.6200008392,-0.0064279862,0.0036466972,0.0001393928,-0.4399986267
2012-10-23,83.4573440552,165.4299926758,111.5171356201,18.8299999237,0.0142013892,-0.0129127598,-0.0139734199,2.2099990845
2012-10-24,82.6342620850,164.8600006104,111.2017211914,18.3299999237,-0.0099112619,-0.0034514678,-0.0028324017,-0.5000000000
2012-10-25,82.2125549316,166.0200042725,111.5250320435,18.1200008392,-0.0051163629,0.0070116562,0.0029032083,-0.2099990845
2012-10-26,83.4233016968,165.9299926758,111.4619445801,17.8099994659,0.0146196404,-0.0005423202,-0.0005658399,-0.3100013733
2012-10-31,83.9131317139,166.8300018311,111.4619445801,18.6000003815,0.0058544503,0.0054093723,0.0000000000,0.7900009156
2012-11-01,83.2260894775,166.0700073242,112.6289901733,16.6900005341,-0.0082212434,-0.0045659105,0.0104159157,-1.9099998474
2012-11-02,83.1648254395,162.6000061035,111.6275329590,17.5900001526,-0.0007363868,-0.0211161957,-0.0089314135,0.8999996185
2012-11-05,83.6341857910,163.2299957275,111.8562088013,18.4200000763,0.0056278702,0.0038669883,0.0020464658,0.8299999237
2012-11-06,82.8451156616,166.3000030518,112.7315521240,17.5799999237,-0.0094795693,0.0186331816,0.0077951510,-0.8400001526
2012-11-07,84.3484191895,166.4900054932,110.1766128540,19.0799999237,0.0179832796,0.0011418760,-0.0229246978,1.5000000000
2012-11-08,85.6000671387,167.9900054932,108.8518524170,18.4899997711,0.0147299997,0.0089692060,-0.0120968440,-0.5900001526
2012-11-09,85.6953125000,167.8200073242,108.9464416504,18.6100006104,0.0011120600,-0.0010124664,0.0008685949,0.1200008393
2012-11-12,85.8381500244,167.4499969482,109.0331878662,16.6800003052,0.0016654192,-0.0022072391,0.0007959113,-1.9300003052
2012-11-13,86.1238479614,167.1000061035,108.6546783447,16.6499996185,0.0033228062,-0.0020923089,-0.0034775471,-0.0300006867
2012-11-14,86.2054443359,167.1399993896,107.1879730225,17.9200000763,0.0009469821,0.0002393088,-0.0135907142,1.2700004578
2012-11-15,86.0354080200,166.0899963379,107.0065994263,17.9899997711,-0.0019744023,-0.0063019929,-0.0016935409,0.0699996948
2012-11-16,85.9605560303,165.8800048828,107.5349273682,16.4099998474,-0.0008703925,-0.0012651232,0.0049251911,-1.5799999237
2012-11-19,85.4776077271,167.8699951172,109.7113647461,15.2399997711,-0.0056340965,0.0119251764,0.0200372598,-1.1700000763
2012-11-20,84.6205291748,167.3899993896,109.7586898804,15.0799999237,-0.0100775449,-0.0028634258,0.0004312674,-0.1599998474
2012-11-21,84.5728912354,167.5599975586,109.9636840820,15.3100004196,-0.0005631181,0.0010150660,0.0018659389,0.2300004959
2012-11-23,84.4912719727,169.6100006104,111.4619445801,15.1400003433,-0.0009655419,0.0121602060,0.0135330619,-0.1700000763
2012-11-26,84.8926239014,169.4299926758,111.2254104614,15.5000000000,0.0047389709,-0.0010618685,-0.0021243614,0.3599996567
2012-11-27,85.2259216309,168.7100067139,110.6576156616,15.9200000763,0.0039184224,-0.0042585145,-0.0051179763,0.4200000763
2012-11-28,85.1034927368,166.5500030518,111.5486755371,15.5100002289,-0.0014375546,-0.0128857215,0.0080201568,-0.4099998474
2012-11-29,85.1171035767,167.1799926758,112.0691299438,15.0600004196,0.0001599200,0.0037754495,0.0046548650,-0.4499998093
2012-11-30,84.8858337402,166.0500030518,112.0927886963,15.8699998856,-0.0027207763,-0.0067820663,0.0002110863,0.8099994660
2012-12-03,84.9641952515,166.1300048828,111.5408020020,16.6399993896,0.0009227142,0.0004816776,-0.0049365376,0.7699995040
2012-12-04,85.4549255371,164.4199981689,111.3830871582,17.1200008392,0.0057591148,-0.0103465252,-0.0014149661,0.4800014496
2012-12-05,85.4140167236,164.1199951172,111.5802078247,16.4599990845,-0.0004788327,-0.0018262808,0.0017681899,-0.6600017547
2012-12-06,85.5980148315,164.5000000000,111.9587020874,16.5799999237,0.0021518741,0.0023127324,0.0033863870,0.1200008392
2012-12-07,84.8074722290,165.1600036621,112.2978286743,15.8999996185,-0.0092784368,0.0040041530,0.0030244546,-0.6800003052
2012-12-10,85.1823120117,165.8000030518,112.3451232910,16.0499992371,0.0044101520,0.0038675379,0.0004210648,0.1499996186
2012-12-11,84.5348205566,165.6499938965,113.1100158691,15.5699996948,-0.0076302797,-0.0009051692,0.0067853456,-0.4799995423
2012-12-12,83.5533447266,165.7700042725,113.1652374268,15.9499998093,-0.0116782402,0.0007242193,0.0004880919,0.3800001145
2012-12-13,83.6147232056,164.3699951172,112.4713058472,16.5599994659,0.0007343326,-0.0084813567,-0.0061508988,0.6099996566
2012-12-14,84.2417144775,164.1300048828,112.0533218384,17.0000000000,0.0074706004,-0.0014611280,-0.0037232841,0.4400005341
2012-12-17,82.9808807373,164.4400024414,113.3702163696,16.3400001526,-0.0150799912,0.0018869504,0.0116838687,-0.6599998474
2012-12-18,82.1357040405,162.0800018311,114.6319122314,15.5699996948,-0.0102374220,-0.0144557251,0.0110675172,-0.7700004578
2012-12-19,82.4083480835,161.6900024414,113.7802429199,17.3600006104,0.0033139368,-0.0024091149,-0.0074573374,1.7900009156
2012-12-20,82.4219360352,159.7299957275,114.4347534180,17.6700000763,0.0001648720,-0.0121960738,0.0057359271,0.3099994659
2012-12-21,83.3216018677,160.3300018311,113.3960494995,17.8400001526,0.0108562262,0.0037493396,-0.0091182676,0.1700000763
2012-12-24,83.1717376709,160.6199951172,113.0466079712,17.8400001526,-0.0018002430,0.0018070937,-0.0030863602,0.0000000000
2012-12-26,83.4708404541,160.7799987793,112.5701141357,19.4799995422,0.0035897561,0.0009956669,-0.0042239293,1.6399993896
2012-12-27,83.7508926392,161.1600036621,112.4192352295,19.4699993134,0.0033494743,0.0023607197,-0.0013412095,-0.0100002288
2012-12-28,84.2290725708,160.5399932861,111.2042083740,22.7199993134,0.0056933126,-0.0038545922,-0.0108668286,3.2500000000
2012-12-31,82.7741317749,162.0200042725,113.0943069458,18.0200004578,-0.0174245472,0.0091767199,0.0168538192,-4.6999988556
2013-01-02,81.6675491333,163.1699981689,115.9928512573,14.6800003052,-0.0134588669,0.0070727801,0.0253065167,-3.3400001526
2013-01-03,80.5609893799,161.1999969482,115.7308273315,14.5600004196,-0.0136421979,-0.0121467797,-0.0022615215,-0.1199998856
2013-01-04,80.8751907349,160.4400024414,116.2390518188,13.8299999237,0.0038925816,-0.0047257550,0.0043818215,-0.7300004959
2013-01-07,80.9093704224,159.4299926758,115.9214248657,13.7899999619,0.0004225334,-0.0063151476,-0.0027362724,-0.0399999618
2013-01-08,81.4421539307,160.5599975586,115.5878524780,13.6199998856,0.0065633559,0.0070627808,-0.0028817214,-0.1700000763
2013-01-09,81.3670043945,160.4900054932,115.8816757202,13.8100004196,-0.0009231611,-0.0004360197,0.0025387653,0.1900005340
2013-01-10,81.1416244507,161.9799957275,116.8029251099,13.4899997711,-0.0027737615,0.0092411749,0.0079184802,-0.3200006485
2013-01-11,81.8656463623,161.0599975586,116.7950210571,13.3599996567,0.0088833666,-0.0056958932,-0.0000676723,-0.1300001144
2013-01-14,81.6402206421,161.5399932861,116.7155685425,13.5200004578,-0.0027574040,0.0029757972,-0.0006805046,0.1600008011
2013-01-15,82.0159454346,162.5599975586,116.7950210571,13.5500001907,0.0045916443,0.0062944009,0.0006805046,0.0299997329
2013-01-16,82.1866912842,162.6499938965,116.7790756226,13.4200000763,0.0020796976,0.0005534660,-0.0001365343,-0.1300001144
2013-01-17,81.3670043945,163.3500061035,117.5335311890,13.5699996948,-0.0100235430,0.0042945600,0.0064397574,0.1499996185
2013-01-18,81.9954452515,163.0899963379,117.7955780029,12.4600000381,0.0076938606,-0.0015930022,0.0022270676,-1.1099996567
2013-01-22,82.1525344849,163.6699981689,118.4309005737,12.4300003052,0.0019139959,0.0035500211,0.0053789406,-0.0299997329
2013-01-23,82.0295867920,163.2100067139,118.6215438843,12.4600000381,-0.0014976992,-0.0028144380,0.0016084487,0.0299997329
2013-01-24,81.7427139282,161.4199981689,118.6532516479,12.6899995804,-0.0035033172,-0.0110281037,0.0002672662,0.2299995423
2013-01-25,80.6224822998,160.6499938965,119.3203430176,12.8900003433,-0.0137991322,-0.0047816050,0.0056064465,0.2000007629
2013-01-28,80.3287582397,160.2899932861,119.1774139404,13.5699996948,-0.0036498555,-0.0022434148,-0.0011985781,0.6799993515
2013-01-29,79.8847885132,160.9900054932,119.6459655762,13.3100004196,-0.0055422387,0.0043576526,0.0039238389,-0.2599992752
2013-01-30,79.7480926514,162.1900024414,119.1774139404,14.3199996948,-0.0017126283,0.0074262172,-0.0039238389,1.0099992752
2013-01-31,80.1374816895,161.1999969482,118.8835601807,14.2799997330,0.0048708560,-0.0061226914,-0.0024687281,-0.0399999618
2013-02-01,79.0969238281,161.4499969482,120.1065444946,12.8999996185,-0.0130696965,0.0015496672,0.0102346914,-1.3800001145
2013-02-04,80.1100997925,162.0000000000,118.7565612793,14.6700000763,0.0127279516,0.0034008569,-0.0113035254,1.7700004578
2013-02-05,79.3981399536,161.9600067139,119.9557189941,13.7200002670,-0.0089269942,-0.0002469026,0.0100469720,-0.9499998093
2013-02-06,80.0485076904,162.3899993896,120.0430526733,13.4099998474,0.0081578553,0.0026514131,0.0007277844,-0.3100004196
2013-02-07,79.8704833984,161.8399963379,119.8842468262,13.5000000000,-0.0022264318,-0.0033926755,-0.0013237833,0.0900001526
2013-02-08,80.1785507202,161.5700073242,120.5513076782,13.0200004578,0.0038496665,-0.0016696396,0.0055487847,-0.4799995422
2013-02-11,80.1169433594,159.6999969482,120.5275039673,12.9399995804,-0.0007686724,-0.0116414945,-0.0001974766,-0.0800008774
2013-02-12,79.9184112549,159.8899993896,120.7259902954,12.6400003433,-0.0024811043,0.0011890389,0.0016454591,-0.2999992371
2013-02-13,79.2680435181,159.0500030518,120.8292465210,12.9799995422,-0.0081711896,-0.0052674376,0.0008549285,0.3399991989
2013-02-14,79.9868621826,158.3500061035,120.9404144287,12.6599998474,0.0090273332,-0.0044108259,0.0009196184,-0.3199996948
2013-02-15,79.7540817261,155.7599945068,120.7974700928,12.4600000381,-0.0029144766,-0.0164914857,-0.0011826392,-0.1999998093
2013-02-19,79.3570632935,155.3300018311,121.7027740479,12.3100004196,-0.0049904645,-0.0027644280,0.0074664515,-0.1499996185
2013-02-20,79.5966567993,151.4400024414,120.1859436035,14.6800003052,0.0030146345,-0.0253623748,-0.0125417204,2.3699998856
2013-02-21,80.0621795654,152.6199951172,119.4553909302,15.2200002670,0.0058314854,0.0077616168,-0.0060970695,0.5399999618
2013-02-22,80.1169433594,152.9700012207,120.6228103638,14.1700000763,0.0006837819,0.0022906918,0.0097254030,-1.0500001907
2013-02-25,81.6915588379,154.3399963379,118.3276672363,18.9899997711,0.0194633182,0.0089161056,-0.0192107899,4.8199996948
2013-02-26,81.2191619873,156.2200012207,119.1377258301,16.8700008392,-0.0057994731,0.0121073407,0.0068225667,-2.1199989319
2013-02-27,80.9795608521,154.5700073242,120.6386184692,14.7299995422,-0.0029544167,-0.0106181624,0.0125192687,-2.1400012970
2013-02-28,81.1301574707,153.0000000000,120.4003524780,15.5100002289,0.0018579597,-0.0102091942,-0.0019769921,0.7800006867
2013-03-01,81.5719375610,152.4400024414,120.7974700928,15.3599996567,0.0054305530,-0.0036668294,0.0032928819,-0.1500005722
2013-03-04,81.1397628784,152.3000030518,121.4407348633,14.0100002289,-0.0053121650,-0.0009188121,0.0053110225,-1.3499994278
2013-03-05,80.9064788818,152.3800048828,122.5287170410,13.4799995422,-0.0028792295,0.0005251531,0.0089190625,-0.5300006867
2013-03-06,80.1724243164,153.2299957275,122.6954956055,13.5299997330,-0.0091142866,0.0055625996,0.0013602131,0.0500001908
2013-03-07,79.5549163818,152.6900024414,122.9178466797,13.0600004196,-0.0077320640,-0.0035302945,0.0018105786,-0.4699993134
2013-03-08,78.7248229980,152.7100067139,123.4419860840,12.5900001526,-0.0104890367,0.0001310037,0.0042550783,-0.4700002670
2013-03-11,78.8002929688,152.9900054932,123.9105529785,11.5600004196,0.0009581961,0.0018318538,0.0037886610,-1.0299997330
2013-03-12,79.3697204590,154.1900024414,123.6325454712,12.2700004578,0.0072002264,0.0078130283,-0.0022461351,0.7100000382
2013-03-13,79.2873611450,153.6600036621,123.8072814941,11.8299999237,-0.0010382054,-0.0034432307,0.0014123519,-0.4400005341
2013-03-14,79.0473098755,153.6799926758,124.4664459229,11.3000001907,-0.0030322033,0.0001300775,0.0053099938,-0.5299997330
2013-03-15,79.4177246094,154.0000000000,124.3021392822,11.3000001907,0.0046750428,0.0020801316,-0.0013209599,0.0000000000
2013-03-18,80.0214691162,155.3800048828,123.6161193848,13.3599996567,0.0075733874,0.0089211585,-0.0055342568,2.0599994660
2013-03-19,80.5634460449,156.0800018311,123.3289031982,14.3900003433,0.0067500610,0.0044949471,-0.0023261559,1.0300006866
2013-03-20,79.6647567749,155.3699951172,124.1903610229,12.6700000763,-0.0112177342,-0.0045593704,0.0069607617,-1.7200002670
2013-03-21,80.4330825806,156.2500000000,123.1295318604,13.9899997711,0.0095982770,0.0056479509,-0.0085786522,1.3199996948
2013-03-22,80.4948730469,155.5500030518,124.1186599731,13.5699996948,0.0007679271,-0.0044900457,0.0080011375,-0.4200000763
2013-03-25,80.4194107056,155.2400054932,123.6001586914,13.7399997711,-0.0009379198,-0.0019949011,-0.0041862144,0.1700000763
2013-03-26,80.5154647827,154.7200012207,124.5892868042,12.7700004578,0.0011937013,-0.0033553023,0.0079707930,-0.9699993133
2013-03-27,81.2015075684,155.3600006104,124.5892868042,13.1499996185,0.0084845380,0.0041279689,0.0000000000,0.3799991607
2013-03-28,80.7898635864,154.4499969482,124.9721450806,12.6999998093,-0.0050823061,-0.0058746089,0.0030682512,-0.4499998092
2013-04-01,81.3983306885,154.6699981689,124.4775466919,13.5799999237,0.0075032583,0.0014234036,-0.0039655213,0.8800001144
2013-04-02,81.0683135986,152.4299926758,125.0918121338,12.7799997330,-0.0040625883,-0.0145883770,0.0049226130,-0.8000001907
2013-04-03,81.7971267700,150.7299957275,123.8234710693,14.2100000381,0.0089499409,-0.0112152977,-0.0101910339,1.4300003051
2013-04-04,82.7733993530,150.2899932861,124.3259887695,13.8900003433,0.0118646280,-0.0029234122,0.0040501268,-0.3199996948
2013-04-05,84.4441299438,152.8099975586,123.7676696777,13.9200000763,0.0199833857,0.0166285874,-0.0045008811,0.0299997330
2013-04-08,83.7978439331,152.1600036621,124.6052322388,13.1899995804,-0.0076828532,-0.0042626808,0.0067444212,-0.7300004959
2013-04-09,83.5915679932,153.3399963379,125.0359802246,12.8400001526,-0.0024646248,0.0077250314,0.0034509399,-0.3499994278
2013-04-10,82.4433822632,150.7500000000,126.5675201416,12.3599996567,-0.0138308715,-0.0170348186,0.0121743841,-0.4800004959
2013-04-11,82.6015625000,151.0500030518,126.9823532104,12.2399997711,0.0019168147,0.0019880924,0.0032722039,-0.1199998856
2013-04-12,83.8322525024,143.9499969482,126.6711578369,12.0600004196,0.0147892114,-0.0481449322,-0.0024537057,-0.1799993515
2013-04-15,84.5610733032,131.3099975586,123.7357864380,17.2700004578,0.0086562261,-0.0919050746,-0.0234458822,5.2100000382
2013-04-16,83.8666229248,132.8000030518,125.5623931885,13.9600000381,-0.0082463197,0.0112833387,0.0146542541,-3.3100004197
2013-04-17,84.4235153198,132.8699951172,123.7276992798,16.5100002289,0.0066182657,0.0005269098,-0.0147196145,2.5500001908
2013-04-18,84.6297607422,134.3000030518,122.9540252686,17.5599994659,0.0024400062,0.0107049564,-0.0062726702,1.0499992370
2013-04-19,84.4510192871,135.4700012207,124.0229339600,14.9700002670,-0.0021142737,0.0086740964,0.0086559926,-2.5899991989
2013-04-22,84.5128784180,137.8999938965,124.5732879639,14.3900003433,0.0007322172,0.0177785179,0.0044277013,-0.5799999237
2013-04-23,84.2172622681,136.8800048828,125.8575668335,13.4799995422,-0.0035040148,-0.0074240753,0.0102566445,-0.9100008011
2013-04-24,84.4304504395,138.3699951172,125.9373168945,13.6099996567,0.0025282084,0.0108265561,0.0006334526,0.1300001145
2013-04-25,84.0660095215,141.6300048828,126.4478759766,13.6199998856,-0.0043258059,0.0232868363,0.0040458774,0.0100002289
2013-04-26,84.8360137939,140.9100036621,126.2245330811,13.6099996567,0.0091178257,-0.0050966430,-0.0017678460,-0.0100002289
2013-04-29,84.5266571045,142.3000030518,127.0700759888,13.7100000381,-0.0036531903,0.0098161118,0.0066763841,0.1000003814
2013-04-30,84.5748138428,142.7700042725,127.3731765747,13.5200004578,0.0005695603,0.0032974472,0.0023824623,-0.1899995803
2013-05-01,85.4436264038,141.1100006104,126.2564239502,14.4899997711,0.0102203046,-0.0116952413,-0.0088062264,0.9699993133
2013-05-02,85.3333969116,141.9199981689,127.4290084839,13.5900001526,-0.0012909173,0.0057237733,0.0092444637,-0.8999996185
2013-05-03,83.3214645386,142.0899963379,128.7212371826,12.8500003815,-0.0238597074,0.0011971282,0.0100897007,-0.7399997711
2013-05-06,83.1147537231,142.1499938965,129.0482482910,12.6599998474,-0.0024839656,0.0004221613,0.0025372381,-0.1900005341
2013-05-07,82.7909393311,140.3800048828,129.7023773193,12.8299999237,-0.0039036009,-0.0125297291,0.0050560683,0.1700000763
2013-05-08,82.9218826294,142.4600067139,130.2926483154,12.6599998474,0.0015803644,0.0147082396,0.0045406408,-0.1700000763
2013-05-09,82.7082443237,140.8099975586,129.9257202148,13.1300001144,-0.0025797049,-0.0116498591,-0.0028201571,0.4700002670
2013-05-10,81.8194351196,139.6000061035,130.3484954834,12.5900001526,-0.0108044780,-0.0086302125,0.0032486940,-0.5399999618
2013-05-13,81.1924743652,138.4299926758,130.4522094727,12.5500001907,-0.0076922459,-0.0084165043,0.0007953506,-0.0399999619
2013-05-14,80.3105010986,137.8099975586,131.8003082275,12.7700004578,-0.0109221769,-0.0044888226,0.0102810119,0.2200002671
2013-05-15,80.8479385376,134.6300048828,132.5101470947,12.8100004196,0.0066697026,-0.0233455959,0.0053712637,0.0399999618
2013-05-16,81.6885757446,134.0899963379,131.8880004883,13.0699996948,0.0103440720,-0.0040191223,-0.0047061431,0.2599992752
2013-05-17,80.6550674438,131.0700073242,133.1643066406,12.4499998093,-0.0127325252,-0.0227796015,0.0096306728,-0.6199998855
2013-05-20,80.5585556030,135.1199951172,133.1563415527,13.0200004578,-0.0011973163,0.0304316489,-0.0000598158,0.5700006485
2013-05-21,81.1924743652,132.8800048828,133.3477935791,13.3699998856,0.0078382438,-0.0167167343,0.0014367661,0.3499994278
2013-05-22,79.9866561890,131.9400024414,132.3585968018,13.8199996948,-0.0149627395,-0.0070992098,-0.0074458228,0.4499998092
2013-05-23,80.3656387329,134.6100006104,131.9757385254,14.0699996948,0.0047268828,0.0200344209,-0.0028967750,0.2500000000
2013-05-24,80.4759216309,133.7599945068,131.8640136719,13.9899997711,0.0013713236,-0.0063346049,-0.0008469145,-0.0799999237
2013-05-28,78.4364089966,133.4900054932,132.6537933350,14.4799995422,-0.0256698095,-0.0020204985,0.0059714846,0.4899997711
2013-05-29,79.3183746338,134.8300018311,131.7922821045,14.8299999237,0.0111815922,0.0099881294,-0.0065156140,0.3500003815
2013-05-30,79.1254272461,136.6999969482,132.2788543701,14.5299997330,-0.0024355321,0.0137739822,0.0036851647,-0.3000001907
2013-05-31,78.8567199707,133.9199981689,130.3804016113,16.2999992371,-0.0034017456,-0.0205461283,-0.0144558836,1.7699995041
2013-06-03,79.2745437622,136.5099945068,131.0983276367,16.2800006866,0.0052845308,0.0191552387,0.0054912905,-0.0199985505
2013-06-04,78.5425033569,135.2299957275,130.4681396484,16.2700004578,-0.0092771430,-0.0094208309,-0.0048185780,-0.0100002288
2013-06-05,79.6267929077,135.5200042725,128.6415100098,17.5000000000,0.0137107082,0.0021422615,-0.0140995127,1.2299995422
2013-06-06,79.5784759521,136.5299987793,129.8060150146,16.6299991608,-0.0006069769,0.0074250993,0.0090116002,-0.8700008392
2013-06-07,78.1556854248,133.2799987793,131.4572448730,15.1400003433,-0.0180408493,-0.0240921925,0.0126405209,-1.4899988175
2013-06-10,77.7827301025,133.9400024414,131.4572448730,15.4399995804,-0.0047833760,0.0049397874,0.0000000000,0.2999992371
2013-06-11,78.7082061768,133.2500000000,130.1011962891,17.0699996948,0.0118279932,-0.0051648937,-0.0103690841,1.6300001144
2013-06-12,77.5824508667,134.2500000000,129.0243225098,18.5900001526,-0.0144061686,0.0074766703,-0.0083116475,1.5200004578
2013-06-13,78.7980346680,133.7400054932,130.9866638184,16.4099998474,0.0155468028,-0.0038060757,0.0150945819,-2.1800003052
2013-06-14,78.6115570068,134.4299926758,130.1650390625,17.1499996185,-0.0023693315,0.0051459053,-0.0062923386,0.7399997711
2013-06-17,78.1971282959,133.7700042725,131.1701202393,16.7999992371,-0.0052858000,-0.0049216237,0.0076919320,-0.3500003814
2013-06-18,78.2386169434,132.1300048828,132.2070312500,16.6100006104,0.0005304241,-0.0123356159,0.0078740040,-0.1899986267
2013-06-19,77.4305191040,130.5899963379,130.3804016113,16.6399993896,-0.0103823419,-0.0117237072,-0.0139127687,0.0299987792
2013-06-20,76.1596908569,123.5999984741,127.1498107910,20.4899997711,-0.0165486752,-0.0550120835,-0.0250903400,3.8500003815
2013-06-21,74.8681411743,125.0500030518,127.5579681396,18.8999996185,-0.0171038828,0.0116631491,0.0032049096,-1.5900001526
2013-06-24,75.1789398193,123.9300003052,125.9461288452,20.1100006104,0.0041426876,-0.0089967892,-0.0127166467,1.2100009919
2013-06-25,74.5090332031,123.4700012207,127.1570205688,18.4699993134,-0.0089507671,-0.0037186711,0.0095684385,-1.6400012970
2013-06-26,74.9924163818,118.2799987793,128.4160156250,17.2099990845,0.0064666244,-0.0429435368,0.0098524106,-1.2600002289
2013-06-27,75.7591094971,115.9400024414,129.1697692871,16.8600006104,0.0101717010,-0.0199818477,0.0058524644,-0.3499984741
2013-06-28,76.2771224976,119.1100006104,128.6405181885,16.8600006104,0.0068143626,0.0269746040,-0.0041057465,0.0000000000
2013-07-01,76.4307937622,121.1299972534,129.3943176270,16.3700008392,0.0020126176,0.0168168853,0.0058426342,-0.4899997712
2013-07-02,76.3823165894,120.0500030518,129.2740325928,16.4400005341,-0.0006344636,-0.0089559783,-0.0009300329,0.0699996949
2013-07-03,76.1538467407,120.7399978638,129.3302001953,16.2000007629,-0.0029956178,0.0057311076,0.0004343904,-0.2399997712
2013-07-05,73.5579452515,118.0899963379,130.7254943848,14.8900003433,-0.0346821270,-0.0221924411,0.0107308366,-1.3100004196
2013-07-08,74.2709503174,119.5100021362,131.4712371826,14.7799997330,0.0096464307,0.0119530532,0.0056884371,-0.1100006103
2013-07-09,74.3470840454,120.6200027466,132.4175109863,14.3500003815,0.0010245558,0.0092450630,0.0071717939,-0.4299993515
2013-07-10,73.7656097412,120.9499969482,132.4655761719,14.2100000381,-0.0078518225,0.0027320810,0.0003629162,-0.1400003434
2013-07-11,74.6309280396,124.2399978638,134.2699127197,14.0100002289,0.0116623759,0.0268379498,0.0135292389,-0.1999998092
2013-07-12,74.5686340332,124.1299972534,134.3260040283,13.8400001526,-0.0008350428,-0.0008857802,0.0004176632,-0.1700000763
2013-07-15,74.9632339478,124.1800003052,134.8392333984,13.7899999619,0.0052778158,0.0004027470,0.0038134939,-0.0500001907
2013-07-16,75.2193374634,124.8899993896,134.3340454102,14.4200000763,0.0034105657,0.0057012166,-0.0037536310,0.6300001144
2013-07-17,75.3578186035,123.3199996948,134.6788024902,13.7799997330,0.0018393385,-0.0126507444,0.0025631286,-0.6400003433
2013-07-18,74.4163360596,124.0100021362,135.4166259766,13.7700004578,-0.0125721951,0.0055796242,0.0054634418,-0.0099992752
2013-07-19,75.5931091309,125.1100006104,135.6571044922,12.5399999619,0.0156896415,0.0088311305,0.0017742669,-1.2300004959
2013-07-22,75.7038650513,128.8399963379,135.9217987061,12.2899999619,0.0014640867,0.0293779408,0.0019492994,-0.2500000000
2013-07-23,75.3855056763,129.7100067139,135.6330718994,12.6599998474,-0.0042141925,0.0067299451,-0.0021264720,0.3699998855
2013-07-24,74.4301910400,127.4800033569,135.1359100342,13.1800003052,-0.0127533710,-0.0173417252,-0.0036722258,0.5200004578
2013-07-25,74.4024810791,128.6699981689,135.4646453857,12.9700002670,-0.0003723640,0.0092914571,0.0024296736,-0.2100000382
2013-07-26,74.8593902588,128.7799987793,135.6090393066,12.7200002670,0.0061222682,0.0008545397,0.0010653482,-0.2500000000
2013-07-29,74.3125305176,128.4700012207,135.1920318604,13.3900003433,-0.0073319722,-0.0024100891,-0.0030798089,0.6700000763
2013-07-30,74.2847976685,128.1199951172,135.1920318604,13.3900003433,-0.0003732618,-0.0027281369,0.0000000000,0.0000000000
2013-07-31,74.5547561646,127.9599990845,135.2882995605,13.4499998093,0.0036275141,-0.0012495787,0.0007118278,0.0599994660
2013-08-01,73.1182479858,126.6100006104,136.8520050049,12.9399995804,-0.0194558714,-0.0106062076,0.0114920328,-0.5100002289
2013-08-02,73.9232406616,126.3600006104,137.0844879150,11.9799995422,0.0109493004,-0.0019765196,0.0016973494,-0.9600000382
2013-08-05,73.3542098999,125.6999969482,136.8840332031,11.8400001526,-0.0077273689,-0.0052368894,-0.0014633415,-0.1399993896
2013-08-06,73.5693206787,123.9700012207,136.1062469482,12.7200002670,0.0029282026,-0.0138584806,-0.0056982861,0.8800001144
2013-08-07,74.1175765991,124.1500015259,135.6651458740,12.9799995422,0.0074246050,0.0014509135,-0.0032461214,0.2599992752
2013-08-08,74.3188552856,126.8600006104,136.1623077393,12.7299995422,0.0027119866,0.0215935968,0.0036579265,-0.2500000000
2013-08-09,74.4368362427,126.8600006104,135.7694549561,13.4099998474,0.0015862382,0.0000000000,-0.0028893503,0.6800003052
2013-08-12,73.9301986694,129.1300048828,135.6090393066,12.8100004196,-0.0068295433,0.0177355657,-0.0011822283,-0.5999994278
2013-08-13,72.8614501953,127.7399978638,136.0100555420,12.3100004196,-0.0145616916,-0.0108227553,0.0029527860,-0.5000000000
2013-08-14,72.9725189209,129.0000000000,135.3123168945,13.0399999619,0.0015232219,0.0098154730,-0.0051432558,0.7299995423
2013-08-15,71.9870376587,131.6900024414,133.4198760986,14.7299995422,-0.0135968468,0.0206382899,-0.0140844464,1.6899995803
2013-08-16,71.7372207642,132.5800018311,132.9787750244,14.3699998856,-0.0034763393,0.0067355564,-0.0033115894,-0.3599996566
2013-08-19,71.1126556396,132.0099945068,132.1288146973,15.1000003815,-0.0087444122,-0.0043086149,-0.0064122135,0.7300004959
2013-08-20,71.6608657837,132.4499969482,132.7783508301,14.9099998474,0.0076794749,0.0033275570,0.0049038872,-0.1900005341
2013-08-21,70.8766174316,132.0700073242,131.9604034424,15.9399995804,-0.0110042109,-0.0028730522,-0.0061792992,1.0299997330
2013-08-22,71.5983810425,132.8099975586,133.1632232666,14.7600002289,0.0101318799,0.0055873765,0.0090737147,-1.1799993515
2013-08-23,72.3756790161,134.8999938965,133.6123504639,13.9799995422,0.0107978552,0.0156142009,0.0033670820,-0.7800006867
2013-08-26,72.7365570068,135.4499969482,133.1151428223,14.9899997711,0.0049737878,0.0040688280,-0.0037282112,1.0100002289
2013-08-27,73.6526336670,136.7500000000,130.9740600586,16.7700004578,0.0125157959,0.0095518953,-0.0162152004,1.7800006867
2013-08-28,73.0557861328,136.7100067139,131.4391174316,16.4899997711,-0.0081365586,-0.0002924982,0.0035444703,-0.2800006867
2013-08-29,73.6387329102,135.8699951172,131.6476593018,16.8099994659,0.0079478068,-0.0061634328,0.0015853470,0.3199996948
2013-08-30,73.5554504395,134.6199951172,131.2306518555,17.0100002289,-0.0011316001,-0.0092425520,-0.0031726299,0.2000007630
2013-09-03,72.5180435181,136.4199981689,131.8240814209,16.6100006104,-0.0142041425,0.0132823905,0.0045118411,-0.3999996185
2013-09-04,72.3579254150,134.6600036621,132.9146423340,15.8800001144,-0.0022104172,-0.0129852385,0.0082388180,-0.7300004960
2013-09-05,71.3490295410,132.1999969482,133.0830688477,15.7700004578,-0.0140412473,-0.0184372060,0.0012663758,-0.1099996566
2013-09-06,71.7038955688,134.1499938965,133.1472320557,15.8500003815,0.0049613352,0.0146426270,0.0004820128,0.0799999237
2013-09-09,71.7386322021,133.9100036621,134.4222717285,15.6300001144,0.0004843282,-0.0017905715,0.0095306027,-0.2200002671
2013-09-10,71.2376632690,131.7400054932,135.4166259766,14.5299997330,-0.0070077488,-0.0163376349,0.0073700179,-1.1000003814
2013-09-11,71.8708877563,131.6999969482,135.8415985107,13.8199996948,0.0088496266,-0.0003037393,0.0031333456,-0.7100000382
2013-09-12,71.7734680176,127.6699981689,135.4807586670,14.2899999619,-0.0013564021,-0.0310777901,-0.0026598623,0.4700002671
2013-09-13,72.0517959595,127.8199996948,135.7854309082,14.1599998474,0.0038703672,0.0011742263,0.0022462981,-0.1300001145
2013-09-16,71.5717163086,126.4499969482,136.5713043213,14.3800001144,-0.0066852764,-0.0107760729,0.0057709283,0.2200002670
2013-09-17,72.1631469727,126.5000000000,137.1807708740,14.5299997330,0.0082295135,0.0003953592,0.0044526973,0.1499996186
2013-09-18,73.0537490845,132.0099945068,138.7685699463,13.5900001526,0.0122659732,0.0426353275,0.0115080296,-0.9399995804
2013-09-19,72.6223678589,131.7500000000,138.5359191895,13.1599998474,-0.0059224874,-0.0019714483,-0.0016779448,-0.4300003052
2013-09-20,73.0050582886,127.9599990845,137.5673980713,13.1199998856,0.0052557588,-0.0291884795,-0.0070156715,-0.0399999618
2013-09-23,73.5408782959,127.5500030518,136.9308166504,14.3100004196,0.0073126885,-0.0032092394,-0.0046381545,1.1900005340
2013-09-24,74.3340911865,127.6600036621,136.6084899902,14.0799999237,0.0107282592,0.0008620400,-0.0023567129,-0.2300004959
2013-09-25,74.4871215820,128.7899932861,136.2136077881,14.0100002289,0.0020565677,0.0088126103,-0.0028947983,-0.0699996948
2013-09-26,73.9652633667,127.7900009155,136.7373962402,14.0600004196,-0.0070306767,-0.0077948200,0.0038379716,0.0500001907
2013-09-27,74.1461868286,128.9700012207,136.1089019775,15.4600000381,0.0024430731,0.0091915299,-0.0046069555,1.3999996185
2013-09-30,74.0348434448,128.1799926758,135.3836364746,16.6000003815,-0.0015028024,-0.0061443597,-0.0053428152,1.1400003434
2013-10-01,73.8102340698,124.5899963379,136.4553375244,15.5399999619,-0.0030384447,-0.0284071520,0.0078848635,-1.0600004196
2013-10-02,73.9218597412,127.0599975586,136.3264160156,16.6000003815,0.0015111908,0.0196310797,-0.0009452356,1.0600004196
2013-10-03,73.8032608032,127.1800003052,135.0693969727,17.6700000763,-0.0016056709,0.0009440116,-0.0092634298,1.0699996948
2013-10-04,73.7474060059,126.5299987793,136.0927734375,16.7399997711,-0.0007570932,-0.0051239837,0.0075481128,-0.9300003052
2013-10-07,74.0474166870,127.6399993896,134.9162902832,19.4099998474,0.0040598322,0.0087343721,-0.0086822967,2.6700000763
2013-10-08,74.0683670044,127.4000015259,133.3449249268,20.3400001526,0.0002828911,-0.0018820415,-0.0117153225,0.9300003052
2013-10-09,73.4753341675,126.1100006104,133.4416351318,19.6000003815,-0.0080387848,-0.0101772083,0.0007250006,-0.7399997711
2013-10-10,73.5939102173,124.2699966431,136.3183593750,16.4799995422,0.0016125204,-0.0146979560,0.0213288357,-3.1200008393
2013-10-11,73.5730056763,122.5999984741,137.1967315674,15.7200002670,-0.0002840929,-0.0135295797,0.0064228647,-0.7599992752
2013-10-14,72.9800643921,122.8300018311,137.7447052002,16.0699996948,-0.0080918744,0.0018742894,0.0039861169,0.3499994278
2013-10-15,72.9312133789,123.7300033569,136.7454223633,18.6599998474,-0.0006695989,0.0073004989,-0.0072810433,2.5900001526
2013-10-16,73.8451461792,123.5400009155,138.6552276611,14.7100000381,0.0124535670,-0.0015368017,0.0138695091,-3.9499998093
2013-10-17,74.5148239136,127.4199981689,139.5819091797,13.4799995422,0.0090278029,0.0309237046,0.0066611162,-1.2300004959
2013-10-18,74.6753234863,126.8499984741,140.5247192383,13.0399999619,0.0021516117,-0.0044834283,0.0067318194,-0.4399995803
2013-10-21,74.4380874634,126.9800033569,140.5327606201,13.1599998474,-0.0031819569,0.0010243462,0.0000572223,0.1199998855
2013-10-22,75.2682952881,129.3399963379,141.3466186523,13.3299999237,0.0110912617,0.0184149475,0.0057745288,0.1700000763
2013-10-23,75.5612792969,128.6900024414,140.6697540283,13.4200000763,0.0038849725,-0.0050381372,-0.0048001888,0.0900001526
2013-10-24,75.2682952881,129.8999938965,141.1371307373,13.1999998093,-0.0038849725,0.0093584462,0.0033170030,-0.2200002670
2013-10-25,75.5473556519,130.4600067139,141.7817840576,13.0900001526,0.0037006860,0.0043018411,0.0045571675,-0.1099996567
2013-10-28,75.2892379761,130.5599975586,142.0073394775,13.3100004196,-0.0034224842,0.0007661547,0.0015895991,0.2200002670
2013-10-29,75.3868942261,129.7700042725,142.7648162842,13.4099998474,0.0012962406,-0.0060691868,0.0053198923,0.0999994278
2013-10-30,74.9334182739,129.6000061035,142.0557250977,13.6499996185,-0.0060334804,-0.0013108547,-0.0049792241,0.2399997711
2013-10-31,75.0938644409,127.7399978638,141.6528167725,13.7500000000,0.0021388940,-0.0144558996,-0.0028402994,0.1000003815
2013-11-01,74.2810592651,126.9499969482,141.9912719727,13.2799997330,-0.0108828601,-0.0062036473,0.0023864792,-0.4700002670
2013-11-04,74.3509521484,126.8099975586,142.4909057617,12.9300003052,0.0009404823,-0.0011034001,0.0035125877,-0.3499994278
2013-11-05,73.4626541138,126.5599975586,142.0396270752,13.2700004578,-0.0120193093,-0.0019733993,-0.0031720959,0.3400001526
2013-11-06,73.4976196289,127.1999969482,142.7648162842,12.6700000763,0.0004758499,0.0050441422,0.0050925524,-0.6000003815
2013-11-07,74.1201324463,126.1600036621,140.9598541260,13.9099998474,0.0084341686,-0.0082096552,-0.0127235077,1.2399997711
2013-11-08,72.3363723755,124.2799987793,142.8614959717,12.8999996185,-0.0243601099,-0.0150138970,0.0134004739,-1.0100002289
2013-11-11,72.0635757446,123.8700027466,142.8857269287,12.5299997330,-0.0037783525,-0.0033044240,0.0001695971,-0.3699998855
2013-11-12,72.3993606567,122.4499969482,142.5955810547,12.8199996948,0.0046487428,-0.0115298923,-0.0020326793,0.2899999618
2013-11-13,72.6651763916,122.8499984741,143.7398681641,12.5200004578,0.0036647969,0.0032613281,0.0079926758,-0.2999992370
2013-11-14,73.1128463745,124.2699966431,144.4570312500,12.3699998856,0.0061418228,0.0114925043,0.0049769069,-0.1500005722
2013-11-15,73.2597579956,124.3199996948,145.0855712891,12.1899995804,0.0020073657,0.0004022934,0.0043416134,-0.1800003052
2013-11-18,73.7004623413,122.9000015259,144.5778961182,13.1000003815,0.0059976185,-0.0114878552,-0.0035052794,0.9100008011
2013-11-19,73.1408615112,122.9499969482,144.2636871338,13.3900003433,-0.0076218809,0.0004067149,-0.0021756501,0.2899999618
2013-11-20,71.8957138062,120.1200027466,143.8124389648,13.3999996185,-0.0171705419,-0.0232864779,-0.0031328423,0.0099992752
2013-11-21,72.0146560669,119.9400024414,144.9728088379,12.6599998474,0.0016530051,-0.0014996279,0.0080362562,-0.7399997711
2013-11-22,72.6861267090,119.9199981689,145.6979675293,12.2600002289,0.0092808822,-0.0001667996,0.0049895638,-0.3999996185
2013-11-25,72.8959960938,120.4599990845,145.5529327393,12.7899999619,0.0028831772,0.0044929015,-0.0009959441,0.5299997330
2013-11-26,73.1688232422,119.8199996948,145.5932464600,12.8100004196,0.0037357040,-0.0053271259,0.0002769311,0.0200004577
2013-11-27,73.0429534912,119.4599990845,145.9477386475,12.9799995422,-0.0017217462,-0.0030090345,0.0024318527,0.1699991226
2013-11-29,73.0638885498,120.6999969482,145.8511047363,13.6999998093,0.0002865719,0.0103265232,-0.0006623324,0.7200002671
2013-12-02,72.4956207275,117.5800018311,145.4723663330,14.2299995422,-0.0078080877,-0.0261891343,-0.0026001243,0.5299997329
2013-12-03,72.7622222900,117.9599990845,144.8438262939,14.5500001907,0.0036707396,0.0032266076,-0.0043300445,0.3200006485
2013-12-04,72.0676269531,119.9599990845,144.8276824951,14.6999998093,-0.0095919545,0.0168127701,-0.0001114628,0.1499996186
2013-12-05,71.8641662598,118.3000030518,144.1911468506,15.0799999237,-0.0028271840,-0.0139345495,-0.0044048111,0.3800001144
2013-12-06,72.2079391479,118.5500030518,145.8027648926,13.7899999619,0.0047722429,0.0021110415,0.0111149550,-1.2899999618
2013-12-09,72.3763351440,119.7200012207,146.1733551025,13.4899997711,0.0023293830,0.0098208549,0.0025384981,-0.3000001908
2013-12-10,72.8955001831,121.8199996948,145.6496429443,13.9099998474,0.0071475279,0.0173888497,-0.0035892491,0.4200000763
2013-12-11,72.3342361450,120.8600006104,144.0138702393,15.4200000763,-0.0077293652,-0.0079116869,-0.0112944159,1.5100002289
2013-12-12,72.0605850220,118.2900009155,143.5384368896,15.5399999619,-0.0037903222,-0.0214936117,-0.0033067638,0.1199998856
2013-12-13,72.4114532471,119.3799972534,143.5222930908,15.7600002289,0.0048572571,0.0091724154,-0.0001124765,0.2200002670
2013-12-16,72.1448211670,119.6900024414,144.4167633057,16.0300006866,-0.0036889770,0.0025934275,0.0062129334,0.2700004577
2013-12-17,72.4675369263,118.6500015259,143.9574432373,16.2099990845,0.0044631911,-0.0087270915,-0.0031855863,0.1799983979
2013-12-18,72.1027069092,117.6100006104,146.4151611328,13.8000001907,-0.0050471076,-0.0088039247,0.0169284330,-2.4099988938
2013-12-19,72.0325393677,114.8199996948,146.2458496094,14.1499996185,-0.0009736348,-0.0240083890,-0.0011570488,0.3499994278
2013-12-20,73.1410827637,115.9400024414,147.0966644287,13.7899999619,0.0152722640,0.0097071549,0.0058008448,-0.3599996566
2013-12-23,72.7271499634,115.5699996948,147.8825378418,13.0399999619,-0.0056754497,-0.0031964326,0.0053283436,-0.7500000000
2013-12-24,72.1448211670,116.0999984741,148.2066192627,12.4799995422,-0.0080392629,0.0045754712,0.0021890808,-0.5600004197
2013-12-26,71.8667755127,116.7399978638,148.9600372314,12.3299999237,-0.0038614390,0.0054973459,0.0050706872,-0.1499996185
2013-12-27,71.6626510620,117.1200027466,148.9519195557,12.4600000381,-0.0028443587,0.0032498522,-0.0000544971,0.1300001144
2013-12-30,72.1553649902,115.3899993896,148.9276733398,13.5600004196,0.0068519351,-0.0148813837,-0.0001627921,1.1000003815
2013-12-31,71.6978530884,116.1200027466,149.6324920654,13.7200002670,-0.0063608371,0.0063064729,0.0047214606,0.1599998474
2014-01-02,71.9160690308,118.0000000000,148.1984863281,14.2299995422,0.0030389270,0.0160604617,-0.0096297358,0.5099992752
2014-01-03,71.9160690308,119.2900009155,148.1741333008,13.7600002289,0.0000000000,0.0108728865,-0.0001643406,-0.4699993133
2014-01-06,72.2187423706,119.5000000000,147.7447357178,13.5500001907,0.0041998707,0.0017588604,-0.0029021325,-0.2100000382
2014-01-07,72.4017639160,118.8199996948,148.6521453857,12.9200000763,0.0025310607,-0.0057066310,0.0061229558,-0.6300001144
2014-01-08,72.2046737671,118.1200027466,148.6846160889,12.8699998856,-0.0027258852,-0.0059086602,0.0002184103,-0.0500001907
2014-01-09,72.6269378662,118.4599990845,148.7817687988,12.8900003433,0.0058311206,0.0028742630,0.0006532013,0.0200004577
2014-01-10,73.4927673340,120.2600021362,149.1869049072,12.1400003433,0.0118510998,0.0150807403,0.0027193218,-0.7500000000
2014-01-13,73.8587875366,121.0199966431,147.2019348145,13.2799997330,0.0049679958,0.0062997101,-0.0133945649,1.1399993897
2014-01-14,73.5208663940,119.8899993896,148.8061523438,12.2799997330,-0.0045857311,-0.0093811428,0.0108391176,-1.0000000000
2014-01-15,73.4434585571,119.6600036621,149.6082000732,12.2799997330,-0.0010534236,-0.0019202321,0.0053754094,0.0000000000
2014-01-16,73.9362258911,119.7900009155,149.4136810303,12.5299997330,0.0066870705,0.0010857988,-0.0013010357,0.2500000000
2014-01-17,74.2459487915,120.9300003052,148.7817687988,12.4399995804,0.0041803051,0.0094716509,-0.0042382483,-0.0900001526
2014-01-21,74.3022232056,119.6999969482,149.2192840576,12.8699998856,0.0007576588,-0.0102232813,0.0029363358,0.4300003052
2014-01-22,74.1191940308,119.1900024414,149.3164825439,12.8400001526,-0.0024663458,-0.0042697081,0.0006511681,-0.0299997330
2014-01-23,75.1679840088,121.7900009155,148.0931549072,13.7700004578,0.0140508682,0.0215793786,-0.0082265965,0.9300003052
2014-01-24,75.6537017822,122.2900009155,144.9334106445,18.1399993896,0.0064409763,0.0040970231,-0.0215671008,4.3699989318
2014-01-27,75.1257629395,120.9599990845,144.2205047607,17.4200000763,-0.0070028236,-0.0109353758,-0.0049309886,-0.7199993133
2014-01-28,75.3087692261,120.9499969482,145.0792846680,15.8000001907,0.0024330368,-0.0000826930,0.0059369724,-1.6199998856
2014-01-29,75.9282379150,122.4700012207,143.6858215332,17.3500003815,0.0081920710,0.0124889002,-0.0096512627,1.5500001908
2014-01-30,75.7099838257,119.7699966431,145.2089080811,17.2900009155,-0.0028786178,-0.0222929031,0.0105443298,-0.0599994660
2014-01-31,76.2168350220,120.0899963379,144.3582000732,18.4099998474,0.0066723319,0.0026682222,-0.0058757396,1.1199989319
2014-02-03,77.1454772949,121.3199996948,141.1094055176,21.4400005341,0.0121105845,0.0101902491,-0.0227621962,3.0300006867
2014-02-04,76.3269042969,120.9899978638,142.0977783203,19.1100006104,-0.0106674667,-0.0027238004,0.0069798852,-2.3299999237
2014-02-05,75.6211776733,121.2900009155,141.9195404053,19.9500007629,-0.0092891162,0.0024765000,-0.0012551202,0.8400001525
2014-02-06,75.2965850830,121.2399978638,143.7910461426,17.2299995422,-0.0043015890,-0.0004123453,0.0131008972,-2.7200012207
2014-02-07,75.3600997925,122.1699981689,145.5734252930,15.2899999619,0.0008431715,0.0076414679,0.0123194232,-1.9399995803
2014-02-10,75.5718154907,122.9199981689,145.8408203125,15.2600002289,0.0028054482,0.0061202199,0.0018351546,-0.0299997330
2014-02-11,75.1342773438,124.3600006104,147.4369049072,14.5100002289,-0.0058065254,0.0116468677,0.0108845658,-0.7500000000
2014-02-12,74.7461624146,124.4300003052,147.5098114014,14.3000001907,-0.0051790053,0.0005627211,0.0004943706,-0.2100000382
2014-02-13,75.1695785522,125.4899978638,148.2714233398,14.1400003433,0.0056487366,0.0084827459,0.0051498441,-0.1599998474
2014-02-14,75.2119216919,127.1500015259,149.0896453857,13.5699996948,0.0005631429,0.0131414468,0.0055032363,-0.5700006485
2014-02-18,75.3812408447,127.4000015259,149.2679443359,13.8699998856,0.0022486974,0.0019642512,0.0011952032,0.3000001908
2014-02-19,75.0637512207,126.2699966431,148.2795104980,15.5000000000,-0.0042206801,-0.0089093102,-0.0066438980,1.6300001144
2014-02-20,74.8802185059,127.5999984741,149.1544647217,14.7899999619,-0.0024480185,0.0104779141,0.0058833679,-0.7100000381
2014-02-21,75.2753753662,127.5800018311,148.9843597412,14.6800003052,0.0052633107,-0.0001567258,-0.0011411127,-0.1099996567
2014-02-24,75.0848464966,128.9900054932,149.8107299805,14.2299995422,-0.0025343002,0.0109912914,0.0055313650,-0.4500007630
2014-02-25,75.7552413940,129.2100067139,149.7540283203,13.6700000763,0.0088888746,0.0017041151,-0.0003785603,-0.5599994659
2014-02-26,76.1575241089,128.1100006104,149.7621765137,14.3500003815,0.0052962456,-0.0085497651,0.0000544090,0.6800003052
2014-02-27,76.5738601685,128.1999969482,150.5480194092,14.0399999619,0.0054518866,0.0007022460,0.0052335532,-0.3100004196
2014-02-28,76.6161956787,127.6200027466,150.9287261963,14.0000000000,0.0005527188,-0.0045344007,0.0025256143,-0.0399999619
2014-03-03,77.1276550293,130.2899932861,149.8674468994,16.0000000000,0.0066534204,0.0207055637,-0.0070564974,2.0000000000
2014-03-04,75.9674987793,128.6799926758,151.9739532471,14.1000003815,-0.0151563055,-0.0124340382,0.0139579299,-1.8999996185
2014-03-05,76.1302413940,128.8899993896,152.1116180420,13.8900003433,0.0021399749,0.0016306772,0.0009054346,-0.2100000382
2014-03-06,75.3804168701,130.1699981689,152.4599914551,14.2100000381,-0.0098980581,0.0098819517,0.0022876299,0.3199996948
2014-03-07,74.9064407349,129.0899963379,152.5248565674,14.1099996567,-0.0063076401,-0.0083314673,0.0004253661,-0.1000003814
2014-03-10,75.0125503540,129.1300048828,152.4438171387,14.1999998093,0.0014155596,0.0003098795,-0.0005314607,0.0900001526
2014-03-11,75.2106170654,129.8600006104,151.6903381348,14.8000001907,0.0026369678,0.0056372651,-0.0049549222,0.6000003814
2014-03-12,75.7340927124,131.7599945068,151.7308959961,14.4700002670,0.0069360198,0.0145250924,0.0002673370,-0.3299999237
2014-03-13,76.7527008057,132.2100067139,150.0295104980,16.2199993134,0.0133601504,0.0034095741,-0.0112765193,1.7499990464
2014-03-14,76.7668991089,133.1000061035,149.6082000732,17.8199996948,0.0001849706,0.0067091530,-0.0028121340,1.6000003814
2014-03-17,76.1938781738,131.6399993896,150.9611816406,15.6400003433,-0.0074924255,-0.0110298518,0.0090028512,-2.1799993515
2014-03-18,76.4697723389,130.6199951172,152.0387268066,14.5200004578,0.0036144094,-0.0077786123,0.0071125415,-1.1199998855
2014-03-19,75.8755722046,128.0899963379,151.2285614014,15.1199998856,-0.0078007392,-0.0195591938,-0.0053429260,0.5999994278
2014-03-20,75.7411422729,127.8600006104,152.1116180420,14.5200004578,-0.0017732869,-0.0017971931,0.0058222365,-0.5999994278
2014-03-21,76.5617523193,128.4700012207,151.5216827393,15.0000000000,0.0107761312,0.0047595034,-0.0038858455,0.4799995422
2014-03-24,77.1064147949,126.1800003052,150.8950958252,15.0900001526,0.0070888430,-0.0179859622,-0.0041438694,0.0900001526
2014-03-25,76.8164291382,126.4100036621,151.6111907959,14.0200004578,-0.0037679397,0.0018211601,0.0047344227,-1.0699996948
2014-03-26,77.4176864624,125.4100036621,150.5207519531,14.9300003052,0.0077967234,-0.0079422224,-0.0072183270,0.9099998474
2014-03-27,77.8067779541,124.5899963379,150.2034454346,14.6199998856,0.0050132859,-0.0065600821,-0.0021102834,-0.3100004196
2014-03-28,77.3682098389,124.5599975586,150.9439392090,14.4099998474,-0.0056525770,-0.0002408090,0.0049178263,-0.2100000382
2014-03-31,77.1771774292,123.6100006104,152.1807861328,13.8800001144,-0.0024721865,-0.0076560551,0.0081606922,-0.5299997330
2014-04-01,76.5175933838,123.3899993896,153.1898498535,13.1000003815,-0.0085830909,-0.0017813869,0.0066088043,-0.7799997329
2014-04-02,76.0778808594,124.3199996948,153.7025299072,13.0900001526,-0.0057631295,0.0075088182,0.0033411096,-0.0100002289
2014-04-03,76.4112014771,123.9199981689,153.4991302490,13.3699998856,0.0043717379,-0.0032227028,-0.0013242096,0.2799997330
2014-04-04,76.9218826294,125.5699996948,151.6844024658,13.9600000381,0.0066610940,0.0132271882,-0.0118928381,0.5900001525
2014-04-07,77.3828582764,124.9100036621,150.0081481934,15.5699996948,0.0059748912,-0.0052698623,-0.0111124489,1.6099996567
2014-04-08,77.5672607422,126.0899963379,150.6265258789,14.8900003433,0.0023801537,0.0094024013,0.0041138206,-0.6799993515
2014-04-09,77.1842727661,126.3199996948,152.2458801270,13.8199996948,-0.0049497249,0.0018224589,0.0106934118,-1.0700006485
2014-04-10,77.9005737305,127.0100021362,149.0478210449,15.8900003433,0.0092376022,0.0054474728,-0.0212296452,2.0700006485
2014-04-11,78.5318450928,126.9300003052,147.7051239014,17.0300006866,0.0080708947,-0.0006300845,-0.0090493209,1.1400003433
2014-04-14,78.3261260986,127.8499984741,148.8688354492,16.1100006104,-0.0026229985,0.0072219340,0.0078477390,-0.9200000762
2014-04-15,78.8154983521,125.4899978638,149.8941497803,15.6099996567,0.0062284431,-0.0186316327,0.0068637576,-0.5000009537
2014-04-16,78.9147796631,125.5400009155,151.4647369385,14.1800003052,0.0012588746,0.0003983831,0.0104234615,-1.4299993515
2014-04-17,78.0495452881,124.7500000000,151.6763153076,13.3599996567,-0.0110247107,-0.0063127056,0.0013959073,-0.8200006485
2014-04-21,77.9856719971,124.2399978638,152.2052154541,13.2500000000,-0.0008187036,-0.0040965730,0.0034809663,-0.1099996567
2014-04-22,78.2481155396,123.7799987793,152.8969116211,13.1899995804,0.0033596291,-0.0037093752,0.0045342021,-0.0600004196
2014-04-23,78.6949157715,123.7600021362,152.5389251709,13.2700004578,0.0056938041,-0.0001615629,-0.0023441035,0.0800008774
2014-04-24,78.8438720703,124.5599975586,152.8481292725,13.3199996948,0.0018910434,0.0064432844,0.0020249988,0.0499992370
2014-04-25,78.9572830200,125.4300003052,151.5948486328,14.0600004196,0.0014373909,0.0069603285,-0.0082333166,0.7400007248
2014-04-28,78.5742874146,124.8799972534,152.0750274658,13.9700002670,-0.0048624712,-0.0043945823,0.0031625082,-0.0900001526
2014-04-29,78.4679870605,124.8600006104,152.7829589844,13.7100000381,-0.0013537803,-0.0001601397,0.0046443447,-0.2600002289
2014-04-30,78.7941970825,124.2200012207,153.2386932373,13.4099998474,0.0041486196,-0.0051389176,0.0029784467,-0.3000001907
2014-05-01,79.6394729614,123.8000030518,153.2549438477,13.2500000000,0.0106705083,-0.0033868121,0.0001060421,-0.1599998474
2014-05-02,80.1300506592,125.0599975586,153.0352630615,12.9099998474,0.0061410866,0.0101262177,-0.0014344620,-0.3400001526
2014-05-05,79.6466522217,126.2200012207,153.3281860352,13.2899999619,-0.0060509436,0.0092328232,0.0019122586,0.3800001145
2014-05-06,79.9665298462,125.9800033569,151.9936676025,13.8000001907,0.0040081658,-0.0019032350,-0.0087417714,0.5100002288
2014-05-07,79.6821975708,124.1699981689,152.8887939453,13.3999996185,-0.0035619774,-0.0144716112,0.0058719607,-0.4000005722
2014-05-08,79.3409271240,124.1699981689,152.7259979248,13.4300003052,-0.0042920924,0.0000000000,-0.0010653675,0.0300006867
2014-05-09,79.0849609375,124.0999984741,152.9539489746,12.9200000763,-0.0032313710,-0.0005638998,0.0014914363,-0.5100002289
2014-05-12,78.7649993896,124.9400024414,154.4430541992,12.2299995422,-0.0040540015,0.0067459617,0.0096885582,-0.6900005341
2014-05-13,79.4475631714,124.5999984741,154.5814666748,12.1300001144,0.0086284933,-0.0027250475,0.0008958026,-0.0999994278
2014-05-14,80.3077545166,125.8099975586,153.8490295410,12.1700000763,0.0107689643,0.0096642189,-0.0047494558,0.0399999619
2014-05-15,80.9476242065,124.7699966431,152.4982147217,13.1700000763,0.0079361452,-0.0083007974,-0.0088189047,1.0000000000
2014-05-16,80.7201385498,124.5000000000,153.0270996094,12.4399995804,-0.0028142383,-0.0021662996,0.0034621381,-0.7300004959
2014-05-19,80.1229324341,124.5800018311,153.5886230469,12.4200000763,-0.0074259818,0.0006423786,0.0036627219,-0.0199995041
2014-05-20,80.3006744385,124.6900024414,152.6202392578,12.9600000381,0.0022159092,0.0008825821,-0.0063250097,0.5399999618
2014-05-21,79.8101501465,124.3899993896,153.9059753418,11.9099998474,-0.0061273287,-0.0024088903,0.0083891267,-1.0500001907
2014-05-22,79.6963806152,124.6699981689,154.2803039551,12.0299997330,-0.0014265190,0.0022484454,0.0024292373,0.1199998856
2014-05-23,80.1229324341,124.5100021362,154.8987884521,11.3599996567,0.0053379385,-0.0012841805,0.0040008224,-0.6700000763
2014-05-27,80.5921707153,121.8499984741,155.8508911133,11.5100002289,0.0058393966,-0.0215952836,0.0061277981,0.1500005722
2014-05-28,81.5874786377,121.1999969482,155.7369384766,11.6800003052,0.0122742949,-0.0053487191,-0.0007314319,0.1700000763
2014-05-29,81.1538619995,120.9400024414,156.5425872803,11.5699996948,-0.0053289184,-0.0021474734,0.0051598041,-0.1100006104
2014-05-30,81.1182479858,120.4300003052,156.7948303223,11.3999996185,-0.0004389419,-0.0042259012,0.0016100413,-0.1700000763
2014-06-02,80.5152206421,119.6999969482,156.9738159180,11.5799999237,-0.0074616990,-0.0060800867,0.0011408764,0.1800003052
2014-06-03,79.5245285034,120.0100021362,156.8925170898,11.8699998856,-0.0123807341,0.0025865034,-0.0005180475,0.2899999619
2014-06-04,79.5031204224,119.7600021362,157.2098693848,12.0799999237,-0.0002692372,-0.0020853325,0.0020206940,0.2100000381
2014-06-05,79.5387649536,120.6600036621,158.2352294922,11.6800003052,0.0004482408,0.0074869454,0.0065010598,-0.3999996185
2014-06-06,79.5387649536,120.6100006104,158.9919738770,10.7299995422,0.0000000000,-0.0004144987,0.0047710021,-0.9500007630
2014-06-09,79.4246749878,120.6500015259,159.1547393799,11.1499996185,-0.0014354242,0.0003316001,0.0010232104,0.4200000763
2014-06-10,79.1324539185,121.3899993896,159.1710205078,10.9899997711,-0.0036860077,0.0061146932,0.0001022922,-0.1599998474
2014-06-11,79.2749786377,121.4100036621,158.6176147461,11.6000003815,0.0017994706,0.0001647798,-0.0034828578,0.6100006104
2014-06-12,79.9806823730,122.6399993896,157.4946594238,12.5600004196,0.0088625842,0.0100799519,-0.0071048177,0.9600000381
2014-06-13,79.9379272461,122.9599990845,157.9747772217,12.1800003052,-0.0005347111,0.0026058622,0.0030438332,-0.3800001144
2014-06-16,80.1374969482,122.4199981689,158.1049652100,12.6499996185,0.0024934472,-0.0044013513,0.0008237668,0.4699993133
2014-06-17,79.5031204224,122.2799987793,158.5444030762,12.0600004196,-0.0079475997,-0.0011442534,0.0027755504,-0.5899991989
2014-06-18,80.1160964966,122.6699981689,159.7080688477,10.6099996567,0.0076805174,0.0031843211,0.0073128793,-1.4500007629
2014-06-19,79.0897064209,126.9400024414,159.8871002197,10.6199998856,-0.0128940563,0.0342167450,0.0011203636,0.0100002289
2014-06-20,79.6884689331,126.5000000000,160.2117614746,10.8500003815,0.0075421619,-0.0034722449,0.0020285068,0.2300004959
2014-06-23,79.4389648438,126.8499984741,160.1626434326,10.9799995422,-0.0031359055,0.0027629658,-0.0003066290,0.1299991607
2014-06-24,80.2444000244,126.9800033569,159.1977996826,12.1300001144,0.0100879890,0.0010243462,-0.0060423682,1.1500005722
2014-06-25,80.4511337280,126.9899978638,159.9173736572,11.5900001526,0.0025729877,0.0000787062,0.0045098150,-0.5399999618
2014-06-26,80.8360061646,126.7300033569,159.8028564453,11.6300001144,0.0047725214,-0.0020494608,-0.0007163589,0.0399999618
2014-06-27,80.7148361206,126.6600036621,160.1136016846,11.2600002289,-0.0015000859,-0.0005525056,0.0019426655,-0.3699998855
2014-06-30,80.9144210815,128.0399932861,160.0318145752,11.5699996948,0.0024696650,0.0108363027,-0.0005109373,0.3099994659
2014-07-01,80.2369232178,127.6999969482,161.1029968262,11.1499996185,-0.0084082681,-0.0026589235,0.0066712557,-0.4200000763
2014-07-02,79.3794403076,127.6999969482,161.2664337158,10.8199996948,-0.0107444016,0.0000000000,0.0010139727,-0.3299999237
2014-07-03,79.0935363770,127.1600036621,162.0596618652,10.3199996948,-0.0036082397,-0.0042375743,0.0049066856,-0.5000000000
2014-07-07,79.6723937988,127.0199966431,161.4954071045,11.3299999237,0.0072919925,-0.0011016369,-0.0034878473,1.0100002289
2014-07-08,80.5656814575,127.0699996948,160.4570159912,11.9799995422,0.0111496211,0.0003935854,-0.0064506097,0.6499996185
2014-07-09,80.6300125122,127.8399963379,161.1764984131,11.6499996185,0.0007981734,0.0060413401,0.0044739344,-0.3299999237
2014-07-10,80.6514663696,128.5399932861,160.5387268066,12.5900001526,0.0002660424,0.0054606343,-0.0039648260,0.9400005341
2014-07-11,81.1659698486,128.7799987793,160.7595520020,12.0799999237,0.0063590825,0.0018654249,0.0013745808,-0.5100002289
2014-07-14,80.8158264160,125.7200012207,161.5690307617,11.8199996948,-0.0043232510,-0.0240482910,0.0050227036,-0.2600002289
2014-07-15,80.6514663696,124.5299987793,161.2664337158,11.9600000381,-0.0020358315,-0.0095105807,-0.0018746214,0.1400003433
2014-07-16,81.0802154541,124.9700012207,161.8633270264,11.0000000000,0.0053019926,0.0035270773,0.0036944538,-0.9600000381
2014-07-17,82.1021118164,127.0899963379,160.0236358643,14.5399999619,0.0125247597,0.0168217498,-0.0114307903,3.5399999619
2014-07-18,81.8376617432,126.1299972534,161.6590118408,12.0600004196,-0.0032261885,-0.0075823688,0.0101677232,-2.4799995423
2014-07-21,82.2449951172,126.3399963379,161.3564147949,12.8100004196,0.0049649880,0.0016635572,-0.0018735770,0.7500000000
2014-07-22,82.4165115356,125.7399978638,162.0596618652,12.2399997711,0.0020832614,-0.0047603905,0.0043488758,-0.5700006485
2014-07-23,82.3093795776,125.6200027466,162.4193878174,11.5200004578,-0.0013007302,-0.0009547671,0.0022172532,-0.7199993133
2014-07-24,81.6947860718,124.3499984741,162.4276123047,11.8400001526,-0.0074948875,-0.0101613409,0.0000506361,0.3199996948
2014-07-25,82.6595153809,125.7900009155,161.6671142578,12.6899995804,0.0117397644,0.0115136992,-0.0046930689,0.8499994278
2014-07-28,82.5451736450,125.5800018311,161.7325439453,12.5600004196,-0.0013842434,-0.0016708369,0.0004046367,-0.1299991608
2014-07-29,82.8452987671,125.1999969482,161.0375213623,13.2799997330,0.0036292955,-0.0030305860,-0.0043066178,0.7199993134
2014-07-30,81.6947860718,124.8300018311,161.0620574951,13.3299999237,-0.0139848165,-0.0029596080,0.0001523512,0.0500001907
2014-07-31,81.4517974854,123.3899993896,157.8813629150,16.9500007629,-0.0029787785,-0.0116027604,-0.0199458576,3.6200008392
2014-08-01,82.0823059082,124.3799972534,157.3989257812,17.0300006866,0.0077110711,0.0079913076,-0.0030603722,0.0799999237
2014-08-04,81.8673706055,123.9899978638,158.5355072021,15.1199998856,-0.0026219683,-0.0031404736,0.0071950772,-1.9100008010
2014-08-05,82.1324996948,123.8700027466,156.9983215332,16.8700008392,0.0032332870,-0.0009682492,-0.0097434740,1.7500009536
2014-08-06,82.1826019287,125.6699981689,157.0473937988,16.3700008392,0.0006098312,0.0144267583,0.0003125167,-0.5000000000
2014-08-07,82.9492492676,126.1800003052,156.1970214844,16.6599998474,0.0092853419,0.0040500523,-0.0054294625,0.2899990082
2014-08-08,82.7701721191,126.1900024414,158.0040283203,15.7700004578,-0.0021612098,0.0000792657,0.0115023598,-0.8899993896
2014-08-11,82.7630081177,125.9599990845,158.4618835449,14.2299995422,-0.0000865567,-0.0018243380,0.0028935536,-1.5400009156
2014-08-12,82.2255706787,125.9899978638,158.2411499023,14.1300001144,-0.0065148672,0.0002381328,-0.0013939474,-0.0999994278
2014-08-13,82.7630081177,126.1999969482,159.3123016357,12.8999996185,0.0065148672,0.0016654042,0.0067463023,-1.2300004959
2014-08-14,83.4293975830,126.3099975586,160.0645294189,12.4200000763,0.0080195366,0.0008712575,0.0047106058,-0.4799995422
2014-08-15,84.3393096924,125.4800033569,160.0318145752,13.1499996185,0.0108473272,-0.0065927734,-0.0002044062,0.7299995422
2014-08-18,83.5010299683,124.9599990845,161.3727874756,12.3199996948,-0.0099890967,-0.0041527313,0.0083445021,-0.8299999237
2014-08-19,83.2430572510,124.6800003052,162.2149505615,12.2100000381,-0.0030942377,-0.0022432214,0.0052051724,-0.1099996567
2014-08-20,83.1068801880,124.2200012207,162.6483306885,11.7799997330,-0.0016372365,-0.0036962604,0.0026680786,-0.4300003051
2014-08-21,83.5726318359,122.8799972534,163.1225738525,11.7600002289,0.0055886036,-0.0108459499,0.0029115154,-0.0199995041
2014-08-22,84.0383682251,123.1900024414,162.8690948486,11.4700002670,0.0055573630,0.0025196517,-0.0015551260,-0.2899999619
2014-08-25,84.3536300659,122.7399978638,163.6949768066,11.6999998093,0.0037443847,-0.0036596192,0.0050580195,0.2299995423
2014-08-26,84.0813217163,123.3499984741,163.8012084961,11.6300001144,-0.0032333976,0.0049575510,0.0006487507,-0.0699996949
2014-08-27,84.7978439331,123.3199996948,163.7357788086,11.7799997330,0.0084856710,-0.0002432301,-0.0003995255,0.1499996186
2014-08-28,85.2421264648,124.0000000000,163.6458892822,12.0500001907,0.0052256366,0.0054989651,-0.0005491421,0.2700004577
2014-08-29,85.2994079590,123.8600006104,164.1119384766,12.0900001526,0.0006717601,-0.0011296652,0.0028438650,0.0399999619
2014-09-02,83.8279266357,121.6500015259,164.0301513672,12.2500000000,-0.0174013084,-0.0180038187,-0.0004984860,0.1599998474
2014-09-03,84.2947387695,122.1500015259,163.9402313232,12.3599996567,0.0055532469,0.0041017284,-0.0005483425,0.1099996567
2014-09-04,83.2677841187,121.4800033569,163.7031250000,12.6400003433,-0.0122577232,-0.0055001424,-0.0014473443,0.2800006866
2014-09-05,83.1098632812,122.0599975586,164.4389495850,12.0900001526,-0.0018983426,0.0047630393,0.0044848002,-0.5500001907
2014-09-08,83.1456909180,120.7300033569,164.0138397217,12.6599998474,0.0004309948,-0.0109560320,-0.0025885614,0.5699996948
2014-09-09,83.0810623169,120.8700027466,162.9754180908,13.5000000000,-0.0007775957,0.0011589354,-0.0063514326,0.8400001526
2014-09-10,82.5568695068,120.2600021362,163.5886383057,12.8800001144,-0.0063294024,-0.0050595272,0.0037555936,-0.6199998856
2014-09-11,82.2839584351,119.4700012207,163.7767181396,12.8000001907,-0.0033112103,-0.0065907793,0.0011490517,-0.0799999237
2014-09-12,81.4221954346,118.3799972534,162.8200225830,13.3100004196,-0.0105282659,-0.0091655380,-0.0058585906,0.5100002289
2014-09-15,81.5443115234,118.6399993896,162.6974029541,14.1199998856,0.0014986651,0.0021939266,-0.0007533829,0.8099994660
2014-09-16,81.2139205933,118.8300018311,163.9238739014,12.7299995422,-0.0040599038,0.0016002230,0.0075100846,-1.3900003434
2014-09-17,81.0056838989,117.5400009155,164.1446685791,12.6499996185,-0.0025673446,-0.0109152067,0.0013460279,-0.0799999237
2014-09-18,81.2641983032,117.7799987793,165.0195465088,12.0299997330,0.0031862305,0.0020397582,0.0053157661,-0.6199998855
2014-09-19,82.2983245850,117.0899963379,164.8708648682,12.1099996567,0.0126451958,-0.0058756286,-0.0009014003,0.0799999237
2014-09-22,82.3989105225,116.8499984741,163.5975799561,13.6899995804,0.0012214649,-0.0020517907,-0.0077528987,1.5799999237
2014-09-23,82.9087371826,117.5999984741,162.6610565186,14.9300003052,0.0061682358,0.0063979746,-0.0057410036,1.2400007248
2014-09-24,82.4490966797,117.0500030518,163.9343719482,13.2700004578,-0.0055593579,-0.0046878025,0.0077975487,-1.6599998474
2014-09-25,83.4257812500,117.3899993896,161.2891387939,15.6400003433,0.0117762963,0.0029004997,-0.0162675293,2.3699998855
2014-09-26,83.3037490845,117.0599975586,162.5707244873,14.8500003815,-0.0014638341,-0.0028151167,0.0079144873,-0.7899999618
2014-09-29,83.9715957642,117.0299987793,162.2749481201,15.9799995422,0.0079850408,-0.0002563013,-0.0018210275,1.1299991607
2014-09-30,83.4976425171,116.2099990845,161.8478240967,16.3099994659,-0.0056601979,-0.0070314104,-0.0026355709,0.3299999237
2014-10-01,85.1166915894,116.7699966431,159.6544952393,16.7099990845,0.0192047591,0.0048072680,-0.0136444607,0.3999996186
2014-10-02,84.3751983643,116.7399978638,159.6790771484,16.1599998474,-0.0087496571,-0.0002569379,0.0001539576,-0.5499992371
2014-10-03,84.7351379395,114.6100006104,161.4369964600,14.5500001907,0.0042568672,-0.0184141556,0.0109489186,-1.6099996567
2014-10-06,84.7855529785,116.0299987793,161.2480926514,15.4600000381,0.0005947951,0.0123137020,-0.0011708247,0.9099998474
2014-10-07,85.9302139282,116.3600006104,158.7590484619,17.2000007629,0.0134103384,0.0028400710,-0.0155564928,1.7400007248
2014-10-08,85.9518203735,117.4700012207,161.5356292725,15.1099996567,0.0002514102,0.0094941534,0.0173380987,-2.0900011062
2014-10-09,85.5774765015,117.6399993896,158.3318939209,18.7600002289,-0.0043647875,0.0014461163,-0.0200323087,3.6500005722
2014-10-10,86.4269790649,117.5899963379,156.5246276855,21.2399997711,0.0098777612,-0.0004251418,-0.0114800613,2.4799995422
2014-10-13,86.9525299072,118.5199966431,153.9533843994,24.6399993896,0.0060624517,0.0078777277,-0.0165635051,3.3999996185
2014-10-14,87.5212936401,118.5899963379,154.1916351318,22.7900009155,0.0065197832,0.0005904407,0.0015463549,-1.8499984741
2014-10-15,88.2124023438,118.9899978638,153.1483154297,25.2700004578,0.0078654496,0.0033673029,-0.0067893790,2.4799995423
2014-10-16,87.6508941650,119.2200012207,153.0168762207,25.2000007629,-0.0063857564,0.0019310980,-0.0008586163,-0.0699996949
2014-10-17,87.1613235474,118.9899978638,154.8242034912,21.9899997711,-0.0056011176,-0.0019310980,0.0117420848,-3.2100009918
2014-10-20,87.4780426025,119.8000030518,156.3274688721,18.5699996948,0.0036271250,0.0067842731,0.0096626643,-3.4200000763
2014-10-21,86.7797241211,120.0199966431,159.4244537354,16.0799999237,-0.0080148189,0.0018346564,0.0196171992,-2.4899997711
2014-10-22,86.8733367920,119.3399963379,158.2908020020,17.8700008392,0.0010781576,-0.0056818362,-0.0071363054,1.7900009155
2014-10-23,86.1029968262,118.5199966431,160.1308898926,16.5300006866,-0.0089069417,-0.0068948370,0.0115576823,-1.3400001526
2014-10-24,86.1893920898,118.3499984741,161.3631439209,16.1100006104,0.0010028913,-0.0014353713,0.0076658347,-0.4200000762
2014-10-27,86.3478164673,118.0599975586,161.1413574219,16.0400009155,0.0018364088,-0.0024533739,-0.0013754012,-0.0699996949
2014-10-28,85.8078308105,118.0999984741,162.9896697998,14.3900003433,-0.0062732468,0.0003387611,0.0114048472,-1.6500005722
2014-10-29,86.0022583008,116.4100036621,162.7432403564,15.1499996185,0.0022632847,-0.0144132366,-0.0015130770,0.7599992752
2014-10-30,86.0742340088,115.1900024414,163.7865447998,14.5200004578,0.0008365549,-0.0105355136,0.0063902776,-0.6299991607
2014-10-31,85.8510665894,112.6600036621,165.6594390869,14.0299997330,-0.0025960989,-0.0222084942,0.0113700853,-0.4900007248
2014-11-03,85.8510742188,112.1500015259,165.7498474121,14.7299995422,0.0000000889,-0.0045371914,0.0005455992,0.6999998092
2014-11-04,86.1180648804,112.2200012207,165.1747436523,14.8900003433,0.0031051022,0.0006239666,-0.0034757425,0.1600008011
2014-11-05,85.9953765869,109.7900009155,166.2180633545,14.1700000763,-0.0014256680,-0.0218917826,0.0062965950,-0.7200002670
2014-11-06,85.4397125244,109.8799972534,166.8834686279,13.6700000763,-0.0064825236,0.0008193776,0.0039952152,-0.5000000000
2014-11-07,86.4212188721,112.9700012207,167.0395355225,13.1199998856,0.0114222239,0.0277334713,0.0009347479,-0.5500001907
2014-11-10,85.6273651123,110.4599990845,167.5652923584,12.6700000763,-0.0092283165,-0.0224688514,0.0031425564,-0.4499998093
2014-11-11,85.6850662231,112.0400009155,167.7295989990,12.9200000763,0.0006736360,0.0142025024,0.0009800725,0.2500000000
2014-11-12,85.6129074097,111.5000000000,167.5489044189,13.0200004578,-0.0008424947,-0.0048313677,-0.0010778776,0.1000003815
2014-11-13,85.8149795532,111.6699981689,167.7378234863,13.7899999619,0.0023575188,0.0015234862,0.0011269106,0.7699995041
2014-11-14,86.2335205078,114.4700012207,167.7788543701,13.3100004196,0.0048653930,0.0247647135,0.0002445833,-0.4799995423
2014-11-17,86.0170135498,114.0500030518,167.8856658936,13.9899997711,-0.0025138624,-0.0036758151,0.0006364183,0.6799993515
2014-11-18,86.2551574707,115.0500030518,168.8549652100,13.8599996567,0.0027647422,0.0087298675,0.0057569649,-0.1300001144
2014-11-19,85.7067337036,113.6800003052,168.5838928223,13.9600000381,-0.0063784554,-0.0119793565,-0.0016066463,0.1000003814
2014-11-20,86.1541748047,114.8600006104,168.8796691895,13.5799999237,0.0052070260,0.0103265143,0.0017529385,-0.3800001144
2014-11-21,86.6737670898,115.3899993896,169.7832794189,12.8999996185,0.0060128454,0.0046036892,0.0053363521,-0.6800003052
2014-11-24,86.7459106445,115.1100006104,170.2597045898,12.6199998856,0.0008320112,-0.0024294917,0.0028021486,-0.2799997329
2014-11-25,87.4675750732,115.3799972534,170.1364898682,12.2500000000,0.0082848759,0.0023428068,-0.0007239489,-0.3699998856
2014-11-26,87.7057800293,115.1600036621,170.5719146729,12.0699996948,0.0027196499,-0.0019085075,0.0025559982,-0.1800003052
2014-11-28,88.3985671997,112.1100006104,170.2104644775,13.3299999237,0.0078679573,-0.0268419599,-0.0021212971,1.2600002289
2014-12-01,87.8828735352,116.5800018311,169.0275115967,14.1599998474,-0.0058508160,0.0390972107,-0.0069742055,0.8299999237
2014-12-02,87.0293502808,115.1399993896,170.1200408936,12.8500003815,-0.0097595241,-0.0124289744,0.0064428186,-1.3099994659
2014-12-03,87.3693008423,116.3300018311,170.7772827148,12.5000000000,0.0038985507,0.0102822216,0.0038559566,-0.3500003815
2014-12-04,88.0998306274,115.8799972534,170.5883636475,12.3800001144,0.0083266384,-0.0038758464,-0.0011068430,-0.1199998856
2014-12-05,87.5862579346,114.4300003052,170.8676757812,11.8900003433,-0.0058464977,-0.0125918642,0.0016360068,-0.4899997711
2014-12-08,88.6567916870,115.7799987793,169.7257995605,14.2100000381,0.0121485292,0.0117285431,-0.0067052400,2.3199996948
2014-12-09,89.1124877930,118.1900024414,169.6108703613,15.3500003815,0.0051268375,0.0206016916,-0.0006773757,1.1400003434
2014-12-10,89.7634582520,117.9599990845,166.8916778564,18.5300006866,0.0072784893,-0.0019479435,-0.0161618490,3.1800003051
2014-12-11,90.1323623657,117.6900024414,167.7378234863,20.0799999237,0.0041013141,-0.0022915066,0.0050572196,1.5499992371
2014-12-12,91.3547821045,117.4100036621,165.0269622803,21.0799999237,0.0134713478,-0.0023819558,-0.0162933176,1.0000000000
2014-12-15,91.1667022705,114.3899993896,163.8932647705,20.4200000763,-0.0020609070,-0.0260584566,-0.0068934769,-0.6599998474
2014-12-16,92.2950820923,114.9499969482,162.5789184570,23.5699996948,0.0123011346,0.0048835675,-0.0080518555,3.1499996185
2014-12-17,91.4632720947,114.2699966431,165.7662658691,19.4400005341,-0.0090533645,-0.0059331849,0.0194152233,-4.1299991607
2014-12-18,89.8357772827,115.1500015259,169.8654327393,16.8099994659,-0.0179541871,0.0076715997,0.0244277923,-2.6300010682
2014-12-19,91.0437698364,114.7699966431,170.5882415771,16.4899997711,0.0133570714,-0.0033055431,0.0042461573,-0.3199996948
2014-12-22,91.1667022705,112.5500030518,171.3729553223,15.2500000000,0.0013493456,-0.0195325020,0.0045894980,-1.2399997711
2014-12-23,89.3584060669,112.7399978638,171.6042175293,14.8000001907,-0.0200344063,0.0016866692,0.0013485576,-0.4499998093
2014-12-24,89.8447952271,112.7699966431,171.6207275391,14.3699998856,0.0054283668,0.0002660528,0.0000962052,-0.4300003051
2014-12-26,90.1782150269,114.8300018311,172.1741333008,14.5000000000,0.0037041952,0.0181024733,0.0032193980,0.1300001144
2014-12-29,90.8523406982,113.6699981689,172.4054718018,15.0600004196,0.0074476796,-0.0101532921,0.0013427291,0.5600004196
2014-12-30,91.0987701416,115.1999969482,171.4802703857,15.9200000763,0.0027087451,0.0133702242,-0.0053808782,0.8599996567
2014-12-31,91.2727584839,113.5800018311,169.7787475586,19.2000007629,0.0019080653,-0.0141622712,-0.0099721141,3.2800006866
2015-01-02,92.2875366211,114.0800018311,169.6878356934,17.7900009155,0.0110567318,0.0043925221,-0.0005356160,-1.4099998474
2015-01-05,93.7372131348,115.8000030518,166.6233215332,19.9200000763,0.0155861611,0.0149646188,-0.0182247833,2.1299991608
2015-01-06,95.4260787964,117.1200027466,165.0539398193,21.1200008392,0.0178566414,0.0113344822,-0.0094633767,1.2000007629
2015-01-07,95.2376556396,116.4300003052,167.1107025146,19.3099994659,-0.0019764977,-0.0059088370,0.0123841536,-1.8100013733
2015-01-08,93.9764328003,115.9400024414,170.0760650635,17.0100002289,-0.0133313701,-0.0042173997,0.0175892964,-2.2999992370
2015-01-09,95.0057144165,117.2600021362,168.7130889893,17.5499992371,0.0108930056,0.0113208728,-0.0080462046,0.5399990082
2015-01-12,95.5493469238,118.5599975586,167.3915252686,19.6000003815,0.0057057942,0.0110254312,-0.0078640428,2.0500011444
2015-01-13,95.5493469238,118.1600036621,166.9206848145,20.5599994659,0.0000000000,-0.0033794717,-0.0028167728,0.9599990844
2015-01-14,96.2742156982,117.9700012207,165.9129486084,21.4799995422,0.0075576974,-0.0016093040,-0.0060555135,0.9200000763
2015-01-15,97.7891235352,120.9400024414,164.3931274414,22.3899993896,0.0156128264,0.0248642098,-0.0092025670,0.9099998474
2015-01-16,96.5423660278,122.5199966431,166.5489959717,20.9500007629,-0.0128314214,0.0129796795,0.0130288584,-1.4399986267
2015-01-20,97.8253402710,124.1999969482,166.9041748047,19.8899993896,0.0132017083,0.0136188904,0.0021303079,-1.0600013733
2015-01-21,96.6945953369,124.2300033569,167.7467193604,18.8500003815,-0.0116261366,0.0002415683,0.0050353748,-1.0399990081
2015-01-22,96.3466873169,125.2300033569,170.2412567139,16.3999996185,-0.0036044974,0.0080173601,0.0147613692,-2.4500007630
2015-01-23,97.6876525879,124.2300033569,169.3079223633,16.6599998474,0.0138221577,-0.0080173601,-0.0054975053,0.2600002289
2015-01-26,97.3904571533,122.9899978638,169.7043457031,15.5200004578,-0.0030469402,-0.0100316794,0.0023386972,-1.1399993896
2015-01-27,97.5426864624,124.4000015259,167.4658966064,17.2199993134,0.0015618621,0.0113991587,-0.0132780519,1.6999988556
2015-01-28,99.1373901367,123.4199981689,165.3182220459,20.4400005341,0.0162165752,-0.0079090345,-0.0129074932,3.2200012207
2015-01-29,98.4849395752,120.7600021362,166.8463287354,18.7600002289,-0.0066030284,-0.0217880355,0.0092009666,-1.6800003052
2015-01-30,100.2318801880,123.4499969482,164.7482910156,20.9699993134,0.0175826648,0.0220310685,-0.0126544014,2.2099990845
2015-02-02,99.8534011841,122.4199981689,166.7885284424,19.4300003052,-0.0037831814,-0.0083784506,0.0123079131,-1.5399990082
2015-02-03,97.7398910522,121.0500030518,169.2005004883,17.3299999237,-0.0213933450,-0.0112540319,0.0143576919,-2.1000003815
2015-02-04,97.9069213867,121.5800018311,168.5561981201,18.3299999237,0.0017074684,0.0043687888,-0.0038151909,1.0000000000
2015-02-05,96.8319549561,121.7900009155,170.2577972412,16.8500003815,-0.0110401926,0.0017257602,0.0100445286,-1.4799995422
2015-02-06,95.1178741455,118.6399993896,169.7869567871,17.2900009155,-0.0178601500,-0.0262045649,-0.0027692870,0.4400005340
2015-02-09,94.9653396606,119.1699981689,169.0270538330,18.5499992371,-0.0016049236,0.0044573371,-0.0044856718,1.2599983216
2015-02-10,94.2099914551,118.4700012207,170.8277893066,17.2299995422,-0.0079857370,-0.0058912555,0.0105971850,-1.3199996949
2015-02-11,94.3842773438,117.0699996948,170.9268798828,16.9599990845,0.0018482634,-0.0118877304,0.0005798931,-0.2700004577
2015-02-12,94.0720062256,117.3399963379,172.5706634521,15.3400001526,-0.0033139930,0.0023036284,0.0095709338,-1.6199989319
2015-02-13,93.1059875488,117.9800033569,173.2810363770,14.6899995804,-0.0103220174,0.0054394747,0.0041079684,-0.6500005722
2015-02-17,91.7042007446,116.0100021362,173.5535888672,15.8000001907,-0.0151703074,-0.0168387343,0.0015716571,1.1100006103
2015-02-18,92.2489242554,116.3399963379,173.5700988770,15.4499998093,0.0059224338,0.0028404943,0.0000951247,-0.3500003814
2015-02-19,91.6387939453,115.9400024414,173.4461822510,15.2899999619,-0.0066359250,-0.0034440700,-0.0007141834,-0.1599998474
2015-02-20,91.9075393677,115.2799987793,174.4870147705,14.3000001907,0.0029283681,-0.0057088959,0.0059829624,-0.9899997712
2015-02-23,92.9607391357,115.4300003052,174.4621887207,14.5600004196,0.0113941794,0.0013003472,-0.0001422903,0.2600002289
2015-02-24,94.1809158325,115.2600021362,174.9577789307,13.6899995804,0.0130403249,-0.0014738237,0.0028366469,-0.8700008392
2015-02-25,94.5876770020,115.6999969482,174.8091430664,13.8400001526,0.0043096343,0.0038101433,-0.0008499138,0.1500005722
2015-02-26,93.2948150635,116.0699996948,174.6026458740,13.9099998474,-0.0137626698,0.0031928469,-0.0011819705,0.0699996948
2015-02-27,94.0792312622,116.1600036621,174.0079040527,13.3400001526,0.0083727794,0.0007751279,-0.0034120734,-0.5699996948
2015-03-02,92.3268661499,115.6800003052,175.1065063477,13.0399999619,-0.0188021396,-0.0041408216,0.0062936727,-0.3000001907
2015-03-03,91.9920959473,115.4700012207,174.3878784180,13.8599996567,-0.0036325136,-0.0018169945,-0.0041123919,0.8199996948
2015-03-04,92.0212478638,115.1100006104,173.6527099609,14.2299995422,0.0003168457,-0.0031225683,-0.0042246196,0.3699998855
2015-03-05,91.9047927856,115.0000000000,173.8427276611,14.0399999619,-0.0012663252,-0.0009560699,0.0010936415,-0.1899995803
2015-03-06,89.8744583130,111.8600006104,171.3977050781,15.1999998093,-0.0223393913,-0.0276840335,-0.0141644097,1.1599998474
2015-03-09,90.7040176392,111.9700012207,172.1080627441,15.0600004196,0.0091878631,0.0009828943,0.0041359345,-0.1399993897
2015-03-10,91.8974990845,111.4199981689,169.3160552979,16.6900005341,0.0130721635,-0.0049241610,-0.0163554332,1.6300001145
2015-03-11,92.5670471191,110.7500000000,168.9196319580,16.8700008392,0.0072594001,-0.0060314192,-0.0023440668,0.1800003051
2015-03-12,92.5015411377,110.7200012207,171.0672607422,15.4200000763,-0.0007079103,-0.0002709060,0.0126337656,-1.4500007629
2015-03-13,92.2177352905,110.8799972534,170.0182952881,16.0000000000,-0.0030728365,0.0014440078,-0.0061507662,0.5799999237
2015-03-16,93.1055831909,110.8099975586,172.2897796631,15.6099996567,0.0095816835,-0.0006315098,0.0132717741,-0.3900003433
2015-03-17,93.8769531250,110.2099990845,171.7776489258,15.6599998474,0.0082507631,-0.0054293725,-0.0029769230,0.0500001907
2015-03-18,95.6890106201,112.3700027466,173.8427276611,13.9700002670,0.0191185448,0.0194093940,0.0119501248,-1.6899995804
2015-03-19,95.2014083862,112.2900009155,173.0497131348,14.0699996948,-0.0051087246,-0.0007122036,-0.0045721141,0.0999994278
2015-03-20,95.7035293579,113.5699996948,174.5772247314,13.0200004578,0.0052604415,0.0113345655,0.0087882800,-1.0499992370
2015-03-23,95.5870895386,114.2900009155,174.2370147705,13.4099998474,-0.0012174129,0.0063197017,-0.0019506662,0.3899993896
2015-03-24,96.5113449097,114.5699996948,173.2580108643,13.6199998856,0.0096228010,0.0024469013,-0.0056346504,0.2100000382
2015-03-25,95.6961898804,114.7300033569,170.7190551758,15.4399995804,-0.0084820808,0.0013955838,-0.0147626226,1.8199996948
2015-03-26,94.2044143677,115.4800033569,170.3125305176,15.8000001907,-0.0157114424,0.0065158128,-0.0023840891,0.3600006103
2015-03-27,95.3760375977,115.0599975586,170.7025299072,15.0699996948,0.0123603265,-0.0036436736,0.0022872864,-0.7300004959
2015-03-30,94.9029922485,113.7500000000,172.7850952148,14.5100002289,-0.0049721330,-0.0114506524,0.0121261476,-0.5599994659
2015-03-31,95.1068344116,113.6600036621,171.2750091553,15.2899999619,0.0021455968,-0.0007914897,-0.0087780928,0.7799997330
2015-04-01,96.3559875488,115.5999984741,170.6693572998,15.1099996567,0.0130487042,0.0169243749,-0.0035424037,-0.1800003052
2015-04-02,95.3350601196,115.2799987793,171.2832794189,14.6700000763,-0.0106519015,-0.0027720019,0.0035906890,-0.4399995804
2015-04-06,94.8026885986,116.6900024414,172.4365997314,14.7399997711,-0.0055998655,0.0121569256,0.0067108405,0.0699996948
2015-04-07,95.5975723267,116.1100006104,171.9802551270,14.7799997330,0.0083496561,-0.0049828438,-0.0026499567,0.0399999619
2015-04-08,95.6267623901,115.4700012207,172.5610351562,13.9799995422,0.0003052965,-0.0055272564,0.0033713264,-0.8000001908
2015-04-09,94.3870010376,114.6699981689,173.3243408203,13.0900001526,-0.0130493594,-0.0069523445,0.0044136408,-0.8899993896
2015-04-10,94.5255889893,115.9700012207,174.2701873779,12.5799999237,0.0014672180,0.0112731254,0.0054422542,-0.5100002289
2015-04-13,94.6568527222,115.1399993896,173.4819946289,13.9399995804,0.0013876949,-0.0071827735,-0.0045330792,1.3599996567
2015-04-14,95.3277664185,114.4400024414,173.8139190674,13.6700000763,0.0070628505,-0.0060980844,0.0019114797,-0.2699995041
2015-04-15,95.2475585938,115.4300003052,174.5937805176,12.8400001526,-0.0008417441,0.0086135988,0.0044767251,-0.8299999237
2015-04-16,94.7735977173,115.0299987793,174.5440216064,12.6000003815,-0.0049885167,-0.0034713350,-0.0002850388,-0.2399997711
2015-04-17,95.8600997925,115.5999984741,172.5361480713,13.8900003433,0.0113989694,0.0049429897,-0.0115702141,1.2899999618
2015-04-20,95.0141754150,114.7200012207,174.1125946045,13.3000001907,-0.0088637394,-0.0076415555,0.0090954168,-0.5900001526
2015-04-21,94.5839309692,115.3799972534,173.9051666260,13.2500000000,-0.0045384966,0.0057366175,-0.0011920541,-0.0500001907
2015-04-22,93.1400070190,113.8300018311,174.7596588135,12.7100000381,-0.0153837858,-0.0135248816,0.0049015205,-0.5399999619
2015-04-23,93.5410919189,114.6600036621,175.1994628906,12.4799995422,0.0042970126,0.0072651360,0.0025134610,-0.2300004959
2015-04-24,94.1244888306,113.0500030518,175.6060333252,12.2899999619,0.0062174298,-0.0141410337,0.0023179262,-0.1899995803
2015-04-27,94.1244888306,115.3300018311,174.8759460449,13.1199998856,0.0000000000,0.0199673744,-0.0041661961,0.8299999237
2015-04-28,92.8264007568,116.3300018311,175.4317779541,12.4099998474,-0.0138871651,0.0086333955,0.0031733949,-0.7100000382
2015-04-29,91.6888046265,115.5100021362,174.7099609375,13.3900003433,-0.0123308054,-0.0070738708,-0.0041230048,0.9800004959
2015-04-30,91.8492126465,113.4700012207,172.9593505859,14.5500001907,0.0017479546,-0.0178186292,-0.0100706337,1.1599998474
2015-05-01,90.6127853394,113.0800018311,174.8343811035,12.6999998093,-0.0135529178,-0.0034429465,0.0107825329,-1.8500003814
2015-05-04,89.7578430176,114.0999984741,175.3322448730,12.8500003815,-0.0094799107,0.0089796945,0.0028435840,0.1500005722
2015-05-05,89.6335983276,114.4199981689,173.3243408203,14.3100004196,-0.0013851799,0.0028006293,-0.0115180744,1.4600000381
2015-05-06,88.0990371704,114.3600006104,172.6107940674,15.1499996185,-0.0172686270,-0.0005245000,-0.0041253269,0.8399991989
2015-05-07,89.2828521729,113.4199981689,173.2994384766,15.1300001144,0.0133478404,-0.0082536464,0.0039816418,-0.0199995041
2015-05-08,89.5240173340,113.9700012207,175.5811462402,12.8599996567,0.0026974949,0.0048375401,0.0130803512,-2.2700004577
2015-05-11,87.3463439941,113.5299987793,174.7431488037,13.8500003815,-0.0246257584,-0.0038681582,-0.0047841331,0.9900007248
2015-05-12,87.5729064941,114.5000000000,174.2203979492,13.8599996567,0.0025904825,0.0085077146,-0.0029960221,0.0099992752
2015-05-13,86.8713455200,116.5500030518,174.2536010742,13.7600002289,-0.0080434265,0.0177455687,0.0001905630,-0.0999994278
2015-05-14,87.1052017212,117.1800003052,176.0706634521,12.7399997711,0.0026883663,0.0053908251,0.0103736958,-1.0200004578
2015-05-15,88.8516998291,117.5299987793,176.2615051270,12.3800001144,0.0198520825,0.0029823930,0.0010833055,-0.3599996567
2015-05-18,87.3609848022,117.5199966431,176.8091430664,12.7299995422,-0.0169199010,-0.0000851065,0.0031021462,0.3499994278
2015-05-19,86.5863952637,115.8899993896,176.7510375977,12.8500003815,-0.0089060802,-0.0139670432,-0.0003286879,0.1200008393
2015-05-20,86.7325515747,116.0800018311,176.6265258789,12.8800001144,0.0016865594,0.0016381643,-0.0007046951,0.0299997329
2015-05-21,87.9455566406,115.6900024414,177.1409149170,12.1099996567,0.0138886845,-0.0033654032,0.0029080653,-0.7700004577
2015-05-22,87.9821243286,115.5999984741,176.7178497314,12.1300001144,0.0004157127,-0.0007782781,-0.0023911539,0.0200004577
2015-05-26,89.4874725342,113.9100036621,174.8178100586,14.0600004196,0.0169649826,-0.0147272480,-0.0108100451,1.9300003052
2015-05-27,89.6920394897,113.8899993896,176.4772033691,13.2700004578,0.0022833754,-0.0001756301,0.0094473624,-0.7899999618
2015-05-28,89.4728469849,114.0199966431,176.2781219482,13.3100004196,-0.0024468256,0.0011407772,-0.0011287225,0.0399999618
2015-05-29,89.6701126099,114.0999984741,175.1828613281,13.8400001526,0.0022023272,0.0007014013,-0.0062326359,0.5299997330
2015-06-01,88.7063827515,114.0000000000,175.5396728516,13.9700002670,-0.0108056752,-0.0008767951,0.0020347232,0.1300001144
2015-06-02,87.4687728882,114.4599990845,175.3653717041,14.2399997711,-0.0140499972,0.0040269606,-0.0009934378,0.2699995041
2015-06-03,86.0626831055,113.6399993896,175.8300781250,13.6599998474,-0.0162059443,-0.0071898574,0.0026464278,-0.5799999237
2015-06-04,87.1831588745,112.8399963379,174.3448944092,14.7100000381,0.0129352760,-0.0070646979,-0.0084825744,1.0500001907
2015-06-05,86.1213073730,112.2399978638,174.0461883545,14.2100000381,-0.0122543269,-0.0053314369,-0.0017147748,-0.5000000000
2015-06-08,86.0260848999,112.5699996948,172.9758605957,15.2899999619,-0.0011062902,0.0029358309,-0.0061686637,1.0799999238
2015-06-09,85.3450775146,112.8199996948,172.9510192871,14.4700002670,-0.0079477896,0.0022183780,-0.0001436217,-0.8199996949
2015-06-10,84.5980682373,113.7799987793,175.0252380371,13.2200002670,-0.0087913412,0.0084731230,0.0119217520,-1.2500000000
2015-06-11,86.3776168823,113.2600021362,175.5894775391,12.8500003815,0.0208171461,-0.0045806690,0.0032185756,-0.3699998855
2015-06-12,86.3776168823,113.2300033569,174.2453002930,13.7799997330,0.0000000000,-0.0002649016,-0.0076846783,0.9299993515
2015-06-15,86.5167541504,113.7300033569,173.4986114502,15.3900003433,0.0016095064,0.0044060697,-0.0042944820,1.6100006103
2015-06-16,87.1978607178,113.3199996948,174.4444274902,14.8100004196,0.0078417128,-0.0036115754,0.0054366276,-0.5799999237
2015-06-17,86.5240859985,113.8499984741,174.7265167236,14.5000000000,-0.0077569715,0.0046661068,0.0016157661,-0.3100004196
2015-06-18,86.0993652344,115.3199996948,176.5435638428,13.1899995804,-0.0049207870,0.0128290910,0.0103456766,-1.3100004196
2015-06-19,87.2051544189,115.1200027466,175.7599182129,13.9600000381,0.0127614005,-0.0017357837,-0.0044487038,0.7700004577
2015-06-22,85.4255981445,113.6399993896,176.6603088379,12.7399997711,-0.0206176395,-0.0129395348,0.0051097668,-1.2200002670
2015-06-23,84.9129562378,112.8899993896,176.7853393555,12.1099996567,-0.0060191124,-0.0066216637,0.0007074950,-0.6300001144
2015-06-24,85.6453170776,112.5899963379,175.5014495850,13.2600002289,0.0085878606,-0.0026610186,-0.0072889220,1.1500005722
2015-06-25,85.3450775146,112.4400024414,174.9678039551,14.0100002289,-0.0035117747,-0.0013331015,-0.0030453230,0.7500000000
2015-06-26,84.3856735229,112.5599975586,174.9344787598,14.0200004578,-0.0113051313,0.0010666234,-0.0001904829,0.0100002289
2015-06-29,86.6193008423,113.0699996948,171.2660675049,18.8500003815,0.0261250220,0.0045207021,-0.0211931991,4.8299999237
2015-06-30,86.0187683105,112.3700027466,171.6245727539,18.2299995422,-0.0069571556,-0.0062100709,0.0020910771,-0.6200008393
2015-07-01,84.8576965332,111.9800033569,173.0001983643,16.0900001526,-0.0135898135,-0.0034767085,0.0079833664,-2.1399993896
2015-07-02,85.1365966797,111.7600021362,172.8417358398,16.7900009155,0.0032812913,-0.0019665798,-0.0009163871,0.7000007629
2015-07-06,86.7145538330,112.0599975586,172.3499145508,17.0100002289,0.0183647476,0.0026806863,-0.0028495569,0.2199993134
2015-07-07,87.5292434692,110.7600021362,173.4337921143,16.0900001526,0.0093512146,-0.0116687028,0.0062691277,-0.9200000763
2015-07-08,88.2851638794,111.0899963379,170.5240325928,19.6599998474,0.0085991254,0.0029749330,-0.0169196845,3.5699996948
2015-07-09,86.5457534790,111.3600006104,170.8324890137,19.9699993134,-0.0198988580,0.0024275514,0.0018072396,0.3099994660
2015-07-10,85.1733093262,111.4899978638,172.9835357666,16.8299999237,-0.0159851021,0.0011666796,0.0125129410,-3.1399993897
2015-07-13,84.9090576172,110.9899978638,174.8928222656,13.8999996185,-0.0031073406,-0.0044947937,0.0109769211,-2.9300003052
2015-07-14,85.1879425049,110.7399978638,175.6514892578,13.3699998856,0.0032791306,-0.0022549958,0.0043285151,-0.5299997329
2015-07-15,86.0907135010,110.1600036621,175.5931549072,13.2299995422,0.0105416446,-0.0052512044,-0.0003321580,-0.1400003434
2015-07-16,86.6852188110,109.7600021362,177.0021514893,12.1099996567,0.0068818342,-0.0036377042,0.0079921885,-1.1199998855
2015-07-17,87.1329040527,108.6500015259,177.1522064209,11.9499998093,0.0051512032,-0.0101644627,0.0008473985,-0.1599998474
2015-07-20,86.7659530640,105.6999969482,177.2439422607,12.2500000000,-0.0042202869,-0.0275268567,0.0005177023,0.3000001907
2015-07-21,87.2356262207,105.3700027466,176.5435791016,12.2200002670,0.0053985061,-0.0031268723,-0.0039592356,-0.0299997330
2015-07-22,87.7787551880,104.8000030518,176.2267303467,12.1199998856,0.0062066981,-0.0054241907,-0.0017963464,-0.1000003814
2015-07-23,88.8722915649,104.3300018311,175.2346649170,12.6400003433,0.0123809099,-0.0044948310,-0.0056453885,0.5200004577
2015-07-24,89.0925140381,105.3499984741,173.4170837402,13.7399997711,0.0024749004,0.0097291557,-0.0104264364,1.0999994278
2015-07-27,89.5695953369,104.8600006104,172.4082031250,15.6000003815,0.0053406112,-0.0046619928,-0.0058346426,1.8600006104
2015-07-28,88.9163284302,105.0199966431,174.5260009766,13.4399995804,-0.0073201271,0.0015246433,0.0122087942,-2.1600008011
2015-07-29,88.5861206055,105.1699981689,175.7265167236,12.5000000000,-0.0037206045,0.0014272949,0.0068551710,-0.9399995804
2015-07-30,89.2686309814,104.2699966431,175.7682800293,12.1300001144,0.0076749563,-0.0085944145,0.0002376326,-0.3699998856
2015-07-31,89.9291915894,104.9300003052,175.5014495850,12.1199998856,0.0073724512,0.0063098075,-0.0015192342,-0.0100002288
2015-08-03,90.8758316040,104.0999984741,174.9094696045,12.5600004196,0.0104714863,-0.0079415031,-0.0033787791,0.4400005340
2015-08-04,90.1549987793,104.3099975586,174.5676422119,13.0000000000,-0.0079636892,0.0020152503,-0.0019562225,0.4399995804
2015-08-05,89.4783096313,103.9300003052,175.1428833008,12.5100002289,-0.0075341523,-0.0036496127,0.0032898158,-0.4899997711
2015-08-06,90.2726821899,104.3899993896,173.7088928223,13.7700004578,0.0088386464,0.0044162810,-0.0082212484,1.2600002289
2015-08-07,91.4568786621,104.6500015259,173.3753814697,13.3900003433,0.0130326979,0.0024875839,-0.0019217895,-0.3800001145
2015-08-10,90.3241958618,105.7200012207,175.5597991943,12.2299995422,-0.0124622155,0.0101726378,0.0125206421,-1.1600008011
2015-08-11,91.7584915161,106.2600021362,173.9757080078,13.7100000381,0.0157546590,0.0050948398,-0.0090640407,1.4800004959
2015-08-12,91.2583236694,107.7500000000,174.1841125488,13.6099996567,-0.0054658266,0.0139247879,0.0011971776,-0.1000003814
2015-08-13,90.9640884399,106.8600006104,173.9673461914,13.4899997711,-0.0032294105,-0.0082941567,-0.0012452419,-0.1199998856
2015-08-14,91.1773757935,106.8499984741,174.6009826660,12.8299999237,0.0023419978,-0.0000936048,0.0036356555,-0.6599998474
2015-08-17,91.5892715454,107.1299972534,175.5763854980,13.0200004578,0.0045073481,0.0026170572,0.0055709217,0.1900005341
2015-08-18,90.8684692383,107.1100006104,175.0678710938,13.7899999619,-0.0079010740,-0.0001866752,-0.0029004597,0.7699995041
2015-08-19,91.7658004761,108.5500030518,173.6838989258,15.2500000000,0.0098266164,0.0133545750,-0.0079367593,1.4600000381
2015-08-20,92.6926345825,110.4400024414,170.0571594238,19.1399993896,0.0100493307,0.0172614847,-0.0211023618,3.8899993896
2015-08-21,92.9720993042,111.1299972534,164.9379730225,28.0300006866,0.0030104256,0.0062282533,-0.0305651303,8.8900012970
2015-08-24,92.9426803589,110.5299987793,157.9929504395,40.7400016785,-0.0003164777,-0.0054136962,-0.0430190676,12.7100009919
2015-08-25,91.4495239258,109.1600036621,156.1337432861,36.0200004578,-0.0161957939,-0.0124722369,-0.0118374458,-4.7200012207
2015-08-26,89.6842803955,107.6699981689,162.1283569336,30.3199996948,-0.0194916617,-0.0137437526,0.0376753795,-5.7000007630
2015-08-27,89.7357864380,107.7300033569,166.1385192871,26.1000003815,0.0005741392,0.0005571512,0.0244335457,-4.2199993133
2015-08-28,90.0005416870,108.6999969482,166.1468963623,26.0499992371,0.0029460426,0.0089636380,0.0000504210,-0.0500011444
2015-08-31,89.3090896606,108.8199996948,164.8045806885,28.4300003052,-0.0077124184,0.0011033722,-0.0081119024,2.3800010681
2015-09-01,89.9526748657,109.1999969482,159.8856048584,31.3999996185,0.0071804266,0.0034858971,-0.0303018226,2.9699993133
2015-09-02,89.1786575317,108.6200027466,162.9203338623,26.0900001526,-0.0086419516,-0.0053254575,0.0188027421,-5.3099994659
2015-09-03,89.6135711670,107.8399963379,163.0370941162,25.6100006104,0.0048650268,-0.0072069647,0.0007164142,-0.4799995422
2015-09-04,90.4317779541,107.4899978638,160.5691833496,27.7999992371,0.0090889592,-0.0032508131,-0.0152528476,2.1899986267
2015-09-08,89.0975494385,107.5199966431,164.6044921875,24.8999996185,-0.0148639011,0.0002790454,0.0248206808,-2.8999996186
2015-09-09,89.5251312256,106.1299972534,162.4034118652,26.2299995422,0.0047875511,-0.0130121137,-0.0134621429,1.3299999237
2015-09-10,88.9206619263,106.3799972534,163.2872161865,24.3700008392,-0.0067748485,0.0023528316,0.0054272762,-1.8599987030
2015-09-11,89.4808807373,106.1600036621,164.0292205811,23.2000007629,0.0062804463,-0.0020701390,0.0045338735,-1.1700000763
2015-09-14,89.6209411621,106.2200012207,163.4206085205,24.2500000000,0.0015640316,0.0005650020,-0.0037172886,1.0499992371
2015-09-15,87.9034194946,105.9000015259,165.4632263184,22.5400009155,-0.0193503050,-0.0030171595,0.0124216750,-1.7099990845
2015-09-16,87.5716857910,107.3099975586,166.8972015381,21.3500003815,-0.0037809819,0.0132265522,0.0086290906,-1.1900005340
2015-09-17,88.6405639648,108.4100036621,166.5221099854,21.1399993896,0.0121318613,0.0101985503,-0.0022499699,-0.2100009919
2015-09-18,90.0042572021,109.2099990845,163.8008880615,22.2800006866,0.0152673861,0.0073522564,-0.0164765003,1.1400012970
2015-09-21,88.5373535156,108.5299987793,164.6473236084,20.1399993896,-0.0164324349,-0.0062460046,0.0051541606,-2.1400012970
2015-09-22,89.7683792114,107.7900009155,162.5102386475,22.4400005341,0.0138082521,-0.0068417229,-0.0130647468,2.3000011445
2015-09-23,89.7609939575,108.2200012207,162.2504119873,22.1299991608,-0.0000822735,0.0039813052,-0.0016001121,-0.3100013733
2015-09-24,90.3728561401,110.4899978638,161.6638183594,23.4699993134,0.0067934432,0.0207587963,-0.0036219111,1.3400001526
2015-09-25,89.5914382935,109.8099975586,161.6218719482,23.6200008392,-0.0086841977,-0.0061734224,-0.0002595006,0.1500015258
2015-09-28,91.1247177124,108.4199981689,157.5655517578,27.6299991608,0.0169693319,-0.0127390204,-0.0254179098,4.0099983216
2015-09-29,91.3826904297,107.9800033569,157.6578369141,26.8299999237,0.0028269854,-0.0040665011,0.0005855223,-0.7999992371
2015-09-30,91.0657348633,106.8600006104,160.5994567871,24.5000000000,-0.0034744710,-0.0104264836,0.0184863235,-2.3299999237
2015-10-01,91.4542465210,106.7300033569,161.0184478760,22.5499992371,0.0042572023,-0.0012172599,0.0026055224,-1.9500007629
2015-10-02,92.0082702637,108.9899978638,163.4237670898,20.9400005341,0.0060396580,0.0209538029,0.0148276838,-1.6099987030
2015-10-05,90.7599029541,108.7699966431,166.3318328857,19.5400009155,-0.0136608765,-0.0020205851,0.0176381610,-1.3999996186
2015-10-06,91.1513977051,109.8600006104,165.7619781494,19.3999996185,0.0043042445,0.0099713032,-0.0034318935,-0.1400012970
2015-10-07,90.8485565186,109.6999969482,167.1196594238,18.3999996185,-0.0033279290,-0.0014574940,0.0081571865,-1.0000000000
2015-10-08,90.0877761841,109.1399993896,168.6281585693,17.4200000763,-0.0084094201,-0.0051178833,0.0089859663,-0.9799995422
2015-10-09,90.3241043091,110.8700027466,168.7287139893,17.0799999237,0.0026198747,0.0157269124,0.0005961368,-0.3400001526
2015-10-12,91.0110778809,111.3099975586,168.8879547119,16.1700000763,0.0075768734,0.0039607110,0.0009433227,-0.9099998474
2015-10-13,91.1661834717,111.8600006104,167.8235931396,17.6700000763,0.0017027990,0.0049290153,-0.0063221183,1.5000000000
2015-10-14,91.9639739990,113.8099975586,167.0190582275,18.0300006866,0.0087128803,0.0172822750,-0.0048054599,0.3600006103
2015-10-15,91.5133514404,113.2900009155,169.5835418701,16.0499992371,-0.0049120344,-0.0045794589,0.0152377508,-1.9800014495
2015-10-16,91.5429077148,112.4899978638,170.3545684814,15.0500001907,0.0003229201,-0.0070866012,0.0045362842,-0.9999990464
2015-10-19,91.2917251587,112.0199966431,170.4383850098,14.9799995422,-0.0027476492,-0.0041869130,0.0004918912,-0.0700006485
2015-10-20,90.7304000854,112.7300033569,170.2205047607,15.7500000000,-0.0061676772,0.0063182120,-0.0012791698,0.7700004578
2015-10-21,91.6315612793,111.7300033569,169.1645202637,16.7000007629,0.0098832950,-0.0089103322,-0.0062229493,0.9500007629
2015-10-22,91.7866516113,111.6900024414,172.0223846436,14.4499998093,0.0016911120,-0.0003580782,0.0167528776,-2.2500009536
2015-10-23,91.0037002563,111.5000000000,173.9080352783,14.4600000381,-0.0085667119,-0.0017026075,0.0109020150,0.0100002288
2015-10-26,91.6093750000,111.4300003052,173.4805603027,15.2899999619,0.0066334458,-0.0006279971,-0.0024610779,0.8299999238
2015-10-27,91.8383407593,111.6800003052,173.1453399658,15.4300003052,0.0024962522,0.0022410479,-0.0019341915,0.1400003433
2015-10-28,91.4690322876,110.7799987793,175.1148223877,14.3299999237,-0.0040293957,-0.0080914002,0.0113105295,-1.1000003815
2015-10-29,90.0138549805,109.7200012207,175.0142669678,14.6099996567,-0.0160368673,-0.0096145644,-0.0005743906,0.2799997330
2015-10-30,90.6934051514,109.3000030518,174.2599487305,15.0699996948,0.0075210412,-0.0038352541,-0.0043193535,0.4600000381
2015-11-02,90.2766494751,108.5899963379,176.3215942383,14.1499996185,-0.0046058052,-0.0065171346,0.0117614251,-0.9200000763
2015-11-03,89.5363845825,106.9800033569,176.8328247070,14.5399999619,-0.0082337644,-0.0149373560,0.0028952254,0.3900003434
2015-11-04,89.6400299072,105.9700012207,176.2964324951,15.5100002289,0.0011569083,-0.0094858858,-0.0030379393,0.9700002670
2015-11-05,89.4031295776,105.6399993896,176.1204681396,15.0500001907,-0.0026462945,-0.0031189651,-0.0009986148,-0.4600000382
2015-11-06,88.0928268433,104.0999984741,176.0283050537,14.3299999237,-0.0147645790,-0.0146851207,-0.0005234327,-0.7200002670
2015-11-09,87.5968627930,104.4000015259,174.3857116699,16.5200004578,-0.0056459246,0.0028777291,-0.0093752267,2.1900005341
2015-11-10,87.8559722900,104.1800003052,174.7879486084,15.2899999619,0.0029536107,-0.0021095148,0.0023039373,-1.2300004959
2015-11-11,87.6709136963,103.8300018311,174.1007385254,16.0599994659,-0.0021086076,-0.0033652113,-0.0039394282,0.7699995040
2015-11-12,88.0928268433,103.8499984741,171.6703033447,18.3700008392,0.0048009215,0.0001925717,-0.0140582924,2.3100013733
2015-11-13,88.5962524414,103.5599975586,169.7427825928,20.0799999237,0.0056984502,-0.0027964043,-0.0112915486,1.7099990845
2015-11-16,88.5147857666,103.7099990845,172.3239898682,18.1599998474,-0.0009199503,0.0014474025,0.0150921193,-1.9200000763
2015-11-17,88.6628341675,102.3399963379,172.1983184814,18.8400001526,0.0016711866,-0.0132979662,-0.0007295399,0.6800003052
2015-11-18,88.8479080200,102.4300003052,174.9303894043,16.8500003815,0.0020852137,0.0008790738,0.0157412929,-1.9899997711
2015-11-19,89.4401245117,103.5599975586,174.7795715332,16.9899997711,0.0066433923,0.0109714899,-0.0008625312,0.1399993896
2015-11-20,89.1662597656,103.0899963379,175.4165496826,15.4700002670,-0.0030666873,-0.0045487737,0.0036378407,-1.5199995041
2015-11-23,89.4401245117,102.2600021362,175.2153625488,15.6199998856,0.0030666873,-0.0080837470,-0.0011475690,0.1499996186
2015-11-24,89.4327392578,102.9400024414,175.4500885010,15.9300003052,-0.0000825755,0.0066277074,0.0013387460,0.3100004196
2015-11-25,89.6400299072,102.4599990845,175.4248657227,15.1899995804,0.0023151565,-0.0046738484,-0.0001437708,-0.7400007248
2015-11-27,89.5511550903,101.2500000000,175.6260375977,15.1199998856,-0.0009919553,-0.0118797636,0.0011461124,-0.0699996948
2015-11-30,89.9065322876,101.9199981689,174.8969268799,16.1299991608,0.0039605733,0.0065954679,-0.0041601370,1.0099992752
2015-12-01,91.1209335327,102.2799987793,176.5646667480,14.6700000763,0.0134169636,0.0035259646,0.0094903820,-1.4599990845
2015-12-02,91.1506042480,100.6900024414,174.7628479004,15.9099998474,0.0003255661,-0.0156676243,-0.0102572931,1.2399997711
2015-12-03,88.6727905273,101.7600021362,172.3156280518,18.1100006104,-0.0275600464,0.0105706064,-0.0141020580,2.2000007630
2015-12-04,89.4517211914,104.0199966431,175.6762847900,14.8100004196,0.0087459679,0.0219660355,0.0193151685,-3.3000001908
2015-12-07,90.3197555542,102.6699981689,174.6119842529,15.8400001526,0.0096571617,-0.0130632126,-0.0060767311,1.0299997330
2015-12-08,90.3642578125,102.8399963379,173.4386901855,17.6000003815,0.0004925976,0.0016544033,-0.0067421131,1.7600002289
2015-12-09,90.2677917480,102.6399993896,172.0893554688,19.6100006104,-0.0010680948,-0.0019466324,-0.0078103158,2.0100002289
2015-12-10,90.3865280151,102.5500030518,172.5335235596,19.3400001526,0.0013145136,-0.0008772001,0.0025777066,-0.2700004578
2015-12-11,91.8108444214,103.1100006104,169.1896362305,24.3899993896,0.0156351917,0.0054458712,-0.0195713634,5.0499992370
2015-12-14,90.6238708496,101.7900009155,170.0444641113,22.7299995422,-0.0130127681,-0.0128845090,0.0050397627,-1.6599998474
2015-12-15,90.0897827148,101.5199966431,171.8296051025,20.9500007629,-0.0059108947,-0.0026560861,0.0104433613,-1.7799987793
2015-12-16,89.8968505859,102.7500000000,174.3438262939,17.8600006104,-0.0021438503,0.0120430630,0.0145260449,-3.0900001525
2015-12-17,90.9131469727,100.5000000000,171.6871185303,18.9400005341,0.0112417134,-0.0221411259,-0.0153556207,1.0799999237
2015-12-18,91.4176864624,102.0400009155,168.6284637451,20.7000007629,0.0055343440,0.0152071747,-0.0179758865,1.7600002288
2015-12-21,91.3954315186,103.1500015259,170.0195312500,18.7000007629,-0.0002434721,0.0108193521,0.0082154647,-2.0000000000
2015-12-22,90.7351150513,102.6100006104,171.5623626709,16.6000003815,-0.0072510556,-0.0052488545,0.0090335111,-2.1000003814
2015-12-23,90.0526885986,102.3099975586,173.6868438721,15.5699996948,-0.0075495103,-0.0029280038,0.0123070986,-1.0300006867
2015-12-24,90.5685501099,103.0500030518,173.4002227783,15.7399997711,0.0057120958,0.0072069409,-0.0016515808,0.1700000763
2015-12-28,90.8362045288,102.2699966431,173.0039825439,16.9099998474,0.0029509107,-0.0075979950,-0.0022877344,1.1700000763
2015-12-29,89.3271331787,102.1999969482,174.8502807617,16.0799999237,-0.0167526497,-0.0006846941,0.0106154545,-0.8299999237
2015-12-30,89.2378921509,101.4199981689,173.6109771729,17.2900009155,-0.0009995354,-0.0076613556,-0.0071130364,1.2100009918
2015-12-31,89.6393203735,101.4599990845,171.8742675781,18.2099990845,0.0044883179,0.0003943308,-0.0100538257,0.9199981690
2016-01-04,90.2860946655,102.8899993896,169.4715728760,20.7000007629,0.0071893910,0.0139958273,-0.0140780059,2.4900016784
2016-01-05,89.9218368530,103.1800003052,169.7581634521,19.3400001526,-0.0040426446,0.0028145883,0.0016896552,-1.3600006103
2016-01-06,91.1335449219,104.6699981689,167.6168365479,20.5900001526,0.0133851438,0.0143374876,-0.0126942166,1.2500000000
2016-01-07,91.2971343994,106.1500015259,163.5954284668,24.9899997711,0.0017934431,0.0140406762,-0.0242841593,4.3999996185
2016-01-08,91.7059478760,105.6800003052,161.7996978760,27.0100002289,0.0044678390,-0.0044375394,-0.0110373431,2.0200004578
2016-01-11,90.7024230957,104.7399978638,161.9599151611,24.2999992371,-0.0110031672,-0.0089345946,0.0009897300,-2.7100009918
2016-01-12,92.0107650757,104.2099990845,163.2666320801,22.4699993134,0.0143215096,-0.0050729832,0.0080357767,-1.8299999237
2016-01-13,92.9177169800,104.7200012207,159.1946716309,25.2199993134,0.0098087560,0.0048820480,-0.0252568408,2.7500000000
2016-01-14,92.0479736328,103.0199966431,161.8081359863,23.9500007629,-0.0094044442,-0.0163670217,0.0162834844,-1.2699985505
2016-01-15,93.4826660156,104.0800018311,158.3347473145,27.0200004578,0.0154661352,0.0102367402,-0.0216998418,3.0699996949
2016-01-19,93.1927413940,103.9800033569,158.5455474854,26.0499992371,-0.0031061923,-0.0009612466,0.0013304721,-0.9700012207
2016-01-20,94.1740951538,105.3700027466,156.5137634277,27.5900001526,0.0104753088,0.0132793864,-0.0128979665,1.5400009155
2016-01-21,93.5347366333,105.4899978638,157.3905487061,26.6900005341,-0.0068122633,0.0011381498,0.0055863365,-0.8999996185
2016-01-22,93.1778945923,105.0000000000,160.6194763184,22.3400001526,-0.0038223710,-0.0046557913,0.0203077785,-4.3500003815
2016-01-25,93.6834106445,106.0800018311,158.1914062500,24.1499996185,0.0054106149,0.0102331935,-0.0152323346,1.8099994659
2016-01-26,93.7280502319,107.2900009155,160.3496704102,22.5000000000,0.0004763806,0.0113419135,0.0135511389,-1.6499996185
2016-01-27,93.7057342529,107.6900024414,158.6045074463,23.1100006104,-0.0002381212,0.0037212948,-0.0109431417,0.6100006104
2016-01-28,93.8395462036,106.5400009155,159.4307098389,22.4200000763,0.0014269831,-0.0107362419,0.0051956778,-0.6900005341
2016-01-29,94.6350021362,106.9499969482,163.3172302246,20.2000007629,0.0084410406,0.0038408969,0.0240851004,-2.2199993134
2016-02-01,94.3452758789,108.0500030518,163.2582397461,19.9799995422,-0.0030662087,0.0102327042,-0.0003612671,-0.2200012207
2016-02-02,96.0955352783,108.0899963379,160.3159027100,21.9799995422,0.0183816554,0.0003700684,-0.0181869794,2.0000000000
2016-02-03,95.2986450195,109.2500000000,161.2769927979,21.6499996185,-0.0083272633,0.0106746544,0.0059770782,-0.3299999237
2016-02-04,95.7604141235,110.5699996948,161.5299377441,21.8400001526,0.0048337933,0.0120099678,0.0015671596,0.1900005341
2016-02-05,95.8721694946,112.3199996948,158.4527740479,23.3799991608,0.0011663505,0.0157031358,-0.0192339051,1.5399990082
2016-02-08,97.9352798462,113.8300018311,156.3198242188,26.0000000000,0.0212911144,0.0133541859,-0.0135525296,2.6200008392
2016-02-09,98.0395584106,113.5800018311,156.3282775879,26.5400009155,0.0010642037,-0.0021986729,0.0000540759,0.5400009155
2016-02-10,98.9035110474,114.4599990845,156.1933441162,26.2900009155,0.0087736845,0.0077179584,-0.0008635145,-0.2500000000
2016-02-11,99.5961532593,119.0599975586,154.1616363525,28.1399993896,0.0069788030,0.0394021382,-0.0130929865,1.8499984741
2016-02-12,97.9426803589,118.3600006104,157.3399200439,25.3999996185,-0.0167411287,-0.0058967145,0.0204069220,-2.7399997711
2016-02-16,96.9074172974,114.7699966431,159.9955902100,24.1100006104,-0.0106263514,-0.0308007362,0.0167376929,-1.2899990081
2016-02-17,96.3115844727,115.4800033569,162.6090545654,22.3099994659,-0.0061674546,0.0061672874,0.0162026280,-1.8000011445
2016-02-18,97.4957962036,118.2900009155,161.9430084229,21.6399993896,0.0122206540,0.0240418604,-0.0041044082,-0.6700000763
2016-02-19,97.5776748657,117.5800018311,161.8671722412,20.5300006866,0.0008394649,-0.0060202757,-0.0004683990,-1.1099987030
2016-02-22,97.5255889893,115.4899978638,164.2108764648,19.3799991608,-0.0005339314,-0.0179350409,0.0143753595,-1.1500015258
2016-02-23,97.9203414917,117.2200012207,162.1369628906,20.9799995422,0.0040395115,0.0148685938,-0.0127100060,1.6000003814
2016-02-24,97.7267532349,117.6100006104,162.8787689209,20.7199993134,-0.0019789542,0.0033215496,0.0045647472,-0.2600002288
2016-02-25,98.0768280029,117.9199981689,164.8515777588,19.1100006104,0.0035757787,0.0026323419,0.0120393652,-1.6099987030
2016-02-26,97.1308135986,117.1100006104,164.4721832275,19.8099994659,-0.0096924670,-0.0068927436,-0.0023040834,0.6999988555
2016-02-29,97.5553512573,118.6399993896,163.1823577881,20.5499992371,0.0043612584,0.0129800234,-0.0078731221,0.7399997712
2016-03-01,95.8375625610,117.7699966431,167.0182495117,17.7000007629,-0.0177652205,-0.0073601513,0.0232347501,-2.8499984742
2016-03-02,96.2331085205,118.6800003052,167.7686004639,17.0900001526,0.0041187602,0.0076972566,0.0044825668,-0.6100006103
2016-03-03,96.5837478638,120.7300033569,168.4261627197,16.7000007629,0.0036370236,0.0171258772,0.0039117986,-0.3899993897
2016-03-04,95.9644241333,120.5400009155,168.9741668701,16.8600006104,-0.0064329446,-0.0015750195,0.0032483942,0.1599998475
2016-03-07,95.9345855713,121.1399993896,169.1089935303,17.3500003815,-0.0003109819,0.0049652409,0.0007975947,0.4899997711
2016-03-08,96.9942169189,120.5800018311,167.2627716064,18.6700000763,0.0109847984,-0.0046334483,-0.0109773807,1.3199996948
2016-03-09,96.4047241211,119.5800018311,168.0889892578,18.3400001526,-0.0060961515,-0.0083278295,0.0049274787,-0.3299999237
2016-03-10,96.0092010498,121.5000000000,168.2238464355,18.0499992371,-0.0041111747,0.0159286440,0.0008019747,-0.2900009155
2016-03-11,95.0391311646,119.4100036621,170.9384613037,16.5000000000,-0.0101553174,-0.0173512826,0.0160081045,-1.5499992371
2016-03-14,95.3376083374,117.8700027466,170.7193145752,16.9200000763,0.0031356501,-0.0129806347,-0.0012828437,0.4200000763
2016-03-15,95.4271774292,117.9599990845,170.4410858154,16.8400001526,0.0009390528,0.0007632306,-0.0016310734,-0.0799999237
2016-03-16,95.7107467651,120.5899963379,171.4274902344,14.9899997711,0.0029671720,0.0220507556,0.0057706805,-1.8500003815
2016-03-17,96.1062011719,120.1299972534,172.5150299072,14.4399995804,0.0041232537,-0.0038218649,0.0063239828,-0.5500001907
2016-03-18,96.3077087402,119.8000030518,173.1929168701,14.0200004578,0.0020945226,-0.0027507557,0.0039217371,-0.4199991226
2016-03-21,95.5689392090,118.9599990845,173.4386138916,13.7899999619,-0.0077005012,-0.0070364167,0.0014176267,-0.2300004959
2016-03-22,95.5465698242,119.3099975586,173.3454589844,14.1700000763,-0.0002340928,0.0029378330,-0.0005372502,0.3800001144
2016-03-23,96.6285476685,116.6100006104,172.2014465332,14.9399995804,0.0112604513,-0.0228900887,-0.0066214839,0.7699995041
2016-03-24,96.6658630371,116.3300018311,172.1251373291,14.7399997711,0.0003860988,-0.0024040432,-0.0004432374,-0.1999998093
2016-03-28,96.7927627563,116.5999984741,172.2268676758,15.2399997711,0.0013119057,0.0023182653,0.0005908509,0.5000000000
2016-03-29,97.8076324463,118.7600021362,173.8199920654,13.8199996948,0.0104303888,0.0183554071,0.0092076295,-1.4200000763
2016-03-30,96.7778320312,117.0999984741,174.5826568604,13.5600004196,-0.0105846553,-0.0140764103,0.0043780724,-0.2599992752
2016-03-31,97.4643478394,117.6399993896,174.1590118408,13.9499998093,0.0070686878,0.0046008509,-0.0024295647,0.3899993897
2016-04-01,97.7185668945,116.9300003052,175.3453521729,13.1000003815,0.0026049329,-0.0060536407,0.0067887272,-0.8499994278
2016-04-04,97.7784194946,116.1500015259,174.7775573730,14.1199998856,0.0006123123,-0.0066929954,-0.0032434056,1.0199995041
2016-04-05,98.8477020264,117.6600036621,173.0318908691,15.4200000763,0.0108764091,0.0129166682,-0.0100381469,1.3000001907
2016-04-06,98.1298828125,116.9400024414,174.9216308594,14.0900001526,-0.0072883663,-0.0061381369,0.0108621322,-1.3299999237
2016-04-07,99.3413009644,118.6100006104,172.8285675049,16.1599998474,0.0122694697,0.0141798016,-0.0120378860,2.0699996948
2016-04-08,98.7131042480,118.4300003052,173.2945709229,15.3599996567,-0.0063436996,-0.0015187339,0.0026927047,-0.8000001907
2016-04-11,98.5859832764,120.0299987793,172.8878936768,16.2600002289,-0.0012886120,0.0134196301,-0.0023494976,0.9000005722
2016-04-12,97.9055328369,120.0500030518,174.4978942871,14.8500003815,-0.0069260309,0.0001666467,0.0092693034,-1.4099998474
2016-04-13,98.2495117188,118.7699966431,176.2605438232,13.8400001526,0.0035072178,-0.0107195266,0.0100505886,-1.0100002289
2016-04-14,97.7784194946,117.1100006104,176.2689819336,13.7200002670,-0.0048063878,-0.0140751523,0.0000478718,-0.1199998856
2016-04-15,98.6159515381,117.9199981689,176.0740814209,13.6199998856,0.0085291357,0.0068927436,-0.0011063112,-0.1000003814
2016-04-18,98.1896972656,117.7399978638,177.3113098145,13.3500003815,-0.0043317348,-0.0015276275,0.0070021765,-0.2699995041
2016-04-19,97.8830871582,119.5800018311,177.8706054688,13.2399997711,-0.0031275157,0.0155068333,0.0031493502,-0.1100006104
2016-04-20,96.8062896729,118.9700012207,178.0400848389,13.2799997330,-0.0110618102,-0.0051142480,0.0009523703,0.0399999619
2016-04-21,96.2305755615,119.4199981689,177.0825500488,13.9499998093,-0.0059648277,0.0037753050,-0.0053927124,0.6700000763
2016-04-22,95.9837875366,117.8899993896,177.0825500488,13.2200002670,-0.0025678431,-0.0128946947,0.0000000000,-0.7299995423
2016-04-25,95.5874176025,118.2300033569,176.7774200439,14.0799999237,-0.0041381010,0.0028799271,-0.0017245809,0.8599996567
2016-04-26,95.1537704468,118.6999969482,177.0401306152,13.9600000381,-0.0045469771,0.0039673676,0.0014850062,-0.1199998856
2016-04-27,96.1034317017,119.0400009155,177.4045715332,13.7700004578,0.0099308057,0.0028603029,0.0020564057,-0.1899995803
2016-04-28,96.4997329712,121.2900009155,175.7944488525,15.2200002670,0.0041152162,0.0187248011,-0.0091174309,1.4499998092
2016-04-29,96.7464828491,123.6500015259,174.8453521729,15.6999998093,0.0025537371,0.0192706264,-0.0054135269,0.4799995423
2016-05-02,95.7724075317,123.2399978638,176.2350921631,14.6800003052,-0.0101193564,-0.0033213499,0.0079169733,-1.0199995041
2016-05-03,96.9787292480,122.9599990845,174.7013092041,15.6000003815,0.0125170465,-0.0022745646,-0.0087411435,0.9200000763
2016-05-04,97.5107727051,122.2099990845,173.7267913818,16.0499992371,0.0054711928,-0.0061182228,-0.0055938104,0.4499988556
2016-05-05,98.1625823975,122.0699996948,173.6928710938,15.9099998474,0.0066622469,-0.0011462208,-0.0001952698,-0.1399993897
2016-05-06,97.7430267334,123.1800003052,174.3284606934,14.7200002670,-0.0042832495,0.0090520546,0.0036525940,-1.1899995804
2016-05-09,98.0502319336,120.6500015259,174.4724884033,14.5699996948,0.0031380595,-0.0207528980,0.0008258448,-0.1500005722
2016-05-10,98.0577316284,120.9800033569,176.6418914795,13.6300001144,0.0000764854,0.0027314657,0.0123574015,-0.9399995804
2016-05-11,98.6121978760,122.1200027466,174.9894409180,14.6899995804,0.0056385612,0.0093789199,-0.0093988366,1.0599994660
2016-05-12,98.1625823975,121.1600036621,175.0402679443,14.4099998474,-0.0045698566,-0.0078921740,0.0002904155,-0.2799997330
2016-05-13,99.1141815186,121.7099990845,173.5149230957,15.0399999619,0.0096474261,0.0045291420,-0.0087524422,0.6300001145
2016-05-16,98.2600402832,121.8000030518,175.2267456055,14.6800003052,-0.0086550975,0.0007392220,0.0098172166,-0.3599996567
2016-05-17,98.4248962402,122.2200012207,173.5912170410,15.5699996948,0.0016763459,0.0034423291,-0.0093776166,0.8899993896
2016-05-18,97.0237274170,120.0999984741,173.6420440674,15.9499998093,-0.0143382215,-0.0174979931,0.0002927544,0.3800001145
2016-05-19,97.4432983398,119.8700027466,173.0403594971,16.3299999237,0.0043150922,-0.0019168712,-0.0034711031,0.3800001144
2016-05-20,97.5182189941,119.7099990845,174.1335296631,15.1999998093,0.0007685687,-0.0013357015,0.0062975576,-1.1300001144
2016-05-23,97.7355194092,119.3700027466,173.8962707520,15.8199996948,0.0022258268,-0.0028442075,-0.0013634404,0.6199998855
2016-05-24,97.3009643555,117.3000030518,176.1504211426,14.4200000763,-0.0044561486,-0.0174931544,0.0128793193,-1.3999996185
2016-05-25,96.9337615967,116.9800033569,177.3451995850,13.8999996185,-0.0037810252,-0.0027317730,0.0067598178,-0.5200004578
2016-05-26,97.4358139038,116.5800018311,177.3960571289,13.4300003052,0.0051659672,-0.0034252604,0.0002867304,-0.4699993133
2016-05-27,97.2934494019,115.6200027466,178.1587219238,13.1199998856,-0.0014621791,-0.0082687729,0.0042900054,-0.3100004196
2016-05-31,97.5257339478,116.0599975586,177.8197326660,14.1899995804,0.0023846179,0.0037983023,-0.0019045499,1.0699996948
2016-06-01,97.9214019775,115.9400024414,178.1841278076,14.1999998093,0.0040488551,-0.0010344408,0.0020471422,0.0100002289
2016-06-02,98.6272354126,115.6699981689,178.7265167236,13.6300001144,0.0071823084,-0.0023315435,0.0030393564,-0.5699996949
2016-06-03,100.0311965942,118.8799972534,178.1926574707,13.4700002670,0.0141346586,0.0273732644,-0.0029914877,-0.1599998474
2016-06-06,99.2879257202,118.9199981689,179.0993194580,13.6499996185,-0.0074581336,0.0003364249,0.0050751990,0.1799993515
2016-06-07,99.5281372070,118.8199996948,179.3789978027,14.0500001907,0.0024164205,-0.0008412424,0.0015603644,0.4000005722
2016-06-08,100.0612258911,120.5800018311,179.9636535645,14.0799999237,0.0053418674,0.0147037079,0.0032540322,0.0299997330
2016-06-09,100.7069244385,121.2500000000,179.7179260254,14.6400003433,0.0064323029,0.0055410816,-0.0013663618,0.5600004196
2016-06-10,101.1949920654,121.7399978638,178.0146331787,17.0300006866,0.0048347097,0.0040330757,-0.0095227883,2.3900003433
2016-06-13,101.6454162598,122.6399993896,176.6418914795,20.9699993134,0.0044411756,0.0073656241,-0.0077412846,3.9399986268
2016-06-14,101.5704193115,122.7699966431,176.2944030762,20.5000000000,-0.0007381015,0.0010594293,-0.0019691288,-0.4699993134
2016-06-15,101.9608306885,123.6800003052,176.0486907959,20.1399993896,0.0038363824,0.0073849285,-0.0013947333,-0.3600006104
2016-06-16,102.4563217163,122.3799972534,176.5740356445,19.3700008392,0.0048478515,-0.0105666517,0.0029796448,-0.7699985504
2016-06-17,101.8181610107,123.9499969482,175.9165344238,19.4099998474,-0.0062480910,0.0127472983,-0.0037306075,0.0399990082
2016-06-20,100.7294769287,123.2099990845,177.0493927002,18.3700008392,-0.0107500100,-0.0059880247,0.0064191021,-1.0399990082
2016-06-21,100.2639770508,120.8399963379,177.5519561768,18.4799995422,-0.0046319987,-0.0194228830,0.0028345285,0.1099987030
2016-06-22,100.4291152954,120.9000015259,177.2622528076,21.1700000763,0.0016456798,0.0004964440,-0.0016329867,2.6900005341
2016-06-23,99.2803955078,120.1100006104,179.5707244873,17.2500000000,-0.0115040336,-0.0065557756,0.0129388483,-3.9200000763
2016-06-24,101.9458084106,126.0000000000,173.1225280762,25.7600002289,0.0264932574,0.0478739123,-0.0365695400,8.5100002289
2016-06-27,104.4910507202,126.6800003052,170.0219421387,23.8500003815,0.0246600467,0.0053823171,-0.0180720985,-1.9099998474
2016-06-28,104.7088699341,125.3199996948,173.0884704590,18.7500000000,0.0020824032,-0.0107937604,0.0178753536,-5.1000003815
2016-06-29,103.9054412842,125.8399963379,176.0357208252,16.6399993896,-0.0077025648,0.0041407660,0.0168840800,-2.1100006104
2016-06-30,104.2883224487,126.4700012207,178.4378051758,15.6300001144,0.0036781274,0.0049939059,0.0135531764,-1.0099992752
2016-07-01,105.7363204956,128.4100036621,178.8126678467,14.7700004578,0.0137890580,0.0152231628,0.0020985994,-0.8599996566
2016-07-05,107.0601577759,129.4700012207,177.5263671875,15.5799999237,0.0124424461,0.0082209051,-0.0072195641,0.8099994659
2016-07-06,107.2331924438,130.2299957275,178.5911865234,14.9600000381,0.0016149330,0.0058528817,0.0059801742,-0.6199998856
2016-07-07,107.2256851196,129.7400054932,178.4804382324,14.7600002289,-0.0000700118,-0.0037695950,-0.0006203142,-0.1999998092
2016-07-08,108.0154876709,130.5200042725,181.1380615234,13.1999998093,0.0073388013,0.0059940143,0.0147805059,-1.5600004196
2016-07-11,107.0677108765,129.2899932861,181.7769165039,13.5399999619,-0.0088131750,-0.0094686131,0.0035206904,0.3400001526
2016-07-12,105.3075942993,127.1500015259,183.0972900391,13.5500001907,-0.0165759091,-0.0166903875,0.0072374494,0.0100002288
2016-07-13,106.5486755371,128.3200073242,183.0717010498,13.0399999619,0.0117163909,0.0091596973,-0.0001397660,-0.5100002288
2016-07-14,104.9991455078,127.3300018311,184.0938415527,12.8199996948,-0.0146497159,-0.0077450452,0.0055677509,-0.2200002671
2016-07-15,104.0965194702,126.8399963379,183.8468475342,12.6700000763,-0.0086336715,-0.0038557352,-0.0013425754,-0.1499996185
2016-07-18,103.9988098145,127.0400009155,184.3408660889,12.4399995804,-0.0009390856,0.0015755839,0.0026835162,-0.2300004959
2016-07-19,104.5854721069,127.2099990845,184.1535186768,11.9700002670,0.0056251970,0.0013372523,-0.0010168265,-0.4699993134
2016-07-20,104.0137939453,125.3899993896,184.9201049805,11.7700004578,-0.0054811276,-0.0144103816,0.0041541165,-0.1999998092
2016-07-21,104.2243804932,127.3000030518,184.2216339111,12.7399997711,0.0020225554,0.0151176542,-0.0037843020,0.9699993133
2016-07-22,104.4049301147,126.3499984741,185.0478820801,12.0200004578,0.0017308178,-0.0074907078,0.0044750488,-0.7199993133
2016-07-25,104.3297042847,125.4700012207,184.5453643799,12.8699998856,-0.0007207796,-0.0069891259,-0.0027193030,0.8499994278
2016-07-26,104.4952316284,126.0000000000,184.6304626465,13.0500001907,0.0015853220,0.0042152111,0.0004610176,0.1800003051
2016-07-27,105.7965164185,128.0299987793,184.4345550537,12.8299999237,0.0123761528,0.0159826950,-0.0010616428,-0.2200002670
2016-07-28,105.6008987427,127.6600036621,184.6475219727,12.7200002670,-0.0018507107,-0.0028940934,0.0011540357,-0.1099996567
2016-07-29,106.4809799194,128.9799957275,184.9457397461,11.8699998856,0.0082994948,0.0102868119,0.0016137623,-0.8500003814
2016-08-01,105.3265609741,129.2200012207,184.7923736572,12.4399995804,-0.0109007486,0.0018590671,-0.0008295931,0.5699996948
2016-08-02,104.2413635254,130.2700042725,183.6083679199,13.3699998856,-0.0103566149,0.0080928649,-0.0064278362,0.9300003052
2016-08-03,104.3016967773,129.6499938965,184.1450347900,12.8599996567,0.0005786167,-0.0047707876,0.0029186256,-0.5100002289
2016-08-04,105.0853576660,129.8699951172,184.3408660889,12.4200000763,0.0074853199,0.0016954476,0.0010628972,-0.4399995804
2016-08-05,103.9927291870,127.5500030518,185.8486328125,11.3900003433,-0.0104519650,-0.0180254440,0.0081459634,-1.0299997330
2016-08-08,104.1886749268,127.4400024414,185.7378692627,11.5000000000,0.0018824525,-0.0008627838,-0.0005961656,0.1099996567
2016-08-09,105.2134857178,127.9599990845,185.8486328125,11.6599998474,0.0097880458,0.0040720232,0.0005961656,0.1599998474
2016-08-10,105.6203918457,128.5599975586,185.3886108398,12.0500001907,0.0038599739,0.0046779945,-0.0024783193,0.3900003433
2016-08-11,104.6784362793,127.6699981689,186.2489318848,11.6800003052,-0.0089583178,-0.0069469069,0.0046299014,-0.3699998855
2016-08-12,105.5601196289,127.4000015259,186.0870971680,11.5500001907,0.0083875055,-0.0021170404,-0.0008692939,-0.1300001145
2016-08-15,104.5653991699,127.8399963379,186.6237792969,11.8100004196,-0.0094679399,0.0034476983,0.0028798864,0.2600002289
2016-08-16,104.2865753174,128.4700012207,185.6612243652,12.6400003433,-0.0026700635,0.0049159702,-0.0051710763,0.8299999237
2016-08-17,104.9120712280,128.5000000000,186.0104370117,12.1899995804,0.0059799409,0.0002334808,0.0018791465,-0.4500007629
2016-08-18,105.0777969360,129.1100006104,186.4278564453,11.4300003052,0.0015784166,0.0047358546,0.0022415504,-0.7599992752
2016-08-19,104.5277786255,127.9700012207,186.1552581787,11.3400001526,-0.0052481388,-0.0088688879,-0.0014632886,-0.0900001526
2016-08-22,105.4094238281,127.7799987793,186.1467285156,12.2700004578,0.0083991820,-0.0014858454,-0.0000458212,0.9300003052
2016-08-23,105.5224609375,127.7600021362,186.5215301514,12.3800001144,0.0010717879,-0.0001565050,0.0020114499,0.1099996566
2016-08-24,105.2737731934,126.3399963379,185.5675048828,13.4499998093,-0.0023595095,-0.0111768641,-0.0051279520,1.0699996949
2016-08-25,104.8743743896,126.2300033569,185.4397583008,13.6300001144,-0.0038011212,-0.0008709901,-0.0006886474,0.1800003051
2016-08-26,104.2639770508,126.0500030518,185.0904998779,13.6499996185,-0.0058372754,-0.0014269885,-0.0018851822,0.0199995041
2016-08-29,105.6581268311,126.3000030518,186.0019378662,12.9399995804,0.0132827392,0.0019813757,0.0049121983,-0.7100000381
2016-08-30,105.2511749268,125.0299987793,185.6952362061,13.1199998856,-0.0038590276,-0.0101063548,-0.0016502774,0.1800003052
2016-08-31,105.4018859863,124.7799987793,185.1671447754,13.4200000763,0.0014308939,-0.0020015218,-0.0028479124,0.3000001907
2016-09-01,105.5182037354,125.2900009155,185.1756896973,13.4799995422,0.0011029557,0.0040788807,0.0000461460,0.0599994659
2016-09-02,104.6575088501,126.5699996948,186.0104370117,11.9799995422,-0.0081902869,0.0101644548,0.0044977366,-1.5000000000
2016-09-06,105.4199829102,128.7100067139,186.5726165771,12.0200004578,0.0072590110,0.0167663514,0.0030177432,0.0400009156
2016-09-07,105.3445129395,128.2700042725,186.5556182861,11.9399995804,-0.0007161545,-0.0034244132,-0.0000911123,-0.0800008774
2016-09-08,104.0233154297,127.5899963379,186.1296997070,12.5100002289,-0.0126209939,-0.0053154814,-0.0022856750,0.5700006485
2016-09-09,102.3096618652,126.7500000000,181.6747131348,17.5000000000,-0.0166109460,-0.0066053268,-0.0242259435,4.9899997711
2016-09-12,102.3624801636,126.5899963379,184.2812652588,15.1599998474,0.0005161259,-0.0012631538,0.0142454085,-2.3400001526
2016-09-13,101.1998672485,125.7500000000,181.6321105957,17.8500003815,-0.0114227957,-0.0066576797,-0.0144799350,2.6900005341
2016-09-14,101.3509063721,126.1800003052,181.5639801025,18.1399993896,0.0014913708,0.0034136524,-0.0003751720,0.2899990081
2016-09-15,100.9129562378,125.3700027466,183.3783416748,16.2999992371,-0.0043304900,-0.0064400743,0.0099433604,-1.8400001525
2016-09-16,101.7283096313,125.0599975586,182.6694641113,15.3699998856,0.0080473026,-0.0024757844,-0.0038731468,-0.9299993515
2016-09-19,101.3961944580,125.3199996948,182.7037048340,15.5299997330,-0.0032700680,0.0020768610,0.0001874288,0.1599998474
2016-09-20,101.7509689331,125.4400024414,182.7122802734,15.9200000763,0.0034927865,0.0009571124,0.0000469352,0.3900003433
2016-09-21,102.5738296509,127.2699966431,184.7669677734,13.3000001907,0.0080544816,0.0144832116,0.0111827208,-2.6199998856
2016-09-22,103.3892288208,127.5699996948,185.9312744141,12.0200004578,0.0079179581,0.0023544435,0.0062817156,-1.2799997329
2016-09-23,103.2911071777,127.6500015259,184.9125366211,12.2899999619,-0.0009495016,0.0006269245,-0.0054941748,0.2699995041
2016-09-26,103.9478378296,127.5500030518,183.4143066406,14.5000000000,0.0063379289,-0.0007836871,-0.0081353736,2.2100000381
2016-09-27,104.7103576660,126.6200027466,184.5529327393,13.1000003815,0.0073088261,-0.0073179717,0.0061887560,-1.3999996185
2016-09-28,104.4838485718,126.2200012207,185.4689788818,12.3900003433,-0.0021655397,-0.0031640710,0.0049513177,-0.7100000382
2016-09-29,104.7480468750,126.0699996948,183.7910156250,14.0200004578,0.0025254127,-0.0011891200,-0.0090883108,1.6300001145
2016-09-30,103.8119354248,125.6399993896,185.1778869629,13.2899999619,-0.0089769641,-0.0034166360,0.0075175868,-0.7300004959
2016-10-03,103.4693222046,125.3199996948,184.7327117920,13.5699996948,-0.0033057840,-0.0025502062,-0.0024069350,0.2799997329
2016-10-04,102.2592391968,120.9700012207,183.7910156250,13.6300001144,-0.0117640152,-0.0353278726,-0.0051106518,0.0600004196
2016-10-05,101.7828292847,120.7799987793,184.6043243408,12.9899997711,-0.0046697309,-0.0015718923,0.0044154198,-0.6400003433
2016-10-06,101.2156372070,119.6600036621,184.7327117920,12.8400001526,-0.0055881560,-0.0093162802,0.0006952320,-0.1499996185
2016-10-07,101.2836532593,119.7399978638,184.0991363525,13.4799995422,0.0006717659,0.0006682891,-0.0034355822,0.6399993896
2016-10-10,100.6861953735,120.1600036621,185.0580596924,13.3800001144,-0.0059163250,0.0035015108,0.0051952150,-0.0999994278
2016-10-11,100.4592971802,119.5500030518,182.7208404541,15.3599996567,-0.0022560614,-0.0050894991,-0.0127100859,1.9799995423
2016-10-12,100.5575790405,119.7399978638,182.9605407715,15.9099998474,0.0009778469,0.0015879882,0.0013109793,0.5500001907
2016-10-13,100.9357833862,120.0299987793,182.3612518311,16.6900005341,0.0037540174,0.0024189937,-0.0032808855,0.7800006867
2016-10-14,99.5214996338,119.3600006104,182.4554443359,16.1200008392,-0.0141108090,-0.0055975598,0.0005163827,-0.5699996949
2016-10-17,100.1567230225,119.6800003052,181.8219451904,16.2099990845,0.0063624918,0.0026773752,-0.0034781175,0.0899982453
2016-10-18,100.4819793701,120.4199981689,182.9605407715,15.2799997330,0.0032422123,0.0061641001,0.0062426203,-0.9299993515
2016-10-19,100.5651702881,121.1100006104,183.4485321045,14.4099998474,0.0008275762,0.0057136117,0.0026636438,-0.8699998856
2016-10-20,100.6710205078,120.7399978638,183.1060791016,13.7500000000,0.0010519999,-0.0030597729,-0.0018684970,-0.6599998474
2016-10-21,100.8223114014,120.8300018311,183.1916656494,13.3400001526,0.0015016966,0.0007451585,0.0004673059,-0.4099998474
2016-10-24,100.3836746216,120.5599975586,183.9707641602,13.0200004578,-0.0043600837,-0.0022370801,0.0042438965,-0.3199996948
2016-10-25,100.6483612061,121.4700012207,183.3543701172,13.4600000381,0.0026332792,0.0075197947,-0.0033561255,0.4399995803
2016-10-26,99.9676895142,120.7900009155,182.9862060547,14.2399997711,-0.0067858409,-0.0056138206,-0.0020099558,0.7799997330
2016-10-27,98.8786239624,121.0100021362,182.4982757568,15.3599996567,-0.0109539515,0.0018196963,-0.0026700482,1.1199998856
2016-10-28,98.6593017578,121.5800018311,181.9588775635,16.1900005341,-0.0022205589,0.0046992929,-0.0029600110,0.8300008774
2016-10-31,99.2643356323,121.9400024414,181.9674682617,17.0599994659,0.0061138302,0.0029566431,0.0000472112,0.8699989318
2016-11-01,99.2719116211,122.7300033569,180.6490478516,18.5599994659,0.0000763184,0.0064577075,-0.0072717384,1.5000000000
2016-11-02,99.7037963867,123.6399993896,179.5617828369,19.3199996948,0.0043410871,0.0073872644,-0.0060368441,0.7600002289
2016-11-03,98.9385452271,124.3000030518,178.7399139404,22.0799999237,-0.0077048522,0.0053239107,-0.0045875883,2.7600002289
2016-11-04,99.8250808716,124.3899993896,178.5429992676,22.5100002289,0.0089205610,0.0007237632,-0.0011022900,0.4300003052
2016-11-07,98.9763870239,122.1500015259,182.4810943604,18.7099990845,-0.0085381563,-0.0181719761,0.0218171106,-3.8000011444
2016-11-08,98.5748214722,121.6399993896,183.3029785156,18.7399997711,-0.0040654381,-0.0041839524,0.0044938290,0.0300006866
2016-11-09,94.3920516968,121.5599975586,185.2464447021,14.3800001144,-0.0433589972,-0.0006579098,0.0105466680,-4.3599996567
2016-11-10,92.9978103638,119.7500000000,185.7087402344,14.7399997711,-0.0148809231,-0.0150017117,0.0024924616,0.3599996567
2016-11-11,92.4749526978,117.0999984741,185.2806243896,14.1700000763,-0.0056381222,-0.0223779787,-0.0023079693,-0.5699996948
2016-11-14,91.9217987061,116.1100006104,185.4261627197,14.4799995422,-0.0059996247,-0.0084902347,0.0007851938,0.3099994659
2016-11-15,92.3764648438,117.1200027466,186.8730010986,13.3699998856,0.0049340352,0.0086610508,0.0077724895,-1.1099996566
2016-11-16,93.2099914551,116.7699966431,186.5219726562,13.7200002670,0.0089826837,-0.0029929143,-0.0018801996,0.3500003814
2016-11-17,91.8384780884,116.1699981689,187.4808197021,13.3500003815,-0.0148235593,-0.0051515396,0.0051274973,-0.3699998855
2016-11-18,91.5732345581,115.1500015259,187.0613555908,12.8500003815,-0.0028923313,-0.0088189802,-0.0022398775,-0.5000000000
2016-11-21,91.8005828857,115.5800018311,188.4739227295,12.4200000763,0.0024796173,0.0037273072,0.0075229886,-0.4300003052
2016-11-22,91.7702865601,115.5400009155,188.8421020508,12.4099998474,-0.0003300777,-0.0003461485,0.0019515706,-0.0100002289
2016-11-23,91.4141082764,113.2500000000,188.9448547363,12.4300003052,-0.0038887454,-0.0200190339,0.0005439716,0.0200004578
2016-11-25,91.5504989624,112.6100006104,189.6468353271,12.3400001526,0.0014908972,-0.0056672372,0.0037083825,-0.0900001526
2016-11-28,92.2249374390,113.8000030518,188.7564392090,13.1499996185,0.0073398439,0.0105120214,-0.0047060785,0.8099994659
2016-11-29,92.6113662720,113.2699966431,189.1246032715,12.8999996185,0.0041813149,-0.0046682289,0.0019485718,-0.2500000000
2016-11-30,91.1110305786,111.7500000000,188.6708831787,13.3299999237,-0.0163330010,-0.0135100861,-0.0024019361,0.4300003052
2016-12-01,90.1490097046,111.5400009155,187.9774017334,14.0699996948,-0.0106149144,-0.0018809543,-0.0036823862,0.7399997711
2016-12-02,90.8096008301,112.1399993896,188.0716094971,14.1199998856,0.0073010514,0.0053648061,0.0005010398,0.0500001908
2016-12-05,90.7108612061,111.5400009155,189.2016448975,12.1400003433,-0.0010879174,-0.0053648061,0.0059905587,-1.9799995423
2016-12-06,90.6425476074,111.4300003052,189.8009490967,11.7899999619,-0.0007533754,-0.0009866854,0.0031625361,-0.3500003814
2016-12-07,91.4170227051,111.8300018311,192.2837066650,12.2200002670,0.0085079820,0.0035832836,0.0129960336,0.4300003051
2016-12-08,90.3388366699,111.5699996948,192.7545623779,12.6400003433,-0.0118642523,-0.0023276835,0.0024457618,0.4200000763
2016-12-09,89.2151565552,110.4000015259,193.9188079834,11.7500000000,-0.0125165112,-0.0105420462,0.0060218738,-0.8900003433
2016-12-12,89.3821945190,110.8199996948,193.6962738037,12.6400003433,0.0018705542,0.0037971130,-0.0011482226,0.8900003433
2016-12-13,89.7010269165,110.4499969482,194.9889984131,12.7200002670,0.0035607215,-0.0033443584,0.0066518053,0.0799999237
2016-12-14,88.6987991333,108.8300018311,193.3795166016,13.1899995804,-0.0112358666,-0.0147758537,-0.0082884733,0.4699993134
2016-12-15,89.1467895508,107.3399963379,194.1756896973,12.7899999619,0.0050379812,-0.0137857159,0.0041087009,-0.3999996185
2016-12-16,88.9417648315,108.0500030518,193.7959136963,12.1999998093,-0.0023025041,0.0065927786,-0.0019577522,-0.5900001526
2016-12-19,89.8984603882,108.5899963379,194.2178649902,11.7100000381,0.0106989877,0.0049851773,0.0021749303,-0.4899997712
2016-12-20,89.4504547119,107.7900009155,194.9671325684,11.4499998093,-0.0049959221,-0.0073943902,0.0038504491,-0.2600002288
2016-12-21,89.8453140259,107.8499984741,194.4245910645,11.2700004578,0.0044045652,0.0005564604,-0.0027866122,-0.1799993515
2016-12-22,89.6846389771,107.5899963379,194.0887451172,11.4300003052,-0.0017899530,-0.0024136861,-0.0017288777,0.1599998474
2016-12-23,89.8674240112,107.9300003052,194.3729400635,11.4399995804,0.0020360122,0.0031551991,0.0014631816,0.0099992752
2016-12-27,89.5781250000,108.5599975586,194.8551483154,11.9899997711,-0.0032243682,0.0058201214,0.0024777682,0.5500001907
2016-12-28,90.2327804565,108.8600006104,193.2447509766,12.9499998093,0.0072816312,0.0027596656,-0.0082989281,0.9600000382
2016-12-29,90.5525131226,110.2900009155,193.2017364502,13.3699998856,0.0035371572,0.0130506100,-0.0002226157,0.4200000763
2016-12-30,90.6895370483,109.6100006104,192.4955596924,14.0399999619,0.0015120548,-0.0061846518,-0.0036618226,0.6700000763
2017-01-03,91.0778198242,110.4700012207,193.9681549072,12.8500003815,0.0042723113,0.0078153851,0.0076209087,-1.1899995804
2017-01-04,91.4279785156,110.8600006104,195.1220550537,11.8500003815,0.0038372383,0.0035241476,0.0059312905,-1.0000000000
2017-01-05,92.8591537476,112.5800018311,194.9671325684,11.6700000763,0.0155323271,0.0153959468,-0.0007942927,-0.1800003052
2017-01-06,92.0065383911,111.7500000000,195.6646423340,11.3199996948,-0.0092242254,-0.0073998628,0.0035711919,-0.3500003815
2017-01-09,92.7449417114,112.6699981689,195.0187377930,11.5600004196,0.0079935192,0.0081989424,-0.0033065401,0.2400007248
2017-01-10,92.6841125488,113.1500015259,195.0187377930,11.4899997711,-0.0006560910,0.0042512096,0.0000000000,-0.0700006485
2017-01-11,92.9961853027,113.5000000000,195.5699157715,11.2600002289,0.0033614018,0.0030884514,0.0028222957,-0.2299995422
2017-01-12,92.7906875610,113.9100036621,195.0790863037,11.5399999619,-0.0022121889,0.0036058581,-0.0025128938,0.2799997330
2017-01-13,92.3490982056,114.2099990845,195.5268096924,11.2299995422,-0.0047703436,0.0026301560,0.0022924569,-0.3100004197
2017-01-17,93.3159103394,115.8499984741,194.8379516602,11.8699998856,0.0104146805,0.0142573867,-0.0035293080,0.6400003434
2017-01-18,92.1207504272,114.8700027466,195.2685089111,12.4799995422,-0.0128904010,-0.0084951596,0.0022073842,0.6099996566
2017-01-19,91.4888610840,114.7699966431,194.5451202393,12.7799997330,-0.0068829930,-0.0008709816,-0.0037114634,0.3000001908
2017-01-20,91.3061828613,115.0500030518,195.2599029541,11.5399999619,-0.0019987225,0.0024367466,0.0036673900,-1.2399997711
2017-01-23,92.2196807861,115.7900009155,194.7517700195,11.7700004578,0.0099550597,0.0064113705,-0.0026057334,0.2300004959
2017-01-24,91.5878219604,115.2699966431,196.0004730225,11.0699996948,-0.0068752505,-0.0045010400,0.0063912992,-0.7000007630
2017-01-25,90.4383544922,114.3199996948,197.6970062256,10.8100004196,-0.0126298620,-0.0082756425,0.0086185144,-0.2599992752
2017-01-26,90.7428283691,113.2600021362,197.4903259277,10.6300001144,0.0033609910,-0.0093154514,-0.0010459865,-0.1800003052
2017-01-27,91.0702056885,113.4899978638,197.1802520752,10.5799999237,0.0036012564,0.0020286289,-0.0015713049,-0.0500001907
2017-01-30,90.7961425781,113.9700012207,195.9574127197,11.8800001144,-0.0030138981,0.0042205581,-0.0062209420,1.3000001907
2017-01-31,91.4279785156,115.5500030518,195.9402160645,11.9899997711,0.0069347402,0.0137680966,-0.0000877610,0.1099996567
2017-02-01,90.8626632690,115.1999969482,196.0176849365,11.8100004196,-0.0062023706,-0.0030336414,0.0003952918,-0.1799993515
2017-02-02,90.8245315552,115.8399963379,196.1468658447,11.9300003052,-0.0004197513,0.0055401753,0.0006588097,0.1199998856
2017-02-03,90.7863540649,116.1299972534,197.4988861084,10.9700002670,-0.0004204317,0.0025003326,0.0068692502,-0.9600000382
2017-02-06,91.3356552124,117.6999969482,197.1458282471,11.3699998856,0.0060322507,0.0134287587,-0.0017892446,0.3999996186
2017-02-07,92.0070571899,117.4599990845,197.1544494629,11.2899999619,0.0073240433,-0.0020411460,0.0000437292,-0.0799999237
2017-02-08,93.2582092285,118.1900024414,197.4127655029,11.4499998093,0.0135068066,0.0061956774,0.0013093641,0.1599998474
2017-02-09,92.1825027466,117.2900009155,198.5840148926,10.8800001144,-0.0116017517,-0.0076440113,0.0059154663,-0.5699996949
2017-02-10,92.1290817261,117.5999984741,199.3676452637,10.8500003815,-0.0005796817,0.0026395142,0.0039383245,-0.0299997329
2017-02-13,91.8391647339,116.8000030518,200.4527130127,11.0699996948,-0.0031518182,-0.0068259260,0.0054277897,0.2199993133
2017-02-14,91.1754531860,116.9300003052,201.2535400391,10.7399997711,-0.0072531305,0.0011123712,0.0039871328,-0.3299999237
2017-02-15,90.7558670044,117.4499969482,202.3041839600,11.9700002670,-0.0046125859,0.0044372174,0.0052069195,1.2300004959
2017-02-16,91.2517547607,118.0800018311,202.1320037842,11.7600002289,0.0054491013,0.0053496912,-0.0008514579,-0.2100000381
2017-02-17,91.7934341431,117.6800003052,202.4505767822,11.4899997711,0.0059185490,-0.0033932975,0.0015748234,-0.2700004578
2017-02-21,91.6332168579,117.7500000000,203.6562194824,11.5699996948,-0.0017469362,0.0005946540,0.0059375822,0.0799999237
2017-02-22,91.7857589722,117.9100036621,203.4753417969,11.7399997711,0.0016633192,0.0013579198,-0.0008885467,0.1700000763
2017-02-23,92.0604171753,118.9400024414,203.6131439209,11.7100000381,0.0029879154,0.0086975322,0.0006770132,-0.0299997330
2017-02-24,93.0827331543,119.6999969482,203.8715362549,11.4700002670,0.0110436316,0.0063694023,0.0012682311,-0.2399997711
2017-02-27,92.5334472656,119.1200027466,204.1901550293,12.0900001526,-0.0059185303,-0.0048571756,0.0015616209,0.6199998856
2017-02-28,92.8767471313,119.2300033569,203.6389923096,12.9200000763,0.0037031433,0.0009230175,-0.0027029115,0.8299999237
2017-03-01,91.3204879761,119.0599975586,206.4894256592,12.5399999619,-0.0168981493,-0.0014268818,0.0139004230,-0.3800001144
2017-03-02,90.9917984009,117.5800018311,205.1891021729,11.8100004196,-0.0036057902,-0.0125085787,-0.0063172001,-0.7299995423
2017-03-03,91.2287750244,117.5100021362,205.3182525635,10.9600000381,0.0026009879,-0.0005955140,0.0006292233,-0.8500003815
2017-03-06,90.7930603027,116.7200012207,204.7068328857,11.2399997711,-0.0047875086,-0.0067455399,-0.0029823548,0.2799997330
2017-03-07,90.5178375244,115.7799987793,204.0953979492,11.4499998093,-0.0030359233,-0.0080860866,-0.0029913506,0.2100000382
2017-03-08,90.0286865234,115.0599975586,203.7164916992,11.8599996567,-0.0054185723,-0.0062381179,-0.0018582409,0.4099998474
2017-03-09,89.3101501465,114.4700012207,203.9748077393,12.3000001907,-0.0080132138,-0.0051409196,0.0012672141,0.4400005340
2017-03-10,89.6235961914,114.7200012207,204.6896057129,11.6599998474,0.0035034908,0.0021815969,0.0034982185,-0.6400003433
2017-03-13,89.0579071045,114.7399978638,204.7929534912,11.3500003815,-0.0063318359,0.0001742931,0.0005047726,-0.3099994659
2017-03-14,89.4859619141,114.1200027466,204.0093536377,12.3000001907,0.0047949631,-0.0054181301,-0.0038336418,0.9499998092
2017-03-15,90.5790786743,116.2500000000,205.7746887207,11.6300001144,0.0121415038,0.0184924941,0.0086159822,-0.6700000763
2017-03-16,90.1203765869,116.7300033569,205.3699035645,11.2100000381,-0.0050769724,0.0041205600,-0.0019690654,-0.4200000763
2017-03-17,90.6860580444,116.9899978638,205.0092773438,11.2799997330,0.0062573360,0.0022248384,-0.0017575273,0.0699996949
2017-03-20,91.0758666992,117.5100021362,204.7844085693,11.3400001526,0.0042892289,0.0044350117,-0.0010974732,0.0600004196
2017-03-21,91.8326110840,118.5400009155,202.1550903320,12.4700002670,0.0082746159,0.0087270096,-0.0129225835,1.1300001144
2017-03-22,92.1995391846,118.8300018311,202.6307830811,12.8100004196,0.0039876574,0.0024434516,0.0023503437,0.3400001526
2017-03-23,92.0695953369,118.6699981689,202.4145202637,13.1199998856,-0.0014103704,-0.0013473995,-0.0010678452,0.3099994660
2017-03-24,92.3982467651,118.8600006104,202.2675018311,12.9600000381,0.0035632419,0.0015998188,-0.0007265874,-0.1599998475
2017-03-27,92.8186340332,119.5299987793,202.0599365234,12.5000000000,0.0045394133,0.0056210406,-0.0010267190,-0.4600000381
2017-03-28,92.1995391846,119.0400009155,203.5302886963,11.5299997330,-0.0066922849,-0.0041077969,0.0072504638,-0.9700002670
2017-03-29,92.7498550415,119.3300018311,203.7204895020,11.4200000763,0.0059510060,0.0024332010,0.0009340722,-0.1099996567
2017-03-30,92.0008163452,118.4700012207,204.3692169189,11.5399999619,-0.0081086883,-0.0072330055,0.0031793400,0.1199998856
2017-03-31,92.2682800293,118.7200012207,203.8935699463,12.3699998856,0.0029029705,0.0021080154,-0.0023301031,0.8299999237
2017-04-03,93.1989974976,119.3499984741,203.5388946533,12.3800001144,0.0100365444,0.0052925503,-0.0017410266,0.0100002288
2017-04-04,92.6934432983,119.6200027466,203.6686553955,11.7899999619,-0.0054392254,0.0022597346,0.0006373199,-0.5900001525
2017-04-05,92.9768218994,119.6200027466,203.0632019043,12.8900003433,0.0030524955,0.0000000000,-0.0029771651,1.1000003814
2017-04-06,92.8390045166,119.1800003052,203.6340484619,12.3900003433,-0.0014833764,-0.0036851167,0.0028072328,-0.5000000000
2017-04-07,92.4636077881,119.4599990845,203.4264984131,12.8699998856,-0.0040517210,0.0023466218,-0.0010197503,0.4799995423
2017-04-10,92.8926391602,119.4599990845,203.5475463867,14.0500001907,0.0046292709,0.0000000000,0.0005948683,1.1800003051
2017-04-11,93.7734832764,121.1900024414,203.3053588867,15.0699996948,0.0094377131,0.0143780025,-0.0011905410,1.0199995041
2017-04-12,94.2866744995,122.0199966431,202.4145202637,15.7700004578,0.0054577482,0.0068253561,-0.0043914045,0.7000007630
2017-04-13,94.5778045654,122.5999984741,201.0998840332,15.9600000381,0.0030829545,0.0047420728,-0.0065159552,0.1899995803
2017-04-17,94.2866744995,122.2399978638,202.8816223145,14.6599998474,-0.0030829545,-0.0029407031,0.0088209475,-1.3000001907
2017-04-18,95.5199737549,122.8199996948,202.2761688232,14.4200000763,0.0129955049,0.0047335585,-0.0029887316,-0.2399997711
2017-04-19,94.9991226196,121.7300033569,201.9042663574,14.9300003052,-0.0054677189,-0.0089143614,-0.0018402799,0.5100002289
2017-04-20,94.6314010620,121.9599990845,203.5475463867,14.1499996185,-0.0038782999,0.0018876096,0.0081059646,-0.7800006867
2017-04-21,94.6314010620,122.3099975586,202.8988952637,14.6300001144,0.0000000000,0.0028656709,-0.0031918187,0.4800004959
2017-04-24,94.1641616821,121.4800033569,205.1303558350,10.8400001526,-0.0049496961,-0.0068091177,0.0109378571,-3.7899999618
2017-04-25,93.0304641724,120.2500000000,206.3239288330,10.7600002289,-0.0121126487,-0.0101767588,0.0058017446,-0.0799999237
2017-04-26,93.5436782837,120.8399963379,206.1941833496,10.8500003815,0.0055014634,0.0048944172,-0.0006290414,0.0900001526
2017-04-27,93.5130615234,120.3899993896,206.3671417236,10.3599996567,-0.0003273527,-0.0037308583,0.0008384615,-0.4900007248
2017-04-28,93.7198638916,120.7699966431,205.9174194336,10.8199996948,0.0022090394,0.0031514146,-0.0021816120,0.4600000381
2017-05-01,92.9407806396,119.6699981689,206.4363708496,10.1099996567,-0.0083476383,-0.0091499432,0.0025170216,-0.7100000381
2017-05-02,93.4166946411,119.6500015259,206.5142364502,10.5900001526,0.0051075497,-0.0001671122,0.0003771182,0.4800004959
2017-05-03,93.4780807495,117.9800033569,206.2633514404,10.6800003052,0.0006569056,-0.0140556801,-0.0012155943,0.0900001526
2017-05-04,93.0175247192,116.7900009155,206.5055389404,10.4600000381,-0.0049390651,-0.0101376889,0.0011734776,-0.2200002671
2017-05-05,93.1019744873,117.0100021362,207.3185577393,10.5699996948,0.0009074791,0.0018819614,0.0039293016,0.1099996567
2017-05-08,92.5953369141,116.7500000000,207.2839508057,9.7700004578,-0.0054566092,-0.0022245229,-0.0001669403,-0.7999992370
2017-05-09,92.5876846313,116.0500030518,207.0937194824,9.9600000381,-0.0000826456,-0.0060137375,-0.0009181544,0.1899995803
2017-05-10,92.4802093506,116.0400009155,207.4656372070,10.2100000381,-0.0011614688,-0.0000861919,0.0017942802,0.2500000000
2017-05-11,92.4802093506,116.5000000000,207.0418090820,10.6000003815,0.0000000000,0.0039563059,-0.0020449730,0.3900003434
2017-05-12,93.1787338257,116.8300018311,206.6958465576,10.3999996185,0.0075248492,0.0028286294,-0.0016723767,-0.2000007630
2017-05-15,92.9254074097,117.1399993896,207.8374938965,10.4200000763,-0.0027224174,0.0026498930,0.0055081226,0.0200004578
2017-05-16,93.2708511353,117.6500015259,207.6472167969,10.6499996185,0.0037105377,0.0043443327,-0.0009159284,0.2299995422
2017-05-17,94.6294860840,119.7900009155,203.9627532959,15.5900001526,0.0144614815,0.0180260892,-0.0179031714,4.9400005341
2017-05-18,94.7369308472,118.8099975586,204.7844085693,14.6599998474,0.0011347817,-0.0082146595,0.0040203649,-0.9300003052
2017-05-19,94.9595336914,119.4000015259,206.1163787842,12.0399999619,0.0023469383,0.0049536558,0.0064831946,-2.6199998855
2017-05-22,94.6985702515,119.9000015259,207.1628570557,10.9300003052,-0.0027519373,0.0041788610,0.0050642782,-1.1099996567
2017-05-23,94.0614547729,119.1399993896,207.6212921143,10.7200002670,-0.0067505596,-0.0063588077,0.0022104762,-0.2100000382
2017-05-24,94.5911254883,119.6100006104,208.1056823730,10.0200004578,0.0056153179,0.0039371881,0.0023303298,-0.6999998092
2017-05-25,94.6218109131,119.4800033569,209.1002655029,9.9899997711,0.0003243481,-0.0010874337,0.0047678372,-0.0300006867
2017-05-26,94.7829971313,120.5400009155,209.0570526123,9.8100004196,0.0017020292,0.0088326342,-0.0002066825,-0.1799993515
2017-05-30,95.2512130737,120.1399993896,208.8753509521,10.3800001144,0.0049277116,-0.0033239313,-0.0008695266,0.5699996948
2017-05-31,95.4892044067,120.6200027466,208.8235321045,10.4099998474,0.0024954486,0.0039874065,-0.0002481158,0.0299997330
2017-06-01,95.4991989136,120.7200012207,210.4841461182,9.8900003433,0.0001046609,0.0008286938,0.0079207836,-0.5199995041
2017-06-02,96.6299514771,121.6100006104,211.1847076416,9.7500000000,0.0117708907,0.0073453834,0.0033228073,-0.1400003433
2017-06-05,96.0299530029,121.7300033569,211.0290527344,10.0699996948,-0.0062285966,0.0009862970,-0.0007373275,0.3199996948
2017-06-06,96.5530395508,123.0999984741,210.3544464111,10.4499998093,0.0054323368,0.0111915158,-0.0032018667,0.3800001145
2017-06-07,96.0915145874,122.4499969482,210.7436065674,10.3900003433,-0.0047914757,-0.0052942623,0.0018483119,-0.0599994660
2017-06-08,95.8376083374,121.6500015259,210.8473663330,10.1599998474,-0.0026458350,-0.0065546767,0.0004922296,-0.2300004959
2017-06-09,95.6914825439,120.5400009155,210.5273590088,10.6999998093,-0.0015258864,-0.0091664261,-0.0015188732,0.5399999619
2017-06-12,95.6607437134,120.3600006104,210.4841461182,11.4600000381,-0.0003212801,-0.0014943988,-0.0002052813,0.7600002288
2017-06-13,95.6761016846,120.4800033569,211.5134124756,10.4200000763,0.0001605333,0.0009965351,0.0048780775,-1.0399999618
2017-06-14,97.1530456543,119.8199996948,211.2452697754,10.6400003433,0.0153189792,-0.0054931778,-0.0012685380,0.2200002670
2017-06-15,96.9991760254,119.3199996948,210.8387298584,10.8999996185,-0.0015850415,-0.0041816570,-0.0019263466,0.2599992752
2017-06-16,97.1914443970,119.3399963379,210.8848571777,10.3800001144,0.0019802031,0.0001675743,0.0002187562,-0.5199995041
2017-06-19,97.0530471802,118.4300003052,212.6404876709,10.3699998856,-0.0014249798,-0.0076544601,0.0082906044,-0.0100002288
2017-06-20,97.9222488403,118.1800003052,211.2063598633,10.8599996567,0.0089160774,-0.0021131828,-0.0067672240,0.4899997711
2017-06-21,98.1222000122,118.5199966431,211.1542205811,10.7500000000,0.0020398562,0.0028728059,-0.0002468946,-0.1099996567
2017-06-22,98.3375930786,118.9199981689,211.0585632324,10.4799995422,0.0021927454,0.0033692884,-0.0004531239,-0.2700004578
2017-06-23,98.2914886475,119.4300003052,211.3106994629,10.0200004578,-0.0004689483,0.0042794455,0.0011939139,-0.4599990844
2017-06-26,98.6606903076,118.3600006104,211.4497222900,9.8999996185,0.0037491547,-0.0089995955,0.0006576909,-0.1200008393
2017-06-27,97.6068496704,118.8099975586,209.7462615967,11.0600004196,-0.0107389206,0.0037947252,-0.0080887285,1.1600008011
2017-06-28,97.2837982178,118.9000015259,211.6235961914,10.0299997330,-0.0033152104,0.0007572586,0.0089106849,-1.0300006866
2017-06-29,96.4684143066,118.3199996948,209.7636413574,11.4399995804,-0.0084168198,-0.0048900007,-0.0088278275,1.4099998474
2017-06-30,96.2453231812,118.0199966431,210.1547546387,11.1800003052,-0.0023152602,-0.0025387426,0.0018628067,-0.2599992752
2017-07-03,95.9354858398,116.0899963379,210.5110473633,11.2200002670,-0.0032244386,-0.0164883524,0.0016939471,0.0399999618
2017-07-05,95.9586029053,116.5199966431,210.9978027344,11.0699996948,0.0002409357,0.0036971825,0.0023095866,-0.1500005722
2017-07-06,95.1646804810,116.4700012207,209.0683441162,12.5399999619,-0.0083080091,-0.0004291637,-0.0091865160,1.4700002671
2017-07-07,94.5942382812,115.2799987793,210.4241943359,11.1899995804,-0.0060123015,-0.0102697985,0.0064642625,-1.3500003815
2017-07-10,94.7329940796,115.4700012207,210.6501312256,11.1099996567,0.0014657778,0.0016468254,0.0010731450,-0.0799999237
2017-07-11,94.8948745728,115.6200027466,210.4937438965,10.8900003433,0.0017073496,0.0012982089,-0.0007426789,-0.2199993134
2017-07-12,95.5500488281,116.0299987793,212.0755004883,10.3000001907,0.0068804863,0.0035397924,0.0074864132,-0.5900001526
2017-07-13,94.9488449097,115.8199996948,212.4318237305,9.8999996185,-0.0063119098,-0.0018115087,0.0016787617,-0.4000005722
2017-07-14,95.0644073486,116.7699966431,213.4226226807,9.5100002289,0.0012163620,0.0081689002,0.0046532366,-0.3899993896
2017-07-17,95.3265075684,117.2900009155,213.3966064453,9.8199996948,0.0027532867,0.0044433490,-0.0001219075,0.3099994659
2017-07-18,96.1590347290,118.1100006104,213.5095977783,9.8900003433,0.0086955119,0.0069668905,0.0005293497,0.0700006485
2017-07-19,96.1975708008,118.0800018311,214.6654968262,9.7899999619,0.0004006732,-0.0002540224,0.0053992017,-0.1000003814
2017-07-20,96.4750213623,118.2399978638,214.7611083984,9.5799999237,0.0028800231,0.0013540628,0.0004452988,-0.2100000382
2017-07-21,96.8835754395,119.2600021362,214.5699157715,9.3599996567,0.0042258756,0.0085895625,-0.0008906537,-0.2200002670
2017-07-24,96.5058670044,119.3099975586,214.5177917480,9.4300003052,-0.0039062000,0.0004191258,-0.0002429528,0.0700006485
2017-07-25,95.2494659424,118.9199981689,215.0392303467,9.4300003052,-0.0131043974,-0.0032741447,0.0024277981,0.0000000000
2017-07-26,95.4036026001,119.8799972534,215.0479431152,9.6000003815,0.0016169338,0.0080402368,0.0000405163,0.1700000763
2017-07-27,94.9333877563,119.7900009155,214.8480834961,10.1099996567,-0.0049408767,-0.0007510022,-0.0009298045,0.5099992752
2017-07-28,95.4960632324,120.6900024414,214.5959472656,10.2899999619,0.0059095598,0.0074850775,-0.0011742450,0.1800003052
2017-07-31,95.6117553711,120.7500000000,214.4743194580,10.2600002289,0.0012107527,0.0004969977,-0.0005669366,-0.0299997330
2017-08-01,96.2830276489,120.6500015259,214.9523315430,10.0900001526,0.0069962821,-0.0008284878,0.0022262814,-0.1700000763
2017-08-02,96.3371200562,120.4000015259,215.0566558838,10.2799997330,0.0005616485,-0.0020742592,0.0004852194,0.1899995804
2017-08-03,97.3336105347,120.5899963379,214.6394348145,10.4399995804,0.0102906543,0.0015767862,-0.0019419362,0.1599998474
2017-08-04,96.5070266724,119.6500015259,215.0305023193,10.0299997330,-0.0085285406,-0.0078255046,0.0018203164,-0.4099998474
2017-08-07,96.6151809692,119.5100021362,215.4303588867,9.9300003052,0.0011200608,-0.0011707594,0.0018578074,-0.0999994278
2017-08-08,96.2675781250,119.8600006104,214.9001922607,10.9600000381,-0.0036042954,0.0029243324,-0.0024639984,1.0299997329
2017-08-09,96.7928695679,121.3099975586,214.8914947510,11.1099996567,0.0054417437,0.0120248325,-0.0000404731,0.1499996186
2017-08-10,97.6194229126,122.2099990845,211.8582305908,16.0400009155,0.0085031488,0.0073916363,-0.0142158978,4.9300012588
2017-08-11,97.6657943726,122.7900009155,212.1711273193,15.5100002289,0.0004749101,0.0047347177,0.0014758260,-0.5300006866
2017-08-14,97.1636276245,121.9199981689,214.2743988037,12.3299999237,-0.0051549489,-0.0071105097,0.0098642777,-3.1800003052
2017-08-15,96.7542114258,120.9800033569,214.2483367920,12.0399999619,-0.0042225801,-0.0077398065,-0.0001216365,-0.2899999618
2017-08-16,97.1095886230,121.8700027466,214.6220855713,11.7399997711,0.0036662605,0.0073296549,0.0017429454,-0.3000001908
2017-08-17,97.8357467651,122.4899978638,211.2759246826,15.5500001907,0.0074498987,0.0050744512,-0.0157137609,3.8100004196
2017-08-18,97.8125610352,122.3000030518,210.9456481934,14.2600002289,-0.0002370144,-0.0015523089,-0.0015644703,-1.2899999618
2017-08-21,98.0520019531,122.7600021362,211.1108245850,13.1899995804,0.0024449654,0.0037541795,0.0007827218,-1.0700006485
2017-08-22,97.6734848022,122.2099990845,213.3184051514,11.3500003815,-0.0038678419,-0.0044903782,0.0104026788,-1.8399991989
2017-08-23,98.3378295898,122.6699981689,212.5535430908,12.2500000000,0.0067786631,0.0037569392,-0.0035919853,0.8999996185
2017-08-24,97.9747924805,122.2900009155,212.0581512451,12.2299995422,-0.0036985653,-0.0031025274,-0.0023333887,-0.0200004578
2017-08-25,98.3532791138,122.7399978638,212.5535430908,11.2799997330,0.0038556596,0.0036729989,0.0023333887,-0.9499998092
2017-08-28,98.2915039062,124.6900024414,212.5622253418,11.3199996948,-0.0006282924,0.0157623970,0.0000408465,0.0399999618
2017-08-29,98.6082153320,124.4199981689,212.8055419922,11.6999998093,0.0032169848,-0.0021677522,0.0011440297,0.3800001145
2017-08-30,98.5773086548,124.3600006104,213.8137359619,11.2200002670,-0.0003134782,-0.0004823343,0.0047264430,-0.4799995423
2017-08-31,98.8708190918,125.8199996948,215.1001129150,10.5900001526,0.0029730406,0.0116717216,0.0059983179,-0.6300001144
2017-09-01,98.1146087646,126.0599975586,215.4042663574,10.1300001144,-0.0076778679,0.0019056530,0.0014130100,-0.4600000382
2017-09-05,99.6704864502,127.4599990845,213.8572235107,12.2299995422,0.0157333370,0.0110446180,-0.0072079587,2.0999994278
2017-09-06,99.0589904785,126.8099975586,214.5873260498,11.6300001144,-0.0061540735,-0.0051126987,0.0034081575,-0.5999994278
2017-09-07,100.0730209351,128.1300048828,214.5611572266,11.5500001907,0.0101845928,0.0103555276,-0.0001219570,-0.0799999237
2017-09-08,99.8562698364,127.9700012207,214.3091888428,12.1199998856,-0.0021682784,-0.0012495406,-0.0011750330,0.5699996949
2017-09-11,98.6641693115,126.1900024414,216.5950012207,10.7299995422,-0.0120099961,-0.0140071440,0.0106094759,-1.3900003434
2017-09-12,98.1455535889,126.5599975586,217.3250274658,10.5799999237,-0.0052702368,0.0029277577,0.0033647994,-0.1499996185
2017-09-13,97.7584838867,125.6100006104,217.4293212891,10.5000000000,-0.0039516307,-0.0075346112,0.0004797828,-0.0799999237
2017-09-14,98.1610412598,126.1600036621,217.3598175049,10.4399995804,0.0041094213,0.0043690981,-0.0003197126,-0.0600004196
2017-09-15,98.1997146606,125.5299987793,217.6524353027,10.1700000763,0.0003939015,-0.0050062076,0.0013453315,-0.2699995041
2017-09-18,97.6346511841,124.3600006104,218.1153259277,10.1499996185,-0.0057708466,-0.0093641740,0.0021244839,-0.0200004578
2017-09-19,97.3947143555,124.6200027466,218.3336791992,10.1800003052,-0.0024605213,0.0020885391,0.0010005902,0.0300006867
2017-09-20,97.4643783569,123.6200027466,218.4122924805,9.7799997330,0.0007150193,-0.0080567627,0.0003599955,-0.4000005722
2017-09-21,97.4101791382,122.6800003052,217.8270721436,9.6700000763,-0.0005562473,-0.0076330247,-0.0026830256,-0.1099996567
2017-09-22,97.6888580322,123.2399978638,217.8708038330,9.5900001526,0.0028567961,0.0045543147,0.0002007432,-0.0799999237
2017-09-25,98.3003540039,124.5299987793,217.4253082275,10.2100000381,0.0062401185,0.0104129845,-0.0020468630,0.6199998855
2017-09-26,98.1223144531,123.1399993896,217.5563049316,10.1700000763,-0.0018128213,-0.0112247264,0.0006023092,-0.0399999618
2017-09-27,96.6438217163,121.9800033569,218.4035644531,9.8699998856,-0.0151825278,-0.0094647901,0.0038868742,-0.3000001907
2017-09-28,96.3574371338,122.2099990845,218.6655883789,9.5500001907,-0.0029676987,0.0018837446,0.0011990046,-0.3199996949
2017-09-29,96.5741806030,121.5800018311,219.4342498779,9.5100002289,0.0022468433,-0.0051683716,0.0035090736,-0.0399999618
2017-10-02,96.3973236084,120.7699966431,220.3862915039,9.4499998093,-0.0018329861,-0.0066846149,0.0043292344,-0.0600004196
2017-10-03,96.4903640747,120.8300018311,220.8579254150,9.5100002289,0.0009647114,0.0004967317,0.0021377463,0.0600004196
2017-10-04,96.4981689453,121.1699981689,221.1199493408,9.6300001144,0.0000808843,0.0028098889,0.0011856881,0.1199998855
2017-10-05,96.1336212158,120.5199966431,222.4301300049,9.1899995804,-0.0037849222,-0.0053788167,0.0059077184,-0.4400005340
2017-10-06,95.8621444702,121.0899963379,222.1768035889,9.6499996185,-0.0028279470,0.0047183541,-0.0011395524,0.4600000381
2017-10-09,96.1646728516,122.0800018311,221.8100128174,10.3299999237,0.0031508998,0.0081425420,-0.0016522601,0.6800003052
2017-10-10,96.3197555542,122.4000015259,222.3951416016,10.0799999237,0.0016113796,0.0026178000,0.0026344995,-0.2500000000
2017-10-11,96.5058746338,122.7900009155,222.7445831299,9.8500003815,0.0019304398,0.0031812041,0.0015700311,-0.2299995422
2017-10-12,96.9170150757,122.8899993896,222.4127197266,9.9099998474,0.0042512141,0.0008140547,-0.0014909941,0.0599994659
2017-10-13,97.6150817871,123.8199996948,222.6834259033,9.6099996567,0.0071769103,0.0075392543,0.0012163943,-0.3000001907
2017-10-16,97.5452804565,122.9700012207,222.9803924561,9.9099998474,-0.0007153229,-0.0068884625,0.0013326933,0.3000001907
2017-10-17,97.6693801880,122.1299972534,223.1376037598,10.3100004196,0.0012714183,-0.0068544044,0.0007047970,0.4000005722
2017-10-18,97.0255584717,121.6699981689,223.3559570312,10.0699996948,-0.0066136703,-0.0037735819,0.0009780803,-0.2400007248
2017-10-19,97.1962661743,122.3899993896,223.4170837402,10.0500001907,0.0017578637,0.0059002157,0.0002736365,-0.0199995041
2017-10-20,96.1646728516,121.6100006104,224.5700378418,9.9700002670,-0.0106702327,-0.0063934544,0.0051472759,-0.0799999237
2017-10-23,96.3352737427,121.8000030518,223.6965789795,11.0699996948,0.0017724777,0.0015611723,-0.0038970556,1.0999994278
2017-10-24,95.7379837036,121.3300018311,224.0896301270,11.1599998474,-0.0062194183,-0.0038662592,0.0017555308,0.0900001526
2017-10-25,95.2803955078,121.3499984741,222.9803924561,11.2299995422,-0.0047910476,0.0001647984,-0.0049622649,0.0699996948
2017-10-26,94.9623794556,120.3300018311,223.2686157227,11.3000001907,-0.0033432686,-0.0084409359,0.0012917600,0.0700006485
2017-10-27,95.5906372070,120.9000015259,225.0941162109,9.8000001907,0.0065940707,0.0047257866,0.0081430076,-1.5000000000
2017-10-30,96.5058746338,121.1299972534,224.2556152344,10.5000000000,0.0095290054,0.0019005561,-0.0037320683,0.6999998093
2017-10-31,96.5369567871,120.6699981689,224.6049804688,10.1800003052,0.0003220234,-0.0038047944,0.0015566762,-0.3199996948
2017-11-01,96.9667663574,121.1100006104,224.9019622803,10.1999998093,0.0044423980,0.0036396967,0.0013213672,0.0199995041
2017-11-02,97.3942794800,121.1900024414,224.9893188477,9.9300003052,0.0043991718,0.0006603536,0.0003883452,-0.2699995041
2017-11-03,97.6585388184,120.6200027466,225.7405242920,9.1400003433,0.0027096199,-0.0047144513,0.0033332878,-0.7899999619
2017-11-06,98.0239334106,121.6500015259,226.0898895264,9.3999996185,0.0037345707,0.0085029510,0.0015464444,0.2599992752
2017-11-07,98.4358062744,121.2099990845,225.9326324463,9.8900003433,0.0041929554,-0.0036235108,-0.0006957931,0.4900007248
2017-11-08,98.2182159424,121.6299972534,226.3168945312,9.7799997330,-0.0022129262,0.0034590561,0.0016993370,-0.1100006103
2017-11-09,97.9383850098,122.1299972534,225.4958801270,10.5000000000,-0.0028531400,0.0041024016,-0.0036343165,0.7200002670
2017-11-10,96.4615478516,121.1299972534,225.4260406494,11.2899999619,-0.0151940955,-0.0082217023,-0.0003097631,0.7899999619
2017-11-13,96.6636276245,121.3099975586,225.6356201172,11.5000000000,0.0020927344,0.0014849063,0.0009292720,0.2100000381
2017-11-14,97.3165054321,121.5599975586,225.1116180420,11.5900001526,0.0067314138,0.0020587153,-0.0023250384,0.0900001526
2017-11-15,98.3736877441,121.4100036621,223.9848785400,13.1300001144,0.0108047581,-0.0012346702,-0.0050178163,1.5399999618
2017-11-16,97.5186462402,121.4000015259,225.8889007568,11.7600002289,-0.0087297641,-0.0000823865,0.0084647458,-1.3699998855
2017-11-17,98.2415084839,122.8600006104,225.2250518799,11.4300003052,0.0073852162,0.0119546095,-0.0029431559,-0.3299999237
2017-11-20,98.2026748657,121.3099975586,225.6094665527,10.6499996185,-0.0003953654,-0.0126962680,0.0017053475,-0.7800006867
2017-11-21,98.5135955811,121.5100021362,227.0855407715,9.7299995422,0.0031611109,0.0016473488,0.0065212977,-0.9200000763
2017-11-22,98.8322830200,122.6299972534,226.8846740723,9.8800001144,0.0032297377,0.0091750879,-0.0008849334,0.1500005722
2017-11-24,98.5602188110,122.3199996948,227.4087219238,9.6700000763,-0.0027565827,-0.0025311103,0.0023070909,-0.2100000381
2017-11-27,98.4203186035,122.8300018311,227.2951812744,9.8699998856,-0.0014204472,0.0041607413,-0.0004994048,0.1999998093
2017-11-28,98.5524597168,122.8099975586,229.6010894775,10.0299997330,0.0013417197,-0.0001628747,0.0100938788,0.1599998474
2017-11-29,97.5808715820,122.0400009155,229.4612884521,10.6999998093,-0.0099075060,-0.0062895584,-0.0006090720,0.6700000763
2017-11-30,97.2543869019,121.0999984741,231.4702911377,11.2799997330,-0.0033513953,-0.0077322294,0.0087171958,0.5799999237
2017-12-01,98.5667495728,121.5899963379,230.9897918701,11.4300003052,0.0134038883,0.0040380612,-0.0020780148,0.1500005722
2017-12-04,98.6135177612,121.1800003052,230.7103729248,11.6800003052,0.0004743699,-0.0033776532,-0.0012103915,0.2500000000
2017-12-05,99.1041946411,120.3199996948,229.8805541992,11.3299999237,0.0049634186,-0.0071221884,-0.0036032825,-0.3500003815
2017-12-06,99.4469223022,120.0699996948,229.9241943359,11.0200004578,0.0034522898,-0.0020799542,0.0001898203,-0.3099994659
2017-12-07,98.6680297852,118.4899978638,230.6492462158,10.1599998474,-0.0078630767,-0.0132463527,0.0031484772,-0.8600006104
2017-12-08,98.6758193970,118.4800033569,231.9070129395,9.5799999237,0.0000789446,-0.0000843525,0.0054383431,-0.5799999237
2017-12-11,98.4733123779,118.0100021362,232.6056823730,9.3400001526,-0.0020543544,-0.0039748136,0.0030081846,-0.2399997711
2017-12-12,98.4343566895,118.1500015259,233.0162506104,9.9200000763,-0.0003956747,0.0011856318,0.0017635266,0.5799999237
2017-12-13,99.1742477417,119.1699981689,232.9900054932,10.1800003052,0.0074884847,0.0085960132,-0.0001126385,0.2600002289
2017-12-14,99.5949172974,118.9300003052,232.0379943848,10.4899997711,0.0042327509,-0.0020159424,-0.0040944306,0.3099994659
2017-12-15,99.9687576294,119.1800003052,233.9702758789,9.4200000763,0.0037465813,0.0020998706,0.0082929540,-1.0699996948
2017-12-18,99.0574645996,119.7300033569,235.4539489746,9.5299997330,-0.0091575812,0.0046042779,0.0063212674,0.1099996567
2017-12-19,97.7723159790,119.8199996948,234.5496673584,10.0299997330,-0.0130586630,0.0007513783,-0.0038479820,0.5000000000
2017-12-20,96.6896972656,120.1399993896,234.4267578125,9.7200002670,-0.0111346158,0.0026671102,-0.0005241609,-0.3099994660
2017-12-21,97.2531967163,120.3099975586,234.9095916748,9.6199998856,0.0058109996,0.0014140004,0.0020575182,-0.1000003814
2017-12-22,97.3858947754,120.9400024414,234.8481140137,9.8999996185,0.0013635296,0.0052228503,-0.0002617420,0.2799997329
2017-12-26,97.6747589111,121.7699966431,234.5672302246,10.2500000000,0.0029617900,0.0068394169,-0.0011967390,0.3500003815
2017-12-27,98.9469604492,122.2300033569,234.6813507080,10.4700002670,0.0129407809,0.0037705513,0.0004863967,0.2200002670
2017-12-28,98.8611450195,122.8499984741,235.1641998291,10.1800003052,-0.0008676635,0.0050595433,0.0020553533,-0.2899999618
2017-12-29,99.0172500610,123.6500015259,234.2774963379,11.0399999619,0.0015777880,0.0064909198,-0.0037776983,0.8599996567
2018-01-02,97.9478836060,125.1500015259,235.9542846680,9.7700004578,-0.0108585407,0.0120580238,0.0071317827,-1.2699995041
2018-01-03,98.4162139893,124.8199996948,237.4467468262,9.1499996185,0.0047700295,-0.0026403330,0.0063052972,-0.6200008393
2018-01-04,98.4006118774,125.4599990845,238.4474792480,9.2200002670,-0.0001585445,0.0051142783,0.0042056988,0.0700006485
2018-01-05,98.1195755005,125.3300018311,240.0365447998,9.2200002670,-0.0028601293,-0.0010367021,0.0066421085,0.0000000000
2018-01-08,98.0571594238,125.3099975586,240.4755554199,9.5200004578,-0.0006363250,-0.0001596255,0.0018272620,0.3000001908
2018-01-09,96.7458953857,124.7300033569,241.0198364258,10.0799999237,-0.0134626620,-0.0046392196,0.0022607952,0.5599994659
2018-01-10,96.6288070679,125.0299987793,240.6511230469,9.8199996948,-0.0012109995,0.0024022707,-0.0015309765,-0.2600002289
2018-01-11,97.0268630981,125.4400024414,242.4068145752,9.8800001144,0.0041109727,0.0032738773,0.0072691043,0.0600004196
2018-01-12,97.1907730103,126.9599990845,243.9870605469,10.1599998474,0.0016878998,0.0120444929,0.0064978266,0.2799997330
2018-01-16,97.5966644287,127.1699981689,243.1530914307,11.6599998474,0.0041675378,0.0016526906,-0.0034239425,1.5000000000
2018-01-17,97.4639816284,126.1399993896,245.4707794189,11.9099998474,-0.0013604263,-0.0081323632,0.0094866645,0.2500000000
2018-01-18,96.5585937500,125.8600006104,245.0581512451,12.2200002670,-0.0093328774,-0.0022222134,-0.0016823810,0.3100004196
2018-01-19,96.0512313843,126.4199981689,246.1731109619,11.2700004578,-0.0052683038,0.0044394996,0.0045394571,-0.9499998092
2018-01-22,96.1448898315,126.6500015259,248.1747589111,11.0299997330,0.0009746134,0.0018177059,0.0080981795,-0.2400007248
2018-01-23,96.5585937500,127.2799987793,248.7014465332,11.1000003815,0.0042936905,0.0049619859,0.0021199961,0.0700006485
2018-01-24,96.0356369019,128.8300018311,248.6049499512,11.4700002670,-0.0054306729,0.0121043456,-0.0003880770,0.3699998855
2018-01-25,96.8239364624,127.9700012207,248.7101898193,11.5799999237,0.0081749009,-0.0066978490,0.0004232321,0.1099996567
2018-01-26,96.4648895264,128.0700073242,251.5897674561,11.0799999237,-0.0037151382,0.0007811756,0.0115115318,-0.5000000000
2018-01-29,95.7936325073,127.3499984741,249.9217224121,13.8400001526,-0.0069828868,-0.0056378572,-0.0066520956,2.7600002289
2018-01-30,95.2316818237,126.8000030518,247.3583374023,14.7899999619,-0.0058835375,-0.0043281234,-0.0103097145,0.9499998093
2018-01-31,95.7936325073,127.6500015259,247.4811248779,13.5399999619,0.0058835375,0.0066810896,0.0004962720,-1.2500000000
2018-02-01,94.4052963257,128.0700073242,247.2002410889,13.4700002670,-0.0145990395,0.0032848910,-0.0011356151,-0.0699996949
2018-02-02,93.5293121338,126.3899993896,241.8187255859,17.3099994659,-0.0093222908,-0.0132046868,-0.0220103232,3.8399991989
2018-02-05,94.4131622314,126.7099990845,231.7052459717,37.3199996948,0.0094056079,0.0025286438,-0.0427223052,20.0100002289
2018-02-06,93.8265686035,125.3799972534,236.2703552246,29.9799995422,-0.0062324306,-0.0105518996,0.0195106499,-7.3400001526
2018-02-07,92.9349212646,124.7900009155,234.9886169434,27.7299995422,-0.0095485864,-0.0047167721,-0.0054396479,-2.2500000000
2018-02-08,92.8331832886,124.9800033569,226.1744384766,33.4599990845,-0.0010953224,0.0015214195,-0.0382305212,5.7299995423
2018-02-09,92.2466125488,124.7699966431,229.5719299316,29.0599994659,-0.0063385925,-0.0016817358,0.0149098474,-4.3999996186
2018-02-12,92.6532974243,125.3700027466,232.9430389404,25.6100006104,0.0043989803,0.0047973715,0.0145775550,-3.4499988555
2018-02-13,93.0678710938,126.0800018311,233.5224456787,24.9699993134,0.0044644815,0.0056472536,0.0024842440,-0.6400012970
2018-02-14,92.0354232788,128.2299957275,236.6742553711,19.2600002289,-0.0111554851,0.0169088525,0.0134065462,-5.7099990845
2018-02-15,92.3482666016,128.3800048828,239.6941986084,19.1299991608,0.0033933980,0.0011691608,0.0126791926,-0.1300010681
2018-02-16,92.8488693237,127.9599990845,239.7643585205,19.4599990845,0.0054061737,-0.0032769460,0.0002926631,0.3299999237
2018-02-20,92.4421386719,126.2399978638,238.2631835938,20.6000003815,-0.0043901894,-0.0135328678,-0.0062807254,1.1400012970
2018-02-21,91.3080291748,125.6600036621,237.0779876709,20.0200004578,-0.0123441944,-0.0046049641,-0.0049867272,-0.5799999237
2018-02-22,91.5818176270,126.3000030518,237.3852386475,18.7199993134,0.0029940280,0.0050801774,0.0012951521,-1.3000011444
2018-02-23,92.3952255249,126.1399993896,241.1690826416,16.4899997711,0.0088425510,-0.0012676571,0.0158139742,-2.2299995423
2018-02-26,92.4265136719,126.4499969482,243.9694671631,15.8000001907,0.0003385765,0.0024545526,0.0115448077,-0.6899995804
2018-02-27,92.2935028076,125.1299972534,240.9231872559,18.5900001526,-0.0014401351,-0.0104937741,-0.0125649253,2.7899999619
2018-02-28,92.8801498413,125.0000000000,238.4826660156,19.8500003815,0.0063362038,-0.0010394376,-0.0101815291,1.2600002289
2018-03-01,93.5141983032,124.7200012207,235.0149078369,22.4699993134,0.0068033276,-0.0022425028,-0.0146476788,2.6199989319
2018-03-02,92.7539596558,125.3899993896,236.2264251709,19.5900001526,-0.0081628860,0.0053576408,0.0051418240,-2.8799991608
2018-03-05,92.5031967163,125.1800003052,238.9567260742,18.7299995422,-0.0027071893,-0.0016761714,0.0114916993,-0.8600006104
2018-03-06,92.5893630981,126.5299987793,239.5625000000,18.3600006104,0.0009310627,0.0107267206,0.0025318701,-0.3699989318
2018-03-07,92.4875030518,125.7200012207,239.4746551514,17.7600002289,-0.0011007325,-0.0064222029,-0.0003667559,-0.6000003815
2018-03-08,93.0204162598,125.4199981689,240.6335449219,16.5400009155,0.0057454655,-0.0023891311,0.0048276285,-1.2199993134
2018-03-09,92.4091415405,125.5400009155,244.8211059570,14.6400003433,-0.0065930906,0.0009563497,0.0172525483,-1.9000005722
2018-03-12,92.9420471191,125.5400009155,244.5139007568,15.7799997330,0.0057502415,0.0000000000,-0.0012556030,1.1399993897
2018-03-13,93.4122924805,125.7799987793,242.9335937500,16.3500003815,0.0050467981,0.0019098992,-0.0064840319,0.5700006485
2018-03-14,94.2351913452,125.6999969482,241.6870269775,17.2299995422,0.0087707453,-0.0006362481,-0.0051445170,0.8799991607
2018-03-15,94.2351913452,124.9000015259,241.4237365723,16.5900001526,0.0000000000,-0.0063846620,-0.0010899796,-0.6399993896
2018-03-16,93.8982162476,124.5999984741,241.6854553223,15.8000001907,-0.0035823032,-0.0024048352,0.0010834767,-0.7899999619
2018-03-19,93.6004028320,124.8700027466,238.4153747559,19.0200004578,-0.0031767025,0.0021646240,-0.0136226848,3.2200002671
2018-03-20,93.2242279053,124.3099975586,238.8208160400,18.2000007629,-0.0040270433,-0.0044947920,0.0016991225,-0.8199996949
2018-03-21,93.3261184692,126.4800033569,238.3624725342,17.8600006104,0.0010923654,0.0173057933,-0.0019210381,-0.3400001525
2018-03-22,94.2508850098,125.9800033569,232.4040832520,23.3400001526,0.0098602069,-0.0039610286,-0.0253149142,5.4799995422
2018-03-23,94.1803817749,127.6100006104,227.4504699707,24.8700008392,-0.0007483178,0.0128555517,-0.0215450945,1.5300006866
2018-03-26,93.8198471069,128.2799987793,233.6732940674,21.0300006866,-0.0038354752,0.0052366228,0.0269914603,-3.8400001526
2018-03-27,94.8230438232,127.4899978638,229.6981353760,22.5000000000,0.0106360348,-0.0061774519,-0.0171579686,1.4699993134
2018-03-28,95.0738220215,125.7300033569,229.0193939209,22.8700008392,0.0026412057,-0.0139011361,-0.0029593024,0.3700008392
2018-03-29,95.5362091064,125.7900009155,231.9457550049,19.9699993134,0.0048516648,0.0004770798,0.0126968401,-2.9000015258
2018-04-02,95.7246856689,127.2600021362,226.9392547607,23.6200008392,0.0019708851,0.0116183975,-0.0218211482,3.6500015258
2018-04-03,94.9863815308,126.3000030518,229.8479919434,21.1000003815,-0.0077426847,-0.0075722011,0.0127358043,-2.5200004577
2018-04-04,94.7900848389,126.4499969482,232.3071136475,20.0599994659,-0.0020687155,0.0011868955,0.0106420761,-1.0400009156
2018-04-05,94.0831985474,125.8000030518,234.1405029297,18.9400005341,-0.0074853317,-0.0051535805,0.0078611131,-1.1199989318
2018-04-06,95.1121215820,126.3899993896,228.9224548340,21.4899997711,0.0108769411,0.0046789913,-0.0225380540,2.5499992370
2018-04-09,95.2691345215,126.8199996948,230.0506896973,21.7700004578,0.0016494583,0.0033963960,0.0049163536,0.2800006867
2018-04-10,95.0963668823,127.1200027466,233.7085876465,20.4699993134,-0.0018151155,0.0023627880,0.0157753127,-1.3000011444
2018-04-11,95.4340972900,128.1100006104,232.4833831787,20.2399997711,0.0035451628,0.0077577308,-0.0052562351,-0.2299995423
2018-04-12,94.7350540161,126.6200027466,234.3961181641,18.4899997711,-0.0073518383,-0.0116987778,0.0081937446,-1.7500000000
2018-04-13,94.9550323486,127.4499969482,233.7085876465,17.4099998474,0.0023193456,0.0065336101,-0.0029375095,-1.0799999237
2018-04-16,94.9863815308,127.6299972534,235.6300354004,16.5599994659,0.0003300932,0.0014113246,0.0081879410,-0.8500003815
2018-04-17,95.2455978394,127.7500000000,238.1509857178,15.2500000000,0.0027252670,0.0009397976,0.0106419379,-1.3099994659
2018-04-18,94.4837646484,127.8499984741,238.3271789551,15.6000003815,-0.0080307790,0.0007824607,0.0007395648,0.3500003815
2018-04-19,93.7140655518,127.5999984741,237.0050506592,15.9600000381,-0.0081797265,-0.0019573308,-0.0055629794,0.3599996566
2018-04-20,93.0385894775,126.6299972534,234.9953613281,16.8799991608,-0.0072339429,-0.0076309322,-0.0085156768,0.9199991227
2018-04-23,93.0621871948,125.6200027466,234.9601440430,16.3400001526,0.0002536015,-0.0080079279,-0.0001498750,-0.5399990082
2018-04-24,92.6380767822,126.2300033569,231.7958984375,18.0200004578,-0.0045676957,0.0048441675,-0.0135586636,1.6800003052
2018-04-25,92.0176086426,125.4100036621,232.3688049316,17.8400001526,-0.0067202965,-0.0065172673,0.0024685496,-0.1800003052
2018-04-26,92.6616287231,124.9700012207,234.7309875488,16.2399997711,0.0069745002,-0.0035146808,0.0101143387,-1.6000003815
2018-04-27,93.3763504028,125.5000000000,234.9513854980,15.4099998474,0.0076836482,0.0042320403,0.0009384979,-0.8299999237
2018-04-30,93.5412445068,124.5899963379,233.1444549561,15.9300003052,0.0017643513,-0.0072774417,-0.0077203827,0.5200004578
2018-05-01,93.2044067383,123.7099990845,233.5587615967,15.4899997711,-0.0036074536,-0.0070882074,0.0017754613,-0.4400005341
2018-05-02,93.1020278931,123.6500015259,231.9898071289,15.9700002670,-0.0010990372,-0.0004851032,-0.0067402652,0.4800004959
2018-05-03,93.5192184448,124.2799987793,231.4786224365,15.8999996185,0.0044709941,0.0050820684,-0.0022059103,-0.0700006485
2018-05-04,93.6609115601,124.5400009155,234.4753417969,14.7700004578,0.0015139763,0.0020898821,0.0128629045,-1.1299991607
2018-05-07,93.5113754272,124.5699996948,235.2686614990,14.7500000000,-0.0015978451,0.0002408477,0.0033776715,-0.0200004578
2018-05-08,93.4247512817,124.5899963379,235.2686614990,14.7100000381,-0.0009267781,0.0001605125,0.0000000000,-0.0399999619
2018-05-09,92.8658981323,124.3300018311,237.5428009033,13.4200000763,-0.0059998162,-0.0020889812,0.0096197200,-1.2899999618
2018-05-10,93.6136856079,125.1800003052,239.7639617920,13.2299995422,0.0080200896,0.0068133682,0.0093071253,-0.1900005341
2018-05-11,93.8498458862,125.0000000000,240.4955139160,12.6499996185,0.0025195343,-0.0014389666,0.0030464894,-0.5799999237
2018-05-14,93.3539581299,124.4899978638,240.6100616455,12.9300003052,-0.0052978509,-0.0040883631,0.0004761854,0.2800006867
2018-05-15,92.2912673950,122.4800033569,238.9530487061,14.6300001144,-0.0114487441,-0.0162775955,-0.0069105379,1.6999998092
2018-05-16,91.9370956421,122.2900009155,239.9577941895,13.4200000763,-0.0038449258,-0.0015524981,0.0041959666,-1.2100000381
2018-05-17,91.4726791382,122.3600006104,239.7551574707,13.4300003052,-0.0050642611,0.0005722436,-0.0008448249,0.0100002289
2018-05-18,92.2598342896,122.4100036621,239.1557464600,13.4200000763,0.0085685430,0.0004085717,-0.0025032269,-0.0100002289
2018-05-21,92.3070602417,122.4800033569,240.9537963867,13.0799999237,0.0005117489,0.0005716828,0.0074902004,-0.3400001526
2018-05-22,92.1653823853,122.4100036621,240.2839508057,13.2200002670,-0.0015360330,-0.0005716828,-0.0027838465,0.1400003433
2018-05-23,92.8344268799,122.5400009155,240.9450378418,12.5799999237,0.0072329524,0.0010614188,0.0027474964,-0.6400003433
2018-05-24,93.5743026733,123.5899963379,240.4514465332,12.5299997330,0.0079382514,0.0085320912,-0.0020506651,-0.0500001907
2018-05-25,94.1568450928,123.2099990845,239.8785400391,13.2200002670,0.0062061549,-0.0030793968,-0.0023854716,0.6900005340
2018-05-29,96.2190780640,123.1900024414,237.1196289062,17.0200004578,0.0216656981,-0.0001623104,-0.0115679350,3.8000001908
2018-05-30,95.5736007690,123.3700027466,240.2839508057,14.9399995804,-0.0067310153,0.0014600936,0.0132565753,-2.0800008774
2018-05-31,95.4162368774,123.0999984741,238.8120727539,15.4300003052,-0.0016478775,-0.0021909716,-0.0061444162,0.4900007248
2018-06-01,94.9120864868,122.4899978638,241.1565551758,13.4600000381,-0.0052977041,-0.0049676442,0.0097693930,-1.9700002671
2018-06-04,94.2256927490,122.3700027466,242.3024444580,12.7399997711,-0.0072581665,-0.0009801121,0.0047403872,-0.7200002670
2018-06-05,94.4465942383,122.8499984741,242.4787445068,12.3999996185,0.0023416432,0.0039148221,0.0007273387,-0.3400001526
2018-06-06,93.6813125610,122.9199981689,244.5059509277,11.6400003433,-0.0081358041,0.0005696358,0.0083255928,-0.7599992752
2018-06-07,94.5886077881,122.8600006104,244.4794616699,12.1300001144,0.0096383134,-0.0004882217,-0.0001083438,0.4899997711
2018-06-08,94.3045959473,123.0100021362,245.2023162842,12.1800003052,-0.0030071178,0.0012201695,0.0029523465,0.0500001908
2018-06-11,94.1310119629,123.2300033569,245.5284271240,12.3500003815,-0.0018423698,0.0017868849,0.0013290828,0.1700000763
2018-06-12,94.1546630859,122.8199996948,245.8457794189,12.3400001526,0.0002512259,-0.0033326888,0.0012916931,-0.0100002289
2018-06-13,94.1073226929,123.1900024414,245.0612335205,12.9399995804,-0.0005029204,0.0030080324,-0.0031963144,0.5999994278
2018-06-14,94.8884353638,123.3799972534,245.6781921387,12.1199998856,0.0082659751,0.0015411027,0.0025144055,-0.8199996948
2018-06-15,94.9752273560,121.3399963379,245.3648223877,11.9799995422,0.0009142560,-0.0166725092,-0.0012763436,-0.1400003434
2018-06-18,94.8884353638,121.1100006104,244.8600921631,12.3100004196,-0.0009142560,-0.0018972638,-0.0020591789,0.3300008774
2018-06-19,95.4406661987,120.8000030518,243.9216308594,13.3500003815,0.0058029212,-0.0025629178,-0.0038400063,1.0399999619
2018-06-20,94.6043853760,120.2600021362,244.3377532959,12.7899999619,-0.0088009260,-0.0044802274,0.0017045142,-0.5600004196
2018-06-21,95.1014404297,120.0500030518,242.8060913086,14.6400003433,0.0052402839,-0.0017477353,-0.0062883563,1.8500003814
2018-06-22,95.0935287476,120.3399963379,243.2487792969,13.7700004578,-0.0000831955,0.0024126913,0.0018215561,-0.8699998855
2018-06-25,95.3065719604,119.8899993896,239.9375000000,17.3299999237,0.0022378486,-0.0037463887,-0.0137062300,3.5599994659
2018-06-26,95.4406661987,119.2600021362,240.4687652588,15.9200000763,0.0014059890,-0.0052686490,0.0022117342,-1.4099998474
2018-06-27,96.3400955200,118.5800018311,238.4765472412,17.9099998474,0.0093798346,-0.0057181479,-0.0083192359,1.9899997711
2018-06-28,96.3637847900,118.2200012207,239.8401641846,16.8500003815,0.0002458619,-0.0030405480,0.0057017478,-1.0599994659
2018-06-29,96.0324172974,118.6500015259,240.1853637695,16.0900001526,-0.0034446399,0.0036306900,0.0014382554,-0.7600002289
2018-07-02,95.9572830200,117.4599990845,240.6988677979,15.6000003815,-0.0007826907,-0.0100801534,0.0021356667,-0.4899997711
2018-07-03,96.4712524414,118.6500015259,239.8489227295,16.1399993896,0.0053419379,0.0100801534,-0.0035374045,0.5399990081
2018-07-05,96.7480392456,119.0500030518,241.8055877686,14.9700002670,0.0028650037,0.0033656028,0.0081248105,-1.1699991226
2018-07-06,97.0643157959,118.8600006104,243.8508300781,13.3699998856,0.0032637427,-0.0015972635,0.0084226392,-1.6000003814
2018-07-09,96.4396209717,119.1500015259,246.0464935303,12.6899995804,-0.0064566851,0.0024368813,0.0089638300,-0.6800003052
2018-07-10,96.4317169189,118.9300003052,246.9320068359,12.6400003433,-0.0000819619,-0.0018481290,0.0035925066,-0.0499992371
2018-07-11,96.8033370972,117.6399993896,245.1257934570,13.6300001144,0.0038463066,-0.0109059788,-0.0073415013,0.9899997711
2018-07-12,96.7954559326,118.1299972534,247.3480834961,12.5799999237,-0.0000814175,0.0041565812,0.0090250680,-1.0500001907
2018-07-13,97.0406188965,117.6100006104,247.5428771973,12.1800003052,0.0025295920,-0.0044116187,0.0007872187,-0.3999996185
2018-07-16,96.6373062134,117.5500030518,247.3215637207,12.8299999237,-0.0041647830,-0.0005102701,-0.0008944409,0.6499996185
2018-07-17,96.4554443359,116.2799987793,248.3219757080,12.0600004196,-0.0018836744,-0.0108627358,0.0040368259,-0.7699995041
2018-07-18,96.0680007935,116.3099975586,248.8443908691,12.1000003815,-0.0040249027,0.0002579542,0.0021015716,0.0399999619
2018-07-19,96.6768722534,115.8099975586,247.9058074951,12.8699998856,0.0063179215,-0.0043081232,-0.0037788993,0.7699995041
2018-07-20,95.4907073975,116.5599975586,247.6226196289,12.8599996567,-0.0123452658,0.0064552448,-0.0011429734,-0.0100002289
2018-07-23,94.3125228882,116.0000000000,248.0829620361,12.6199998856,-0.0124149588,-0.0048159498,0.0018573224,-0.2399997711
2018-07-24,94.6367340088,116.0400009155,249.3313140869,12.4099998474,0.0034317302,0.0003447760,0.0050193761,-0.2100000382
2018-07-25,94.4865112305,116.6800003052,251.4562530518,12.2899999619,-0.0015886234,0.0055001805,0.0084864396,-0.1199998855
2018-07-26,94.3046188354,115.7699966431,250.8629913330,12.1400003433,-0.0019269173,-0.0078297124,-0.0023620914,-0.1499996186
2018-07-27,94.4627990723,115.8300018311,249.1631622314,13.0299997330,0.0016759277,0.0005181795,-0.0067989870,0.8899993897
2018-07-30,94.1385955811,115.6500015259,247.8616485596,14.2600002289,-0.0034379789,-0.0015552129,-0.0052372301,1.2300004959
2018-07-31,94.6525497437,115.9899978638,249.0834503174,12.8299999237,0.0054446985,0.0029355602,0.0049172604,-1.4300003052
2018-08-01,93.8814315796,115.1399993896,248.6672668457,13.1499996185,-0.0081801960,-0.0073551881,-0.0016722570,0.3199996948
2018-08-02,94.0161285400,114.5199966431,250.0219726562,12.1899995804,0.0014337279,-0.0053993230,0.0054330795,-0.9600000381
2018-08-03,94.4837341309,114.9199981689,251.0932769775,11.6400003433,0.0049613463,0.0034867673,0.0042756869,-0.5499992371
2018-08-06,94.5391845703,114.3300018311,252.0140533447,11.2700004578,0.0005867060,-0.0051471986,0.0036603617,-0.3699998855
2018-08-07,94.0478363037,114.5899963379,252.8462524414,10.9300003052,-0.0052108504,0.0022714889,0.0032967529,-0.3400001526
2018-08-08,94.1429748535,114.9100036621,252.7400360107,10.8500003815,0.0010110861,0.0027887367,-0.0004201713,-0.0799999237
2018-08-09,94.9354705811,114.7399978638,252.3947753906,11.2700004578,0.0083827680,-0.0014805646,-0.0013670041,0.4200000763
2018-08-10,95.6249618530,114.6900024414,250.7036590576,13.1599998474,0.0072364895,-0.0004358229,-0.0067228303,1.8899993896
2018-08-13,95.4268264771,112.9599990845,249.7651977539,14.7799997330,-0.0020741543,-0.0151990920,-0.0037503329,1.6199998856
2018-08-14,95.2128219604,113.0699996948,251.3588714600,13.3100004196,-0.0022451217,0.0009733276,0.0063604172,-1.4699993134
2018-08-15,95.7676391602,111.1900024414,249.4818572998,14.6400003433,0.0058102149,-0.0167666216,-0.0074954884,1.3299999237
2018-08-16,95.7596740723,111.0999984741,251.5004882812,13.4499998093,-0.0000831744,-0.0008097888,0.0080587347,-1.1900005340
2018-08-17,95.8785781860,112.1299972534,252.3859558105,12.6400003433,0.0012409227,0.0092282051,0.0035145555,-0.8099994660
2018-08-20,96.5205230713,112.6900024414,252.9260406494,12.4899997711,0.0066730797,0.0049818197,0.0021376300,-0.1500005722
2018-08-21,96.1955642700,113.0199966431,253.5192413330,12.8599996567,-0.0033724129,0.0029240569,0.0023426063,0.3699998856
2018-08-22,96.5759811401,113.2699966431,253.3687133789,12.2500000000,0.0039468207,0.0022095551,-0.0005939299,-0.6099996567
2018-08-23,96.7265701294,112.1999969482,253.0321960449,12.4099998474,0.0015580655,-0.0094913537,-0.0013290552,0.1599998474
2018-08-24,96.9167785645,114.1600036621,254.5550384521,11.9899997711,0.0019645239,0.0173180394,0.0060003360,-0.4200000763
2018-08-27,96.3620147705,114.5899963379,256.5649108887,12.1599998474,-0.0057405710,0.0037595032,0.0078646228,0.1700000763
2018-08-28,95.7834854126,113.6800003052,256.6888122559,12.5000000000,-0.0060218023,-0.0079730220,0.0004828075,0.3400001526
2018-08-29,95.9102630615,114.1999969482,258.0700683594,12.2500000000,0.0013227105,0.0045637840,0.0053666269,-0.2500000000
2018-08-30,96.1163406372,113.6399993896,257.0252380371,13.5299997330,0.0021463448,-0.0049157189,-0.0040568483,1.2799997330
2018-08-31,95.8944473267,113.5100021362,257.0339965820,12.8599996567,-0.0023112598,-0.0011445940,0.0000340760,-0.6700000763
2018-09-04,95.3400039673,112.9300003052,256.5913085938,13.1599998474,-0.0057985882,-0.0051227971,-0.0017237784,0.3000001907
2018-09-05,95.0858078003,113.3199996948,255.9008178711,13.9099998474,-0.0026697675,0.0034475118,-0.0026946410,0.7500000000
2018-09-06,95.4353103638,113.5400009155,255.1305694580,14.6499996185,0.0036689156,0.0019395335,-0.0030144880,0.7399997711
2018-09-07,94.6251220703,113.2300033569,254.6347961426,14.8800001144,-0.0085256378,-0.0027340278,-0.0019451046,0.2300004959
2018-09-10,94.9746246338,113.1500015259,255.0774536133,14.1599998474,0.0036867450,-0.0007067924,0.0017368921,-0.7200002670
2018-09-11,94.2517852783,113.2200012207,255.9186248779,13.2200002670,-0.0076399787,0.0006184538,0.0032922837,-0.9399995804
2018-09-12,94.4742355347,114.1699981689,255.9805603027,13.1400003433,0.0023573894,0.0083557103,0.0002419829,-0.0799999237
2018-09-13,94.6171875000,113.7600021362,257.4945068359,12.3699998856,0.0015119881,-0.0035975648,0.0058968819,-0.7700004577
2018-09-14,94.1644439697,113.0199966431,257.5387573242,12.0699996948,-0.0047964878,-0.0065262203,0.0001718355,-0.3000001908
2018-09-17,94.1644439697,113.6100006104,256.1752624512,13.6800003052,0.0000000000,0.0052067715,-0.0053083935,1.6100006104
2018-09-18,93.1794891357,113.4400024414,257.5652770996,12.7899999619,-0.0105150340,-0.0014974516,0.0054113621,-0.8900003433
2018-09-19,92.6235046387,113.8799972534,257.8398437500,11.7500000000,-0.0059846846,0.0038711540,0.0010654402,-1.0399999619
2018-09-20,93.0524291992,114.2699966431,259.9293518066,11.8000001907,0.0046201499,0.0034188015,0.0080712388,0.0500001907
2018-09-21,93.0126953125,113.4899978638,259.6918029785,11.6800003052,-0.0004270966,-0.0068493313,-0.0009143155,-0.1199998855
2018-09-24,92.7744216919,113.4700012207,258.8291015625,12.1999998093,-0.0025650191,-0.0001762129,-0.0033275504,0.5199995041
2018-09-25,92.6790618896,113.6500015259,258.5889282227,12.4200000763,-0.0010283960,0.0015850682,-0.0009283533,0.2200002670
2018-09-26,93.3304214478,113.0500030518,257.8152465820,12.8900003433,0.0070035378,-0.0052933380,-0.0029964212,0.4700002670
2018-09-27,93.3939666748,112.0500030518,258.5356750488,12.4099998474,0.0006806313,-0.0088849982,0.0027904625,-0.4800004959
2018-09-28,93.1476974487,112.7600021362,258.5623168945,12.1199998856,-0.0026403685,0.0063164577,0.0001030437,-0.2899999618
2018-10-01,92.4638977051,112.5699996948,259.4606018066,12.0000000000,-0.0073681047,-0.0016864375,0.0034681315,-0.1199998856
2018-10-02,93.0291137695,113.8700027466,259.3093872070,12.0500001907,0.0060942222,0.0114822233,-0.0005829736,0.0500001907
2018-10-03,91.4130706787,113.4199981689,259.4516601562,11.6099996567,-0.0175240220,-0.0039597445,0.0005485105,-0.4400005340
2018-10-04,90.7682571411,113.4800033569,257.4240112305,14.2200002670,-0.0070788399,0.0005289131,-0.0078458300,2.6100006103
2018-10-05,89.9880981445,113.8000030518,255.9830169678,14.8199996948,-0.0086322148,0.0028159090,-0.0056134722,0.5999994278
2018-10-08,89.6855926514,112.5400009155,255.9830169678,15.6899995804,-0.0033672796,-0.0111338264,0.0000000000,0.8699998856
2018-10-09,90.5931015015,112.5999984741,255.6095886230,15.9499998093,0.0100679287,0.0005329800,-0.0014598663,0.2600002289
2018-10-10,90.3463439941,112.8799972534,247.5161895752,22.9599990845,-0.0027275165,0.0024835811,-0.0321752437,7.0099992752
2018-10-11,91.4449310303,115.7799987793,242.0641937256,24.9799995422,0.0120863931,0.0253665449,-0.0222730380,2.0200004577
2018-10-12,91.1264724731,115.2300033569,245.4260253906,21.3099994659,-0.0034885954,-0.0047616679,0.0137926253,-3.6700000763
2018-10-15,91.0866928101,116.0000000000,244.0474700928,21.2999992371,-0.0004366278,0.0066600309,-0.0056328237,-0.0100002288
2018-10-16,91.2936553955,115.8000030518,249.3838958740,17.6200008392,0.0022695721,-0.0017255996,0.0216307038,-3.6799983979
2018-10-17,90.7523956299,115.7900009155,249.4282379150,17.3999996185,-0.0059464224,-0.0000863780,0.0001777905,-0.2200012207
2018-10-18,90.7205047607,115.9199981689,245.8262329102,20.0599994659,-0.0003514670,0.0011220687,-0.0145463342,2.6599998474
2018-10-19,90.5214691162,116.0100021362,245.6928558350,19.8899993896,-0.0021963535,0.0007761305,-0.0005427137,-0.1700000763
2018-10-22,90.4020843506,115.7099990845,244.5900726318,19.6399993896,-0.0013197263,-0.0025893597,-0.0044985660,-0.2500000000
2018-10-23,90.6886520386,116.3899993896,243.3449096680,20.7099990845,0.0031649098,0.0058595627,-0.0051038180,1.0699996949
2018-10-24,91.3732910156,116.6600036621,235.9719238281,25.2299995422,0.0075209810,0.0023171370,-0.0307669872,4.5200004577
2018-10-25,90.9911651611,116.4000015259,240.2053985596,24.2199993134,-0.0041907993,-0.0022312043,0.0177815535,-1.0100002288
2018-10-26,91.5404205322,116.7699966431,235.9807586670,24.1599998474,0.0060182135,0.0031736109,-0.0177441140,-0.0599994660
2018-10-29,91.3334503174,116.3099975586,234.6733856201,24.7000007629,-0.0022635306,-0.0039471400,-0.0055555716,0.5400009155
2018-10-30,90.8797607422,115.8000030518,238.1508331299,23.3500003815,-0.0049797763,-0.0043944279,0.0147095266,-1.3500003814
2018-10-31,90.4180450439,115.1500015259,240.6945037842,21.2299995422,-0.0050934615,-0.0056289520,0.0106242846,-2.1200008393
2018-11-01,90.5018081665,116.6299972534,243.2560424805,19.3400001526,0.0009259695,0.0127708676,0.0105860511,-1.8899993896
2018-11-02,89.3765792847,116.6500015259,241.8152313232,19.5100002289,-0.0125111591,0.0001715044,-0.0059406338,0.1700000763
2018-11-05,89.7276992798,116.3700027466,243.1492004395,19.9599990845,0.0039208493,-0.0024032178,0.0055013209,0.4499988556
2018-11-06,89.6718444824,116.0400009155,244.6878662109,19.9099998474,-0.0006226861,-0.0028398266,0.0063081343,-0.0499992371
2018-11-07,89.7915573120,116.0299987793,249.9264221191,16.3600006104,0.0013341199,-0.0000861993,0.0211831802,-3.5499992370
2018-11-08,89.7835845947,115.7799987793,249.4727325439,16.7199993134,-0.0000887953,-0.0021569397,-0.0018169422,0.3599987030
2018-11-09,90.4538879395,114.4800033569,247.0358428955,17.3600006104,0.0074380363,-0.0112916635,-0.0098161818,0.6400012970
2018-11-12,91.0444183350,113.6600036621,242.4199218750,20.4500007629,0.0065073057,-0.0071885965,-0.0188620023,3.0900001525
2018-11-13,90.9885482788,113.6999969482,241.9663543701,20.0200004578,-0.0006138455,0.0003518058,-0.0018727518,-0.4300003051
2018-11-14,91.0444183350,114.6399993896,240.3121337891,21.2500000000,0.0006138455,0.0082334043,-0.0068600492,1.2299995422
2018-11-15,91.0045394897,114.7699966431,242.8202056885,19.9799995422,-0.0004381112,0.0011333182,0.0103826394,-1.2700004578
2018-11-16,91.5311889648,115.6200027466,243.4516601562,18.1399993896,0.0057703874,0.0073788790,0.0025971267,-1.8400001526
2018-11-19,91.7865676880,115.6699981689,239.3337707520,20.1000003815,0.0027861882,0.0004323181,-0.0170592939,1.9600009919
2018-11-20,91.8184890747,115.6699981689,234.9046020508,22.4799995422,0.0003477180,0.0000000000,-0.0186796250,2.3799991607
2018-11-21,91.7865676880,115.8600006104,235.7050628662,20.7999992371,-0.0003477180,0.0016412775,0.0034018068,-1.6800003051
2018-11-23,91.8823471069,115.7699966431,234.1308746338,21.5200004578,0.0010429574,-0.0007771357,-0.0067010375,0.7200012207
2018-11-26,91.6748275757,115.6399993896,237.9107360840,18.8999996185,-0.0022610897,-0.0011235234,0.0160152925,-2.6200008393
2018-11-27,91.7785873413,114.9499969482,238.7112121582,19.0200004578,0.0011311839,-0.0059846872,0.0033589591,0.1200008393
2018-11-28,91.3317108154,115.3799972534,244.2075653076,18.4899997711,-0.0048809643,0.0037337804,0.0227640372,-0.5300006867
2018-11-29,91.6908416748,115.7399978638,243.6739959717,18.7900009155,0.0039244488,0.0031152727,-0.0021872913,0.3000011444
2018-11-30,92.0339508057,115.5400009155,245.1592102051,18.0699996948,0.0037350379,-0.0017294794,0.0060765872,-0.7200012207
2018-12-03,92.6874084473,116.4100036621,248.4055175781,16.4400005341,0.0070750927,0.0075016754,0.0131547252,-1.6299991607
2018-12-04,94.2391510010,117.1200027466,240.3566284180,20.7399997711,0.0166030788,0.0060805999,-0.0329387901,4.2999992370
2018-12-06,94.5350952148,117.1399993896,239.9919128418,21.1900005341,0.0031354325,0.0001707218,-0.0015185459,0.4500007630
2018-12-07,94.7110824585,118.0899963379,234.4155120850,23.2299995422,0.0018598769,0.0080772192,-0.0235099929,2.0399990081
2018-12-10,95.1030044556,117.6800003052,234.8601531982,22.6399993896,0.0041295413,-0.0034779357,0.0018950109,-0.5900001526
2018-12-11,95.0869979858,117.5400009155,234.9135742188,21.7600002289,-0.0001683208,-0.0011903699,0.0002274330,-0.8799991607
2018-12-12,94.6630859375,117.7900009155,236.0964355469,21.4599990845,-0.0044681166,0.0021246768,0.0050226695,-0.3000011444
2018-12-13,94.4391403198,117.5299987793,236.0164184570,20.6499996185,-0.0023685149,-0.0022097760,-0.0003389744,-0.8099994660
2018-12-14,94.7670516968,117.0599975586,231.6583709717,21.6299991608,0.0034661837,-0.0040070068,-0.0186376248,0.9799995423
2018-12-17,95.3189620972,117.8700027466,227.1136169434,24.5200004578,0.0058069706,0.0068957425,-0.0198133401,2.8900012970
2018-12-18,95.8898162842,118.1500015259,226.8645935059,25.5799999237,0.0059710217,0.0023726710,-0.0010970723,1.0599994659
2018-12-19,97.1565856934,117.4300003052,223.4671478271,25.5799999237,0.0131241772,-0.0061126026,-0.0150889215,0.0000000000
2018-12-20,96.8038024902,119.2399978638,219.8295745850,28.3799991608,-0.0036376870,0.0152958369,-0.0164118285,2.7999992371
2018-12-21,96.7877883911,118.7200012207,215.3253784180,30.1100006104,-0.0001654421,-0.0043704612,-0.0207023131,1.7300014496
2018-12-24,97.2688293457,120.0199966431,209.6358032227,36.0699996948,0.0049577484,0.0108905779,-0.0267785173,5.9599990844
2018-12-26,96.2265472412,119.6600036621,220.2276458740,30.4099998474,-0.0107733033,-0.0030039490,0.0492900106,-5.6599998474
2018-12-27,96.2425994873,120.5699996948,221.9184112549,29.9599990845,0.0001668033,0.0075760760,0.0076480321,-0.4500007629
2018-12-28,97.0523376465,121.0599975586,221.6321258545,28.3400001526,0.0083783146,0.0040557757,-0.0012908808,-1.6199989319
2018-12-31,97.4211578369,121.2500000000,223.5733337402,25.4200000763,0.0037930170,0.0015682595,0.0087205588,-2.9200000763
2019-01-02,97.9342803955,121.3300018311,223.8059234619,23.2199993134,0.0052532322,0.0006595913,0.0010397878,-2.2000007629
2019-01-03,99.0487289429,122.4300003052,218.4653320312,25.4500007629,0.0113152951,0.0090253194,-0.0241519247,2.2300014495
2019-01-04,97.9022216797,121.4400024414,225.7829589844,21.3799991608,-0.0116426979,-0.0081191068,0.0329468409,-4.0700016021
2019-01-07,97.6135635376,121.8600006104,227.5632324219,21.3999996185,-0.0029527882,0.0034525161,0.0078539651,0.0200004577
2019-01-08,97.3570022583,121.5299987793,229.7012023926,20.4699993134,-0.0026317965,-0.0027117140,0.0093511998,-0.9300003051
2019-01-09,97.2046966553,122.3099975586,230.7747497559,19.9799995422,-0.0015656281,0.0063976497,0.0046627812,-0.4899997712
2019-01-10,96.5793380737,121.5899963379,231.5888061523,19.5000000000,-0.0064542030,-0.0059040863,0.0035212863,-0.4799995422
2019-01-11,96.9561462402,121.8000030518,231.6782531738,18.1900005341,0.0038939489,0.0017256811,0.0003861575,-1.3099994659
2019-01-14,96.5953903198,122.0899963379,230.2648315430,19.0699996948,-0.0037277548,0.0023780674,-0.0061194813,0.8799991607
2019-01-15,96.2425994873,121.8799972534,232.9038543701,18.6000003815,-0.0036589391,-0.0017215161,0.0113956382,-0.4699993133
2019-01-16,96.3387985229,122.2699966431,233.4674530029,19.0400009155,0.0009990481,0.0031947551,0.0024169536,0.4400005340
2019-01-17,96.3628387451,122.1100006104,235.2386474609,18.0599994659,0.0002495072,-0.0013094039,0.0075578401,-0.9800014496
2019-01-18,95.8577423096,121.0199966431,238.3696594238,17.7999992371,-0.0052553956,-0.0089664894,0.0132221396,-0.2600002288
2019-01-22,96.5071792603,121.4499969482,235.1491851807,20.7999992371,0.0067521606,0.0035468369,-0.0136025163,3.0000000000
2019-01-23,96.4670715332,121.2799987793,235.6412506104,19.5200004578,-0.0004156796,-0.0014007185,0.0020903807,-1.2799987793
2019-01-24,97.1004409790,121.0899963379,235.7664947510,18.8899993896,0.0065441943,-0.0015678713,0.0005313623,-0.6300010682
2019-01-25,96.6354446411,122.8600006104,237.7613525391,17.4200000763,-0.0048003211,0.0145114602,0.0084255640,-1.4699993133
2019-01-28,96.5392227173,123.2900009155,235.9543457031,18.8700008392,-0.0009962169,0.0034938106,-0.0076291143,1.4500007629
2019-01-29,97.0283203125,123.9800033569,235.6412506104,19.1299991608,0.0050535191,0.0055809780,-0.0013278120,0.2599983216
2019-01-30,96.9561462402,124.6900024414,239.3715972900,17.6599998474,-0.0007441222,0.0057103872,0.0157066209,-1.4699993134
2019-01-31,97.7899551392,124.7500000000,241.4739074707,16.5699996948,0.0085630879,0.0004810580,0.0087442788,-1.0900001526
2019-02-01,97.1993942261,124.5000000000,241.5901489258,16.1399993896,-0.0060573844,-0.0020060187,0.0004812673,-0.4300003052
2019-02-04,96.7654342651,123.9599990845,243.2899780273,15.7299995422,-0.0044746327,-0.0043467904,0.0070113662,-0.4099998474
2019-02-05,97.2074279785,124.2799987793,244.3096618652,15.5699996948,0.0045572816,0.0025781492,0.0041824696,-0.1599998474
2019-02-06,97.2555999756,123.4400024414,243.9876708984,15.3800001144,0.0004954361,-0.0067818469,-0.0013188318,-0.1899995804
2019-02-07,97.8984527588,123.7399978638,241.6617736816,16.3700008392,0.0065881810,0.0024273450,-0.0095785758,0.9900007248
2019-02-08,98.3162994385,124.2099990845,241.9570007324,15.7200002670,0.0042590815,0.0037911013,0.0012209083,-0.6500005722
2019-02-11,97.9305801392,123.5999984741,242.0911254883,15.9700002670,-0.0039309649,-0.0049231415,0.0005541794,0.2500000000
2019-02-12,97.6815032959,123.8600006104,245.2042999268,15.4300003052,-0.0025466420,0.0021013678,0.0127775334,-0.5399999618
2019-02-13,97.3118667603,123.3700027466,246.0004730225,15.6499996185,-0.0037912774,-0.0039639081,0.0032417185,0.2199993133
2019-02-14,97.8662872314,124.0599975586,245.4548339844,16.2199993134,0.0056811887,0.0055773075,-0.0022205041,0.5699996949
2019-02-15,98.0189971924,124.8000030518,248.1295776367,14.9099998474,0.0015591778,0.0059471805,0.0108381455,-1.3099994660
2019-02-19,98.2681274414,126.6999969482,248.5589752197,14.8800001144,0.0025384282,0.0151095829,0.0017290420,-0.0299997330
2019-02-20,97.9868698120,126.4800033569,249.0599060059,14.0200004578,-0.0028662488,-0.0017378438,0.0020133117,-0.8599996566
2019-02-21,97.1109313965,125.0500030518,248.1742858887,14.4600000381,-0.0089795405,-0.0113705377,-0.0035621889,0.4399995803
2019-02-22,97.6895294189,125.5000000000,249.7129211426,13.5100002289,0.0059404349,0.0035920768,0.0061806776,-0.9499998092
2019-02-25,97.4002456665,125.3700027466,250.0529479980,14.8500003815,-0.0029656497,-0.0010363715,0.0013607448,1.3400001526
2019-02-26,97.8823776245,125.5800018311,249.8739929199,15.1700000763,0.0049377966,0.0016736332,-0.0007159250,0.3199996948
2019-02-27,96.7734603882,124.6900024414,249.7666931152,14.6999998093,-0.0113937424,-0.0071123437,-0.0004295079,-0.4700002670
2019-02-28,96.4440155029,123.9899978638,249.3014221191,14.7799997330,-0.0034100974,-0.0056297766,-0.0018645596,0.0799999237
2019-03-01,95.5525970459,121.8799972534,250.8581390381,13.5699996948,-0.0092858395,-0.0171639684,0.0062249013,-1.2100000382
2019-03-04,96.3014755249,121.5599975586,249.9455413818,14.6300001144,0.0078067906,-0.0026289836,-0.0036445366,1.0600004196
2019-03-05,96.5028152466,121.7200012207,249.6055755615,14.7399997711,0.0020885406,0.0013153871,-0.0013610854,0.1099996567
2019-03-06,96.8571243286,121.6100006104,248.0937652588,15.7399997711,0.0036647661,-0.0009041270,-0.0060752138,1.0000000000
2019-03-07,97.4852066040,121.5100021362,246.0184478760,16.5900001526,0.0064636918,-0.0008226265,-0.0084002359,0.8500003815
2019-03-08,97.8958663940,122.8399963379,245.5262908936,16.0499992371,0.0042036866,0.0108860843,-0.0020024918,-0.5400009155
2019-03-11,97.6059951782,122.2399978638,249.0867919922,14.3299999237,-0.0029654084,-0.0048963578,0.0143973652,-1.7199993134
2019-03-12,98.2904434204,122.9800033569,250.0260925293,13.7700004578,0.0069878864,0.0060354599,0.0037638846,-0.5599994659
2019-03-13,98.1052551270,123.8399963379,251.6810760498,13.4099998474,-0.0018858697,0.0069686124,0.0065974322,-0.3600006104
2019-03-14,97.3966369629,122.4100036621,251.5200653076,13.5000000000,-0.0072492523,-0.0116142843,-0.0006399459,0.0900001526
2019-03-15,98.0408172607,122.9700012207,252.7626342773,12.8800001144,0.0065922127,0.0045643371,0.0049280750,-0.6199998856
2019-03-18,97.9844665527,123.0400009155,253.6791534424,13.1000003815,-0.0005749331,0.0005690801,0.0036194492,0.2200002671
2019-03-19,97.7670440674,123.3799972534,253.7420501709,13.5600004196,-0.0022214140,0.0027594883,0.0002479074,0.4600000381
2019-03-20,98.7897491455,124.1800003052,252.9783477783,13.9099998474,0.0104062983,0.0064631269,-0.0030142973,0.3499994278
2019-03-21,99.0071182251,123.6800003052,255.8356781006,13.6300001144,0.0021979030,-0.0040345411,0.0112314528,-0.2799997330
2019-03-22,100.5452117920,123.9700012207,250.9116973877,16.4799995422,0.0154157461,0.0023420234,-0.0194342820,2.8499994278
2019-03-25,100.7062683105,124.9199981689,250.7230682373,16.3299999237,0.0016005502,0.0076339071,-0.0007520578,-0.1499996185
2019-03-26,100.6337585449,124.3000030518,252.5919799805,14.6800003052,-0.0007202718,-0.0049754947,0.0074264433,-1.6499996185
2019-03-27,101.5598373413,123.6500015259,251.2712249756,15.1499996185,0.0091603818,-0.0052430168,-0.0052425262,0.4699993133
2019-03-28,101.9141464233,121.9000015259,252.2236328125,14.4300003052,0.0034826019,-0.0142539573,0.0037831925,-0.7199993133
2019-03-29,101.8175582886,122.0100021362,253.8139343262,13.7100000381,-0.0009481896,0.0009019771,0.0062853308,-0.7200002671
2019-04-01,100.3713378906,121.5299987793,256.8239746094,13.3999996185,-0.0143058802,-0.0039418903,0.0117894700,-0.3100004196
2019-04-02,100.5569458008,121.9800033569,256.9497680664,13.3599996567,0.0018475046,0.0036959886,0.0004896843,-0.0399999618
2019-04-03,99.6853485107,121.8000030518,257.3541564941,13.7399997711,-0.0087054815,-0.0014767441,0.0015725663,0.3800001144
2019-04-04,99.9677886963,122.1100006104,258.0369873047,13.5799999237,0.0028293107,0.0025419025,0.0026497592,-0.1599998474
2019-04-05,100.0969161987,121.9800033569,259.2860107422,12.8199996948,0.0012908576,-0.0010651585,0.0048288047,-0.7600002289
2019-04-08,99.7418136597,122.5100021362,259.4835815430,13.1800003052,-0.0035538948,0.0043355524,0.0007616900,0.3600006104
2019-04-09,100.0565948486,123.1500015259,258.1538696289,14.2799997330,0.0031509906,0.0052104602,-0.0051376300,1.0999994278
2019-04-10,100.2986755371,123.5299987793,259.0343627930,13.3000001907,0.0024165155,0.0030808947,0.0034049267,-0.9799995423
2019-04-11,99.7095642090,121.9499969482,258.9625549316,13.0200004578,-0.0058908876,-0.0128729320,-0.0002772521,-0.2799997329
2019-04-12,98.9993438721,121.8300018311,260.7145690918,12.0100002289,-0.0071483797,-0.0009844542,0.0067427282,-1.0100002289
2019-04-15,99.2495040894,121.5999984741,260.5438842773,12.3199996948,0.0025237004,-0.0018896884,-0.0006548952,0.3099994659
2019-04-16,98.6280975342,120.5100021362,260.7145690918,12.1800003052,-0.0062807371,-0.0090042022,0.0006548952,-0.1399993896
2019-04-17,98.6684646606,120.2799987793,260.0766296387,12.6000003815,0.0004092025,-0.0019104068,-0.0024498869,0.4200000763
2019-04-18,99.1849594116,120.3700027466,260.5887756348,12.0900001526,0.0052209956,0.0007480072,0.0019672756,-0.5100002289
2019-04-22,98.7087936401,120.3700027466,260.8135070801,12.4200000763,-0.0048123469,0.0000000000,0.0008620271,0.3299999237
2019-04-23,98.9186172485,120.1200027466,263.1585693359,12.2799997330,0.0021234270,-0.0020790892,0.0089511561,-0.1400003433
2019-04-24,99.7257232666,120.4700012207,262.5745544434,13.1400003433,0.0081261863,0.0029095034,-0.0022217171,0.8600006103
2019-04-25,99.5804061890,120.5699996948,262.4127807617,13.2500000000,-0.0014582301,0.0008297252,-0.0006162956,0.1099996567
2019-04-26,99.9193572998,121.3700027466,263.6348266602,12.7299995422,0.0033980134,0.0066132592,0.0046461502,-0.5200004578
2019-04-29,99.2818374634,120.8300018311,264.0481567383,13.1099996567,-0.0064007850,-0.0044591396,0.0015665851,0.3800001145
2019-04-30,99.7902069092,121.1999969482,264.1828308105,13.1199998856,0.0051074027,0.0030574343,0.0005099060,0.0100002289
2019-05-01,100.2019042969,120.4000015259,262.1971130371,14.8000001907,0.0041171421,-0.0066225029,-0.0075448437,1.6800003051
2019-05-02,99.7247543335,119.9400024414,261.6310424805,14.4200000763,-0.0047732591,-0.0038279075,-0.0021612843,-0.3800001144
2019-05-03,100.0077972412,120.6500015259,264.1918945312,12.8699998856,0.0028342210,0.0059021666,0.0097404359,-1.5500001907
2019-05-06,100.2827911377,120.8099975586,263.1045837402,15.4399995804,0.0027459510,0.0013252386,-0.0041241024,2.5699996948
2019-05-07,101.0510330200,121.2099990845,258.7109069824,19.3199996948,0.0076315603,0.0033055276,-0.0168403609,3.8800001144
2019-05-08,100.6143112183,120.9100036621,258.3514404297,19.3999996185,-0.0043311605,-0.0024780735,-0.0013904188,0.0799999237
2019-05-09,101.0267944336,121.1999969482,257.5697326660,19.1000003815,0.0040912669,0.0023955510,-0.0030303403,-0.2999992370
2019-05-10,100.8893203735,121.4300003052,258.8636474609,16.0400009155,-0.0013616950,0.0018959191,0.0050109755,-3.0599994660
2019-05-13,101.6818542480,122.6699981689,252.3583831787,20.5499992371,0.0078247847,0.0101598405,-0.0254512327,4.5099983216
2019-05-14,101.3826370239,122.4599990845,254.6405944824,18.0599994659,-0.0029470188,-0.0017133695,0.0090028849,-2.4899997712
2019-05-15,102.0053634644,122.3899993896,256.1321716309,16.4400005341,0.0061235509,-0.0005717762,0.0058404891,-1.6199989318
2019-05-16,101.6656875610,121.5100021362,258.5041809082,15.2899999619,-0.0033355375,-0.0072160809,0.0092182609,-1.1500005722
2019-05-17,101.8921585083,120.6500015259,256.8329467773,15.9600000381,0.0022251271,-0.0071027768,-0.0064860065,0.6700000762
2019-05-20,101.6818542480,120.6399993896,255.1348266602,16.3099994659,-0.0020661216,-0.0000829055,-0.0066337236,0.3499994278
2019-05-21,101.5201339722,120.3600006104,257.4349670410,14.9499998093,-0.0015917198,-0.0023236424,0.0089749956,-1.3599996566
2019-05-22,102.1024169922,120.2399978638,256.6442871094,14.7500000000,0.0057192546,-0.0009975292,-0.0030761037,-0.1999998093
2019-05-23,103.2508087158,121.1699981689,253.5084686279,16.9200000763,0.0111846667,0.0077047755,-0.0122938000,2.1700000763
2019-05-24,103.3397750854,121.3000030518,254.0834960938,15.8500003815,0.0008612820,0.0010723380,0.0022657085,-1.0699996948
2019-05-28,104.0838165283,120.8300018311,251.7204437256,17.5000000000,0.0071741563,-0.0038822269,-0.0093438163,1.6499996185
2019-05-29,104.3992156982,120.8700027466,250.0312042236,17.8999996185,0.0030256602,0.0003309964,-0.0067333945,0.3999996185
2019-05-30,105.2969284058,121.6900024414,250.7140655518,17.2999992371,0.0085620858,0.0067612368,0.0027273817,-0.6000003814
2019-05-31,106.6151199341,123.3300018311,247.3356018066,18.7099990845,0.0124410909,0.0133868570,-0.0135669825,1.4099998474
2019-06-03,107.3282318115,125.1100006104,246.7066040039,18.8600006104,0.0066663863,0.0143296508,-0.0025463336,0.1500015259
2019-06-04,106.1045532227,125.1500015259,252.0618743896,16.9699993134,-0.0114667669,0.0003196749,0.0214747981,-1.8900012970
2019-06-05,105.5049133301,125.4700012207,254.2453002930,16.0900001526,-0.0056674355,0.0025536658,0.0086249595,-0.8799991608
2019-06-06,105.8452529907,125.8799972534,255.8985290527,15.9300003052,0.0032206263,0.0032623545,0.0064814448,-0.1599998474
2019-06-07,106.7610626221,126.5899963379,258.4593811035,16.2999992371,0.0086151279,0.0056244383,0.0099575535,0.3699989319
2019-06-10,105.7561187744,125.3300018311,259.6453247070,15.9399995804,-0.0094576009,-0.0100032155,0.0045780155,-0.3599996567
2019-06-11,105.8209838867,125.1800003052,259.5824279785,15.9899997711,0.0006131582,-0.0011975693,-0.0002422703,0.0500001907
2019-06-12,105.9020004272,125.8300018311,259.1242370605,15.9099998474,0.0007653070,0.0051791002,-0.0017666672,-0.0799999237
2019-06-13,106.2666778564,126.5999984741,260.1934814453,15.8199996948,0.0034376213,0.0061006935,0.0041178872,-0.0900001526
2019-06-14,106.5341110229,126.5599975586,259.9059143066,15.2799997330,0.0025134616,-0.0003160129,-0.0011058162,-0.5399999618
2019-06-17,106.7205123901,126.4800033569,260.0048217773,15.3500003815,0.0017481583,-0.0006322653,0.0003804787,0.0700006485
2019-06-18,107.2553710938,127.1200027466,262.7272338867,15.1499996185,0.0049992533,0.0050473244,0.0104161843,-0.2000007630
2019-06-19,107.4093170166,127.8899993896,263.3202819824,14.3299999237,0.0014342922,0.0060389708,0.0022547330,-0.8199996948
2019-06-20,107.6929397583,131.1100006104,265.8361816406,14.7500000000,0.0026370984,0.0248661555,0.0095091671,0.4200000763
2019-06-21,106.5097808838,131.9799957275,265.4497070312,15.3999996185,-0.0110472071,0.0066136934,-0.0014548652,0.6499996185
2019-06-24,107.3039703369,133.9400024414,265.1247253418,15.2600002289,0.0074288309,0.0147415931,-0.0012250184,-0.1399993896
2019-06-25,107.6362075806,134.1999969482,262.5244445801,16.2800006866,0.0030914416,0.0019392451,-0.0098561770,1.0200004577
2019-06-26,106.9474029541,132.9700012207,262.2624816895,16.2099990845,-0.0064199404,-0.0092076537,-0.0009983591,-0.0700016021
2019-06-27,107.7010726929,132.8399963379,263.1924438477,15.8199996948,0.0070223917,-0.0009781791,0.0035396495,-0.3899993897
2019-06-28,107.6281051636,133.1999969482,264.5468139648,15.0799999237,-0.0006777301,0.0027063663,0.0051327358,-0.7399997711
2019-07-01,107.3764190674,130.6199951172,266.9484863281,14.0600004196,-0.0023412178,-0.0195594281,0.0090374786,-1.0199995041
2019-07-02,108.2046432495,133.4100036621,267.6437377930,12.9300003052,0.0076836829,0.0211348135,0.0026010549,-1.1300001144
2019-07-03,108.9760131836,133.6300048828,269.7835998535,12.5699996948,0.0071035164,0.0016477027,0.0079633961,-0.3600006104
2019-07-05,107.5307006836,132.1399993896,269.4765930176,13.2799997330,-0.0133514009,-0.0112128614,-0.0011386224,0.7100000382
2019-07-08,107.6768341064,131.2899932861,267.9959106445,13.9600000381,0.0013580700,-0.0064533962,-0.0055098116,0.6800003051
2019-07-09,107.6362304688,131.7500000000,268.3299560547,14.0900001526,-0.0003771591,0.0034976216,0.0012456809,0.1300001145
2019-07-10,107.0434951782,133.8300018311,269.6120605469,13.0299997330,-0.0055220566,0.0156641641,0.0047667105,-1.0600004196
2019-07-11,105.6143951416,132.6999969482,270.2439880371,12.9300003052,-0.0134405692,-0.0084794332,0.0023410973,-0.0999994278
2019-07-12,105.7362136841,133.5299987793,271.4539489746,12.3900003433,0.0011527628,0.0062352442,0.0044672976,-0.5399999619
2019-07-15,106.3452224731,133.5299987793,271.5443115234,12.6800003052,0.0057431756,0.0000000000,0.0003328281,0.2899999619
2019-07-16,106.0285415649,132.3999938965,270.6684570312,12.8599996567,-0.0029823000,-0.0084985652,-0.0032306700,0.1799993515
2019-07-17,107.1734313965,134.5800018311,268.8265075684,13.9700002670,0.0107400586,0.0163312340,-0.0068284479,1.1100006103
2019-07-18,107.1815338135,136.4799957275,269.8106994629,13.5299997330,0.0000755981,0.0140192211,0.0036543818,-0.4400005340
2019-07-19,106.9298171997,134.4700012207,268.3117980957,14.4499998093,-0.0023512694,-0.0148369175,-0.0055708700,0.9200000763
2019-07-22,107.1328125000,134.4499969482,268.9710388184,13.5299997330,0.0018965978,-0.0001487749,0.0024539814,-0.9200000763
2019-07-23,106.5481719971,133.6900024414,270.8941650391,12.6099996567,-0.0054721010,-0.0056686548,0.0071244983,-0.9200000763
2019-07-24,107.0110244751,134.3699951172,272.1671752930,12.0699996948,0.0043346595,0.0050734473,0.0046882829,-0.5399999619
2019-07-25,106.4994506836,133.4199981689,270.8671264648,12.7399997711,-0.0047920344,-0.0070951190,-0.0047881002,0.6700000763
2019-07-26,106.7511444092,133.6399993896,272.6818847656,12.1599998474,0.0023605453,0.0016475794,0.0066774661,-0.5799999237
2019-07-29,106.7836456299,134.5299987793,272.1852416992,12.8299999237,0.0003044115,0.0066376005,-0.0018229883,0.6700000763
2019-07-30,107.0434951782,134.9799957275,271.5171508789,13.9399995804,0.0024304649,0.0033393742,-0.0024575620,1.1099996567
2019-07-31,107.9041824341,133.2100067139,268.5466613770,16.1200008392,0.0080083848,-0.0131997069,-0.0110006240,2.1800012588
2019-08-01,110.0472030640,136.4100036621,266.2081298828,17.8700008392,0.0196657589,0.0237382026,-0.0087462382,1.7500000000
2019-08-02,111.0641708374,135.8899993896,264.2037353516,17.6100006104,0.0091987574,-0.0038193529,-0.0075579157,-0.2600002288
2019-08-05,112.9842910767,137.7899932861,256.2583007812,24.5900001526,0.0171406421,0.0138850078,-0.0305346071,6.9799995422
2019-08-06,113.8873825073,138.9100036621,259.8518676758,20.1700000763,0.0079612954,0.0080955295,0.0139258057,-4.4200000763
2019-08-07,113.9280700684,141.0200042725,260.0053710938,19.4899997711,0.0003571976,0.0150754868,0.0005905599,-0.6800003052
2019-08-08,114.1721572876,141.7299957275,265.1066894531,16.9099998474,0.0021401760,0.0050220544,0.0194300578,-2.5799999237
2019-08-09,113.9443283081,141.2599945068,263.3008117676,17.9699993134,-0.0019974800,-0.0033216839,-0.0068351971,1.0599994660
2019-08-12,116.3200378418,142.6300048828,260.0956115723,21.0900001526,0.0206353582,0.0096517737,-0.0122478493,3.1200008392
2019-08-13,115.9213714600,141.7799987793,264.1405639648,17.5200004578,-0.0034332101,-0.0059773470,0.0154321005,-3.5699996948
2019-08-14,118.5330200195,142.7500000000,256.3305664062,22.1000003815,0.0222794427,0.0068182967,-0.0300135142,4.5799999237
2019-08-15,119.8510894775,143.6999969482,257.0077209473,21.1800003052,0.0110584795,0.0066329233,0.0026382405,-0.9200000763
2019-08-16,118.8910217285,142.7799987793,260.7998352051,18.4699993134,-0.0080427614,-0.0064227963,0.0146470711,-2.7100009918
2019-08-19,117.1905441284,141.1100006104,263.9419250488,16.8799991608,-0.0144060973,-0.0117652431,0.0119758999,-1.5900001526
2019-08-20,118.4028625488,142.2100067139,261.9194030762,17.5000000000,0.0102917067,0.0077651532,-0.0076922635,0.6200008392
2019-08-21,117.6136322021,141.7599945068,264.0502319336,15.8000001907,-0.0066879503,-0.0031694375,0.0081025229,-1.6999998093
2019-08-22,116.8325881958,141.3999938965,263.9689636230,16.6800003052,-0.0066629088,-0.0025427378,-0.0003078233,0.8800001145
2019-08-23,118.7527084351,144.1699981689,257.1882324219,19.8700008392,0.0163012105,0.0194004358,-0.0260232955,3.1900005340
2019-08-26,118.2726516724,144.1900024414,260.0324096680,19.3199996948,-0.0040506840,0.0001387451,0.0109980371,-0.5500011444
2019-08-27,120.0951538086,145.5700073242,259.0121154785,20.3099994659,0.0152918105,0.0095252296,-0.0039314373,0.9899997711
2019-08-28,120.2497253418,145.1600036621,260.8359680176,19.3500003815,0.0012862480,-0.0028205133,0.0070168962,-0.9599990844
2019-08-29,119.7941207886,144.1199951172,264.1676330566,17.8799991608,-0.0037960157,-0.0071903556,0.0126921406,-1.4700012207
2019-08-30,119.8266601562,143.7500000000,264.0502319336,18.9799995422,0.0002715905,-0.0025705723,-0.0004445178,1.1000003814
2019-09-03,119.9815368652,145.7500000000,262.5061950684,19.6599998474,0.0012916717,0.0138171456,-0.0058646755,0.6800003052
2019-09-04,120.1608047485,146.6600036621,265.4858398438,17.3299999237,0.0014930138,0.0062241824,0.0112868233,-2.3299999237
2019-09-05,117.9847183228,143.1399993896,268.8987731934,16.2700004578,-0.0182757750,-0.0242938396,0.0127734956,-1.0599994659
2019-09-06,118.8241348267,141.9199981689,269.1064453125,15.0000000000,0.0070894311,-0.0085596624,0.0007720079,-1.2700004578
2019-09-09,116.7132263184,141.3899993896,269.2418823242,15.2700004578,-0.0179246725,-0.0037414804,0.0005031576,0.2700004578
2019-09-10,114.6675033569,140.1799926758,269.1786804199,15.1999998093,-0.0176832035,-0.0085947665,-0.0002347678,-0.0700006485
2019-09-11,114.4637374878,141.0299987793,271.0928039551,14.6099996567,-0.0017785957,0.0060453662,0.0070858137,-0.5900001526
2019-09-12,113.7139129639,141.3200073242,272.0317993164,14.2200002670,-0.0065723108,0.0020542493,0.0034577564,-0.3899993897
2019-09-13,111.2850341797,140.1499938965,271.8511962891,13.7399997711,-0.0215909734,-0.0083136403,-0.0006641246,-0.4800004959
2019-09-16,112.7032775879,141.3200073242,271.0114746094,14.6700000763,0.0126637176,0.0083136403,-0.0030936824,0.9300003052
2019-09-17,113.3145065308,141.6000061035,271.6976928711,14.4399995804,0.0054086933,0.0019793500,0.0025288632,-0.2300004959
2019-09-18,113.7953720093,140.7100067139,271.8602905273,13.9499998093,0.0042346568,-0.0063051418,0.0005982716,-0.4899997711
2019-09-19,114.1376571655,141.2799987793,271.8421325684,14.0500001907,0.0030033858,0.0040426457,-0.0000667937,0.1000003814
2019-09-20,115.6454925537,142.9499969482,270.5578308105,15.3199996948,0.0131241741,0.0117511692,-0.0047356351,1.2699995041
2019-09-23,115.6210403442,143.7500000000,270.4942321777,14.9099998474,-0.0002114635,0.0055807823,-0.0002350925,-0.4099998474
2019-09-24,117.0147552490,144.5099945068,268.3718261719,17.0499992371,0.0119820905,0.0052729916,-0.0078773452,2.1399993897
2019-09-25,115.3031768799,141.8300018311,269.9591369629,15.9600000381,-0.0147350600,-0.0187195011,0.0058971729,-1.0899991990
2019-09-26,116.0448989868,141.7899932861,269.3967285156,16.0699996948,0.0064121964,-0.0002821278,-0.0020854827,0.1099996567
2019-09-27,116.3301849365,141.0599975586,267.9454345703,17.2199993134,0.0024553931,-0.0051617279,-0.0054017629,1.1499996186
2019-09-30,116.6153869629,138.8699951172,269.1880493164,16.2399997711,0.0024486593,-0.0156471059,0.0046268460,-0.9799995423
2019-10-01,116.9664993286,139.6300048828,265.9862060547,18.5599994659,0.0030063344,0.0054578934,-0.0119657530,2.3199996948
2019-10-02,117.2521820068,141.2599945068,261.2875671387,20.5599994659,0.0024394537,0.0116060232,-0.0178228599,2.0000000000
2019-10-03,118.3217697144,141.8999938965,263.4283752441,19.1200008392,0.0090807583,0.0045204161,0.0081599197,-1.4399986267
2019-10-04,119.1954498291,141.8999938965,266.9930419922,17.0400009155,0.0073568060,0.0000000000,0.0134410878,-2.0799999237
2019-10-07,118.2075271606,140.6900024414,265.8411254883,17.8600006104,-0.0083227968,-0.0085636354,-0.0043237404,0.8199996949
2019-10-08,118.5259094238,141.9199981689,261.7139892578,20.2800006866,0.0026897971,0.0087045999,-0.0156465943,2.4200000762
2019-10-09,117.8564605713,142.0500030518,264.1992492676,18.6399993896,-0.0056641334,0.0009156241,0.0094512871,-1.6400012970
2019-10-10,116.1010513306,140.8099975586,265.9862060547,17.5699996948,-0.0150065041,-0.0087676832,0.0067408999,-1.0699996948
2019-10-11,114.6640777588,140.0299987793,268.7437133789,15.5799999237,-0.0124541533,-0.0055547699,0.0103137366,-1.9899997711
2019-10-14,115.4968566895,140.5899963379,268.4443969727,14.5699996948,0.0072365240,0.0039911504,-0.0011143822,-1.0100002289
2019-10-15,114.1007003784,139.6100006104,271.1019592285,13.5399999619,-0.0121619196,-0.0069950017,0.0098511786,-1.0299997329
2019-10-16,114.2395095825,140.4100036621,270.6665649414,13.6800003052,0.0012158106,0.0057139148,-0.0016073078,0.1400003433
2019-10-17,113.9618835449,140.6100006104,271.4647521973,13.7899999619,-0.0024331681,0.0014233647,0.0029446291,0.1099996567
2019-10-18,113.9618835449,140.4600067139,270.2766418457,14.2500000000,0.0000000000,-0.0010673064,-0.0043862709,0.4600000381
2019-10-21,113.1045761108,139.7899932861,272.1089477539,14.0000000000,-0.0075511946,-0.0047815501,0.0067564954,-0.2500000000
2019-10-22,113.7659454346,140.1999969482,271.2199707031,14.4600000381,0.0058303846,0.0029287044,-0.0032723377,0.4600000381
2019-10-23,113.8802413940,140.5299987793,272.0091552734,14.0100002289,0.0010041545,0.0023510276,0.0029055332,-0.4499998092
2019-10-24,113.6516571045,141.5299987793,272.4536132812,13.7100000381,-0.0020092512,0.0070907197,0.0016326483,-0.3000001908
2019-10-25,113.0964508057,141.8600006104,273.5692138672,12.6499996185,-0.0048971294,0.0023289600,0.0040862839,-1.0600004196
2019-10-28,112.0677185059,140.6399993896,275.1112365723,13.1099996567,-0.0091376835,-0.0086372305,0.0056208555,0.4600000382
2019-10-29,112.1412124634,140.2500000000,275.0295410156,13.1999998093,0.0006555846,-0.0027768852,-0.0002969987,0.0900001526
2019-10-30,113.7823104858,141.0200042725,275.8732299805,12.3299999237,0.0145281630,0.0054752102,0.0030629348,-0.8699998856
2019-10-31,115.3172988892,142.4299926758,275.1383361816,13.2200002670,0.0134003840,0.0099488449,-0.0026674367,0.8900003433
2019-11-01,114.9622268677,142.5599975586,277.6873168945,12.3000001907,-0.0030838374,0.0009123471,0.0092217095,-0.9200000763
2019-11-04,113.4491882324,142.1499938965,278.8029174805,12.8299999237,-0.0132485565,-0.0028801514,0.0040094220,0.5299997330
2019-11-05,112.1732482910,139.8500061035,278.4945373535,13.1000003815,-0.0113105200,-0.0163123319,-0.0011066986,0.2700004578
2019-11-06,112.8521118164,140.4499969482,278.5580444336,12.6199998856,0.0060336807,0.0042810685,0.0002280111,-0.4800004959
2019-11-07,110.8073806763,138.2700042725,279.5376281738,12.7299995422,-0.0182848319,-0.0156432055,0.0035104545,0.1099996566
2019-11-08,110.3412094116,137.3899993896,280.2269897461,12.0699996948,-0.0042159161,-0.0063847338,0.0024630421,-0.6599998474
2019-11-11,110.4148254395,137.0599975586,279.6918334961,12.6899995804,0.0006669447,-0.0024048241,-0.0019115500,0.6199998856
2019-11-12,110.9219360352,137.4299926758,280.2815246582,12.6800003052,0.0045822617,0.0026958749,0.0021061408,-0.0099992752
2019-11-13,111.6416397095,137.9799957275,280.3721923828,13.0000000000,0.0064674211,0.0039940729,0.0003234357,0.3199996948
2019-11-14,112.7948837280,138.5599975586,280.7803649902,13.0500001907,0.0102768850,0.0041947110,0.0014547655,0.0500001907
2019-11-15,112.6721878052,138.2100067139,282.8121643066,12.0500001907,-0.0010883712,-0.0025291110,0.0072102025,-1.0000000000
2019-11-18,112.8766555786,138.6199951172,283.0208129883,12.4600000381,0.0018130692,0.0029620251,0.0007374922,0.4099998474
2019-11-19,113.8172149658,138.6900024414,282.9391479492,12.8599996567,0.0082981051,0.0005049030,-0.0002885895,0.3999996186
2019-11-20,114.9950027466,138.7599945068,281.8869323730,12.7799997330,0.0102948889,0.0005045382,-0.0037258081,-0.0799999237
2019-11-21,114.2752532959,138.0000000000,281.4334716797,13.1300001144,-0.0062786323,-0.0054920974,-0.0016099569,0.3500003814
2019-11-22,114.4224700928,137.7400054932,282.0593261719,12.3400001526,0.0012874358,-0.0018857952,0.0022213407,-0.7899999618
2019-11-25,114.7578277588,137.0800018311,284.2453002930,11.8699998856,0.0029265858,-0.0048031796,0.0077201735,-0.4700002670
2019-11-26,115.4285278320,137.7400054932,284.8892822266,11.5399999619,0.0058274694,0.0048031796,0.0022630226,-0.3299999237
2019-11-27,115.0931091309,137.0099945068,286.1592407227,11.7500000000,-0.0029100864,-0.0053140142,0.0044478202,0.2100000381
2019-11-29,114.8477859497,137.8600006104,285.0979614258,12.6199998856,-0.0021337942,0.0061848061,-0.0037155961,0.8699998856
2019-12-02,113.3164672852,137.7899932861,282.6761779785,14.9099998474,-0.0134231514,-0.0005079436,-0.0085308504,2.2899999618
2019-12-03,115.6924285889,139.1100006104,280.7803649902,15.9600000381,0.0207506922,0.0095342532,-0.0067292506,1.0500001907
2019-12-04,114.5372848511,138.9199981689,282.5127258301,14.8000001907,-0.0100347902,-0.0013667768,0.0061508523,-1.1599998474
2019-12-05,113.9801406860,139.0000000000,283.0208129883,14.5200004578,-0.0048761732,0.0005757184,0.0017968423,-0.2799997329
2019-12-06,113.3493041992,137.6199951172,285.6059570312,13.6199998856,-0.0055499903,-0.0099777048,0.0090926491,-0.9000005722
2019-12-09,113.5950927734,137.5800018311,284.7078857422,15.8599996567,0.0021660695,-0.0002906489,-0.0031493959,2.2399997711
2019-12-10,113.6032409668,137.9700012207,284.3903808594,15.6800003052,0.0000717276,0.0028306997,-0.0011158175,-0.1799993515
2019-12-11,114.4963073730,138.9199981689,285.1977233887,14.9899997711,0.0078305369,0.0068619356,0.0028348312,-0.6900005341
2019-12-12,112.6119079590,138.4299926758,287.6559143066,13.9399995804,-0.0165951078,-0.0035334849,0.0085823179,-1.0500001907
2019-12-13,113.9145660400,139.0500030518,287.8282775879,12.6300001144,0.0115012821,0.0044688728,0.0005990201,-1.3099994660
2019-12-16,112.8904495239,139.0399932861,289.8056945801,12.1400003433,-0.0090308715,-0.0000719894,0.0068466358,-0.4899997711
2019-12-17,112.7347793579,139.0099945068,289.8691101074,12.2899999619,-0.0013799006,-0.0002157798,0.0002187969,0.1499996186
2019-12-18,111.8090133667,139.0200042725,289.8872680664,12.5799999237,-0.0082457967,0.0000720049,0.0000626400,0.2899999618
2019-12-19,111.9878845215,139.3800048828,291.0755004883,12.5000000000,0.0015985136,0.0025862126,0.0040905688,-0.0799999237
2019-12-20,112.1356353760,139.5200042725,292.3515930176,12.5100002289,0.0013184772,0.0010039397,0.0043744782,0.0100002289
2019-12-23,111.9714508057,139.9499969482,292.7981872559,12.6099996567,-0.0014652335,0.0030772034,0.0015264274,0.0999994278
2019-12-24,112.2915267944,141.2700042725,292.8073425293,12.6700000763,0.0028544721,0.0093877890,0.0000312677,0.0600004196
2019-12-26,112.5623321533,142.3800048828,294.3659973145,12.6499996185,0.0024087244,0.0078265908,0.0053090232,-0.0200004578
2019-12-27,112.6854248047,142.3300018311,294.2932128906,13.4300003052,0.0010929535,-0.0003512560,-0.0002472888,0.7800006867
2019-12-30,112.2750854492,142.6300048828,292.6706542969,14.8199996948,-0.0036481053,0.0021055808,-0.0055286631,1.3899993896
2019-12-31,111.1755065918,142.8999938965,293.3815612793,13.7799997330,-0.0098418870,0.0018911435,0.0024260887,-1.0399999618
2020-01-02,112.4310455322,143.9499969482,296.1253051758,12.4700002670,0.0112300120,0.0073209536,0.0093086743,-1.3099994660
2020-01-03,114.1624984741,145.8600006104,293.8829650879,14.0200004578,0.0152827535,0.0131812659,-0.0076010829,1.5500001908
2020-01-06,113.5142059326,147.3899993896,295.0041503906,13.8500003815,-0.0056948672,0.0104348690,0.0038078152,-0.1700000763
2020-01-07,112.9562377930,147.9700012207,294.1746826172,13.7899999619,-0.0049275240,0.0039274281,-0.0028156759,-0.0600004196
2020-01-08,112.2094497681,146.8600006104,295.7424926758,13.4499998093,-0.0066332555,-0.0075298026,0.0053153691,-0.3400001526
2020-01-09,112.6033782959,146.0299987793,297.7477722168,12.5399999619,0.0035045058,-0.0056676845,0.0067576076,-0.9099998474
2020-01-10,113.6044311523,146.9100036621,296.8909912109,12.5600004196,0.0088507943,0.0060081076,-0.0028816877,0.0200004577
2020-01-13,113.2598266602,145.8200073242,298.9327392578,12.3199996948,-0.0030379819,-0.0074471447,0.0068535573,-0.2400007248
2020-01-14,113.8424682617,145.6900024414,298.4769897461,12.3900003433,0.0051311052,-0.0008919412,-0.0015257522,0.0700006485
2020-01-15,114.5974502563,146.5399932861,299.1515197754,12.4200000763,0.0066099196,0.0058172895,0.0022573566,0.0299997330
2020-01-16,114.2363357544,146.3099975586,301.6398925781,12.3199996948,-0.0031561319,-0.0015707412,0.0082836971,-0.1000003815
2020-01-17,113.2598266602,146.5800018311,302.5787658691,12.1000003815,-0.0085848929,0.0018437253,0.0031077294,-0.2199993133
2020-01-21,114.4497070312,146.7400054932,301.9863281250,12.8500003815,0.0104509564,0.0010909837,-0.0019598814,0.7500000000
2020-01-22,114.8518066406,146.7899932861,302.0227661133,12.9099998474,0.0035071728,0.0003405975,0.0001206538,0.0599994659
2020-01-23,115.6560211182,147.1199951172,302.3692016602,12.9799995422,0.0069777912,0.0022455989,0.0011463937,0.0699996948
2020-01-24,116.5914764404,147.9799957275,299.6802368164,14.5600004196,0.0080557198,0.0058285535,-0.0089327638,1.5800008774
2020-01-27,118.4049758911,148.9900054932,294.8765869141,18.2299995422,0.0154345773,0.0068021258,-0.0161591096,3.6699991226
2020-01-28,117.4777603149,147.6600036621,297.9665527344,16.2800006866,-0.0078617059,-0.0089668680,0.0104243217,-1.9499988556
2020-01-29,118.6265792847,148.4600067139,297.7205200195,16.3899993896,0.0097315283,0.0054032485,-0.0008260469,0.1099987030
2020-01-30,118.6429824829,148.4700012207,298.6867065430,15.4899997711,0.0001382664,0.0000673189,0.0032400257,-0.8999996185
2020-01-31,119.7262039185,149.3300018311,293.2631225586,18.8400001526,0.0090886654,0.0057757085,-0.0183249846,3.3500003815
2020-02-03,119.6292037964,148.3600006104,295.4416503906,17.9699993134,-0.0008105113,-0.0065168776,0.0074011215,-0.8700008392
2020-02-04,118.0180969238,146.4299926758,299.9444885254,16.0499992371,-0.0135590141,-0.0130943082,0.0151260625,-1.9200000763
2020-02-05,116.7276687622,146.6100006104,303.4082641602,15.1499996185,-0.0109943722,0.0012285556,0.0114818858,-0.8999996186
2020-02-06,117.2537307739,147.3999938965,304.4292907715,14.9600000381,0.0044966215,0.0053739342,0.0033595409,-0.1899995804
2020-02-07,118.7168121338,147.7899932861,302.8066711426,15.4700002670,0.0124007013,0.0026423635,-0.0053442931,0.5100002289
2020-02-10,119.0456619263,148.1699981689,305.0672607422,15.0399999619,0.0027662061,0.0025679491,0.0074377265,-0.4300003051
2020-02-11,118.4456024170,147.6600036621,305.5959167480,15.1800003052,-0.0050533293,-0.0034478924,0.0017314165,0.1400003433
2020-02-12,117.8455734253,147.5399932861,307.5649414062,13.7399997711,-0.0050787363,-0.0008130785,0.0064225607,-1.4400005341
2020-02-13,118.2976226807,148.3800048828,307.2366943359,14.1499996185,0.0038286075,0.0056773037,-0.0010678147,0.4099998474
2020-02-14,118.8154602051,149.0000000000,307.7289428711,13.6800003052,0.0043678598,0.0041697223,0.0016008980,-0.4699993133
2020-02-18,119.6292037964,150.9100036621,306.9358520508,14.8299999237,0.0068254557,0.0127373510,-0.0025805651,1.1499996185
2020-02-19,119.6210098267,151.7899932861,308.4034729004,14.3800001144,-0.0000684971,0.0058142855,0.0047701279,-0.4499998093
2020-02-20,120.5580444336,152.4100036621,307.1363830566,15.5600004196,0.0078028400,0.0040763395,-0.0041170092,1.1800003052
2020-02-21,121.6841354370,154.6999969482,303.9734802246,17.0799999237,0.0092973000,0.0149134559,-0.0103514319,1.5199995041
2020-02-24,123.5006484985,156.0899963379,293.8921508789,25.0300006866,0.0148177735,0.0089450027,-0.0337275952,7.9500007629
2020-02-25,124.1582641602,153.3000030518,284.9865722656,27.8500003815,0.0053106686,-0.0180359347,-0.0307708020,2.8199996949
2020-02-26,123.5006484985,153.9700012207,283.9383239746,27.5599994659,-0.0053106686,0.0043609804,-0.0036850188,-0.2900009156
2020-02-27,124.8404846191,154.0000000000,271.1861267090,39.1599998474,0.0107903923,0.0001948162,-0.0459516459,11.6000003815
2020-02-28,127.6598358154,148.3800048828,270.0467224121,40.1100006104,0.0223323944,-0.0371760187,-0.0042104096,0.9500007630
2020-03-02,126.7205505371,149.1999969482,281.7415161133,33.4199981689,-0.0073849211,0.0055110836,0.0423950511,-6.6900024415
2020-03-03,128.6879730225,153.8899993896,273.6745910645,36.8199996948,0.0154063880,0.0309503902,-0.0290502643,3.4000015259
2020-03-04,127.3214645386,154.1600036621,285.1779174805,31.9899997711,-0.0106755554,0.0017529904,0.0411734806,-4.8299999237
2020-03-05,130.4907379150,157.4900054932,275.6981811523,39.6199989319,0.0245871452,0.0213709512,-0.0338065365,7.6299991608
2020-03-06,137.2820739746,157.5500030518,271.1405334473,41.9399986267,0.0507354928,0.0003808885,-0.0166694607,2.3199996948
2020-03-09,141.0027465820,157.8099975586,249.9659729004,54.4599990845,0.0267416262,0.0016488747,-0.0813124599,12.5200004578
2020-03-10,133.7752685547,154.4799957275,262.9004211426,47.2999992371,-0.0526180778,-0.0213271518,0.0504505334,-7.1599998474
2020-03-11,128.8526458740,153.9299926758,250.0844573975,53.9000015259,-0.0374918203,-0.0035667044,-0.0499766432,6.6000022888
2020-03-12,129.6511230469,147.7899932861,226.1570434570,75.4700012207,0.0061777027,-0.0407056042,-0.1005690499,21.5699996948
2020-03-13,126.7205505371,143.2799987793,245.4903869629,57.8300018311,-0.0228629015,-0.0309915526,0.0820281490,-17.6399993896
2020-03-16,134.9277496338,141.6399993896,218.6278991699,82.6900024414,0.0627551747,-0.0115121263,-0.1158865953,24.8600006103
2020-03-17,125.9302902222,143.5599975586,230.4321136475,75.9100036621,-0.0690109456,0.0134644263,0.0525851071,-6.7799987793
2020-03-18,118.8263244629,140.6999969482,218.7646026611,76.4499969482,-0.0580655329,-0.0201231068,-0.0519600232,0.5399932861
2020-03-19,122.0613937378,138.0399932861,219.2295532227,72.0000000000,0.0268611767,-0.0190864928,0.0021230911,-4.4499969482
2020-03-20,131.2398681641,140.1100006104,209.7820129395,66.0400009155,0.0725025580,0.0148843831,-0.0440504111,-5.9599990845
2020-03-23,136.6482238770,146.3000030518,204.4182586670,61.5900001526,0.0403832111,0.0432314961,-0.0259007755,-4.4500007629
2020-03-24,134.1045227051,153.3999938965,222.9391784668,61.6699981689,-0.0187903986,0.0473895203,0.0867308095,0.0799980163
2020-03-25,133.7999267578,151.3000030518,226.2766571045,63.9500007629,-0.0022739158,-0.0137842082,0.0148594051,2.2800025940
2020-03-26,134.4584960938,153.2400054932,239.4888763428,61.0000000000,0.0049099719,0.0127407147,0.0567485733,-2.9500007629
2020-03-27,138.0475769043,152.2500000000,232.3555603027,65.5400009155,0.0263428137,-0.0064814491,-0.0302381845,4.5400009155
2020-03-30,136.9115600586,152.9199981689,239.9014434814,57.0800018311,-0.0082632156,0.0043909903,0.0319594009,-8.4599990844
2020-03-31,135.8002929688,148.0500030518,236.3256378174,53.5400009155,-0.0081497979,-0.0323648217,-0.0150175116,-3.5400009156
2020-04-01,137.7029113770,149.4499969482,225.6898498535,57.0600013733,0.0139131759,0.0094117931,-0.0460489642,3.5200004578
2020-04-02,138.5767364502,151.8999938965,230.8977355957,50.9099998474,0.0063256776,0.0162605011,0.0228131985,-6.1500015259
2020-04-03,138.9064788818,152.6499938965,227.5603179932,46.7999992371,0.0023766669,0.0049253098,-0.0145595722,-4.1100006103
2020-04-06,138.5437774658,156.8800048828,242.8446350098,45.2400016785,-0.0026145344,0.0273335338,0.0650065395,-1.5599975586
2020-04-07,137.0928955078,156.0399932861,243.0922241211,46.7000007629,-0.0105275930,-0.0053688714,0.0010190177,1.4599990844
2020-04-08,136.0954132080,154.6499938965,251.2524108887,43.3499984741,-0.0073025580,-0.0089478819,0.0330171604,-3.3500022888
2020-04-09,136.3426818848,158.6900024414,255.0758666992,41.6699981689,0.0018152288,0.0257881693,0.0151029625,-1.6800003052
2020-04-13,135.0979003906,161.4100036621,252.7470092773,41.1699981689,-0.0091717326,0.0169951055,-0.0091719923,-0.5000000000
2020-04-14,135.0648803711,162.6799926758,260.2011413574,37.7599983215,-0.0002444454,0.0078373015,0.0290659274,-3.4099998474
2020-04-15,138.6427001953,161.8500061035,254.6723937988,40.8400001526,0.0261448632,-0.0051150179,-0.0214769635,3.0800018311
2020-04-16,140.2172546387,161.7100067139,255.9009246826,40.1100006104,0.0112929171,-0.0008653690,0.0048123676,-0.7299995422
2020-04-17,138.3376770020,158.5700073242,262.8143310547,38.1500015259,-0.0134954075,-0.0196084667,0.0266574607,-1.9599990845
2020-04-20,139.4505920410,159.6999969482,258.1840515137,43.8300018311,0.0080127285,0.0071008537,-0.0177751087,5.6800003052
2020-04-21,141.2064819336,158.6100006104,250.3447570801,45.4099998474,0.0125128704,-0.0068486733,-0.0308337124,1.5799980163
2020-04-22,139.7638092041,161.7299957275,255.9009246826,41.9799995422,-0.0102693093,0.0194798890,0.0219513604,-3.4300003052
2020-04-23,140.5057830811,163.3399963379,255.8826599121,41.3800010681,0.0052947279,0.0099056438,-0.0000713769,-0.5999984741
2020-04-24,140.8355865479,162.6399993896,259.4493713379,35.9300003052,0.0023445085,-0.0042947299,0.0138426031,-5.4500007629
2020-04-27,138.2139434814,161.5599975586,263.1901855469,33.2900009155,-0.0187903574,-0.0066625900,0.0143153270,-2.6399993897
2020-04-28,139.8050384521,160.8399963379,261.9800109863,33.5699996948,0.0114460698,-0.0044665163,-0.0046087029,0.2799987793
2020-04-29,139.0796051025,161.7299957275,268.8381652832,31.2299995422,-0.0052024018,0.0055181925,0.0258413756,-2.3400001526
2020-04-30,137.4557189941,158.8000030518,266.3351135254,34.1500015259,-0.0117446462,-0.0182826837,-0.0093542414,2.9200019837
2020-05-01,138.6326446533,159.7799987793,259.2843017578,37.1899986267,0.0085257689,0.0061522934,-0.0268301913,3.0399971008
2020-05-04,137.9806518555,160.3399963379,259.9995422363,35.9700012207,-0.0047141190,0.0034986764,0.0027547205,-1.2199974060
2020-05-05,137.0973358154,161.0200042725,262.4016723633,33.6100006104,-0.0064223174,0.0042320696,0.0091965600,-2.3600006103
2020-05-06,134.8851928711,158.9499969482,260.6228942871,34.1199989319,-0.0162671605,-0.0129389392,-0.0068019173,0.5099983215
2020-05-07,137.1387329102,161.3899993896,263.7678222656,31.4400005341,0.0165690690,0.0152341241,0.0119947420,-2.6799983978
2020-05-08,135.3557434082,160.4199981689,268.1321411133,27.9799995422,-0.0130866135,-0.0060284277,0.0164106678,-3.4600009919
2020-05-11,134.2991027832,159.4199981689,268.1872253418,27.5699996948,-0.0078370261,-0.0062531470,0.0002054158,-0.4099998474
2020-05-12,135.6776275635,160.0399932861,262.8418884277,33.0400009155,0.0102122635,0.0038815245,-0.0201326719,5.4700012207
2020-05-13,136.6267700195,161.5800018311,258.1932678223,35.2799987793,0.0069712154,0.0095766453,-0.0178442621,2.2399978638
2020-05-14,137.9640808105,163.0099945068,261.2831726074,32.6100006104,0.0097404656,0.0088111275,0.0118963671,-2.6699981689
2020-05-15,137.6091613770,163.9299926758,262.4842529297,31.8899993896,-0.0025758642,0.0056279478,0.0045863197,-0.7200012208
2020-05-18,134.5880126953,162.6900024414,270.4794311523,29.2999992371,-0.0221991485,-0.0075928982,0.0300049639,-2.5900001525
2020-05-19,135.0915222168,164.2599945068,267.7013244629,30.5300006866,0.0037341366,0.0096039403,-0.0103241572,1.2300014495
2020-05-20,135.4959716797,164.6499938965,272.2489013672,27.9899997711,0.0029894195,0.0023714669,0.0168448283,-2.5400009155
2020-05-21,135.8344726562,162.2500000000,270.3694152832,29.5300006866,0.0024951211,-0.0146836162,-0.0069274978,1.5400009155
2020-05-22,136.6516265869,163.2100067139,270.8828125000,28.1599998474,0.0059977840,0.0058994007,0.0018970725,-1.3700008392
2020-05-26,134.8191223145,160.8899993896,274.2203369141,28.0100002289,-0.0135007703,-0.0143168584,0.0122456314,-0.1499996185
2020-05-27,134.5715332031,161.1799926758,278.3004455566,27.6200008392,-0.0018381423,0.0018008096,0.0147693370,-0.3899993897
2020-05-28,134.0762481689,161.7200012207,277.7869873047,28.5900001526,-0.0036872487,0.0033447449,-0.0018466823,0.9699993134
2020-05-29,135.0337982178,162.9100036621,279.0246887207,27.5100002289,0.0071164500,0.0073314712,0.0044456807,-1.0799999237
2020-06-01,134.1246185303,163.6600036621,280.1525268555,28.2299995422,-0.0067557475,0.0045932039,0.0040339257,0.7199993133
2020-06-02,133.6370086670,162.6000061035,282.4721679688,26.8400001526,-0.0036421231,-0.0064978928,0.0082458316,-1.3899993896
2020-06-03,131.8599853516,159.6000061035,286.2313842773,25.6599998474,-0.0133865911,-0.0186225114,0.0132204944,-1.1800003052
2020-06-04,129.9508056641,161.2799987793,285.4795227051,25.8099994659,-0.0145846817,0.0104712541,-0.0026302175,0.1499996185
2020-06-05,129.0250701904,158.0099945068,292.7962951660,24.5200004578,-0.0071492328,-0.0204836899,0.0253068267,-1.2899990081
2020-06-08,129.5210113525,159.7200012207,296.3354187012,25.8099994659,0.0038363898,0.0107640024,0.0120148552,1.2899990081
2020-06-09,130.9922027588,161.2599945068,294.1257934570,27.5699996948,0.0112946827,0.0095956454,-0.0074844393,1.7600002289
2020-06-10,132.9344177246,163.5700073242,292.4845275879,27.5699996948,0.0147181063,0.0142231429,-0.0055957766,0.0000000000
2020-06-11,135.4469757080,162.3899993896,275.6230773926,40.7900009155,0.0187243338,-0.0072402323,-0.0593774974,13.2200012207
2020-06-12,134.1411590576,162.6199951172,278.9239196777,36.0900001526,-0.0096875693,0.0014153150,0.0119047846,-4.7000007629
2020-06-15,134.2154693604,162.3300018311,281.5277404785,34.4000015259,0.0005538175,-0.0017848492,0.0092919326,-1.6899986267
2020-06-16,132.1575317383,162.2500000000,286.9465637207,33.6699981689,-0.0154518556,-0.0004929560,0.0190650214,-0.7300033570
2020-06-17,132.7030181885,162.5599975586,285.7546081543,33.4700012207,0.0041190522,0.0019087938,-0.0041625802,-0.1999969482
2020-06-18,134.1080474854,162.2400054932,285.8646850586,32.9399986267,0.0105321140,-0.0019703951,0.0003851406,-0.5300025940
2020-06-19,134.2154693604,164.0299987793,284.2309570312,35.1199989319,0.0008006893,0.0109725762,-0.0057314330,2.1800003052
2020-06-22,134.2321014404,165.0899963379,286.0542907715,31.7700004578,0.0001239131,0.0064414271,0.0063944840,-3.3499984741
2020-06-23,133.3146514893,166.4799957275,287.3712463379,31.3700008392,-0.0068582671,0.0083843989,0.0045933004,-0.3999996186
2020-06-24,134.7444915771,165.8999938965,280.0408020020,33.8400001526,0.0106681953,-0.0034899960,-0.0258396071,2.4699993134
2020-06-25,135.1329193115,165.8000030518,283.0429382324,32.2200012207,0.0028785514,-0.0006028993,0.0106632973,-1.6199989319
2020-06-26,136.5794067383,166.5399932861,276.3202819824,34.7299995422,0.0106472983,0.0044532194,-0.0240379764,2.5099983215
2020-06-29,136.1495666504,166.6300048828,280.3814697266,31.7800006866,-0.0031521436,0.0005403344,0.0145904329,-2.9499988556
2020-06-30,135.4883117676,167.3699951172,283.9730834961,30.4300003052,-0.0048686596,0.0044310865,0.0127283894,-1.3500003814
2020-07-01,135.2251739502,166.6199951172,285.9622802734,28.6200008392,-0.0019440324,-0.0044911601,0.0069804577,-1.8099994660
2020-07-02,135.3659057617,166.9799957275,287.5370483398,27.6800003052,0.0010401808,0.0021582779,0.0054918008,-0.9400005340
2020-07-06,134.8114929199,167.9799957275,291.9758605957,27.9400005341,-0.0041040710,0.0059708801,0.0153194139,0.2600002289
2020-07-07,136.7064208984,169.0399932861,288.9644470215,29.4300003052,0.0139582595,0.0062904343,-0.0103674698,1.4899997711
2020-07-08,136.1602478027,170.0899963379,291.1745605469,28.0799999237,-0.0040032286,0.0061923536,0.0076192919,-1.3500003815
2020-07-09,138.3282470703,169.6300048828,289.5169982910,29.2600002289,0.0157969780,-0.0027080639,-0.0057089404,1.1800003052
2020-07-10,137.6331329346,169.1900024414,292.4732055664,27.2900009155,-0.0050377745,-0.0025972651,0.0101590463,-1.9699993134
2020-07-13,138.0882568359,169.3999938965,289.9406127930,32.1899986267,0.0033013348,0.0012403880,-0.0086969390,4.8999977112
2020-07-14,138.2869415283,170.1900024414,293.6979370117,29.5200004578,0.0014377898,0.0046527282,0.0128756955,-2.6699981689
2020-07-15,137.6414794922,170.3399963379,296.3961791992,27.7600002289,-0.0046784830,0.0008809439,0.0091451886,-1.7600002289
2020-07-16,138.2951660156,168.7299957275,295.4200744629,28.0000000000,0.0047379553,-0.0094966393,-0.0032986780,0.2399997711
2020-07-17,138.0054779053,170.1199951172,296.2765808105,25.6800003052,-0.0020969058,0.0082042628,0.0028950880,-2.3199996948
2020-07-20,138.3448028564,170.9400024414,298.6708984375,24.4599990845,0.0024557610,0.0048085903,0.0080488804,-1.2200012207
2020-07-21,138.4274902344,173.0000000000,299.3063354492,24.8400001526,0.0005975120,0.0119789625,0.0021252891,0.3800010681
2020-07-22,138.8412017822,175.6300048828,301.0100402832,24.3199996948,0.0029841945,0.0150879427,0.0056760384,-0.5200004578
2020-07-23,140.4630584717,177.1799926758,297.4184875488,26.0799999237,0.0116136783,0.0087865864,-0.0120034246,1.7600002289
2020-07-24,140.4549407959,178.6999969482,295.5029296875,25.8400001526,-0.0000577939,0.0085422814,-0.0064614449,-0.2399997711
2020-07-27,139.9335479736,182.2299957275,297.6578979492,24.7399997711,-0.0037190787,0.0195611970,0.0072660825,-1.1000003815
2020-07-28,140.9017028809,183.7500000000,295.7699890137,25.4400005341,0.0068948520,0.0083065360,-0.0063627455,0.7000007630
2020-07-29,140.6616363525,185.1300048828,299.4076538086,24.1000003815,-0.0017052404,0.0074821693,0.0122239474,-1.3400001526
2020-07-30,141.5885314941,183.7599945068,298.3392944336,24.7600002289,0.0065679215,-0.0074277789,-0.0035746247,0.6599998474
2020-07-31,141.4974365234,185.4299926758,300.6967773438,24.4599990845,-0.0006435852,0.0090468844,0.0078709620,-0.3000011444
2020-08-03,140.7850036621,185.6399993896,302.7873535156,24.2800006866,-0.0050476705,0.0011318982,0.0069283828,-0.1799983979
2020-08-04,142.1269836426,189.5899963379,303.9569396973,23.7600002289,0.0094869790,0.0210545154,0.0038552901,-0.5200004577
2020-08-05,140.8844299316,191.3500061035,305.8447570801,22.9899997711,-0.0087810006,0.0092404173,0.0061915978,-0.7700004578
2020-08-06,141.6714630127,193.8899993896,307.8891906738,22.6499996185,0.0055708278,0.0131867410,0.0066623043,-0.3400001526
2020-08-07,140.7270050049,190.8099975586,308.1101684570,22.2099990845,-0.0066888573,-0.0160128290,0.0007174611,-0.4400005340
2020-08-10,140.0975036621,190.1499938965,309.0311584473,22.1299991608,-0.0044832440,-0.0034649535,0.0029846994,-0.0799999237
2020-08-11,138.4324493408,179.9400024414,306.4801940918,24.0300006866,-0.0119561587,-0.0551897267,-0.0082889745,1.9000015258
2020-08-12,137.1731872559,179.1000061035,310.7532043457,22.2800006866,-0.0091382082,-0.0046791324,0.0138459083,-1.7500000000
2020-08-13,135.7069702148,183.3300018311,310.1914672852,22.1299991608,-0.0107463376,0.0233434744,-0.0018092988,-0.1500015258
2020-08-14,135.1768035889,182.5399932861,310.2007141113,22.0499992371,-0.0039143526,-0.0043185273,0.0000298096,-0.0799999237
2020-08-17,135.5164947510,186.5000000000,311.1860046387,21.3500003815,0.0025097876,0.0214619488,0.0031712662,-0.6999988556
2020-08-18,136.4856719971,188.1799926758,311.8583068848,21.5100002289,0.0071262767,0.0089676736,0.0021581210,0.1599998474
2020-08-19,135.6324310303,182.2400054932,310.5598144531,22.5400009155,-0.0062711283,-0.0320743828,-0.0041724181,1.0300006866
2020-08-20,136.8584747314,183.5000000000,311.5267944336,22.7199993134,0.0089988469,0.0068901377,0.0031088300,0.1799983979
2020-08-21,137.6785278320,182.0299987793,312.6319274902,22.5400009155,0.0059740984,-0.0080431655,0.0035411961,-0.1799983979
2020-08-24,137.4549102783,181.0000000000,315.7998962402,22.3700008392,-0.0016255211,-0.0056744707,0.0100822252,-0.1700000763
2020-08-25,136.4028778076,181.2200012207,316.9049987793,22.0300006866,-0.0076830946,0.0012147383,0.0034932673,-0.3400001526
2020-08-26,135.8809509277,183.3600006104,320.0821533203,23.2700004578,-0.0038337019,0.0117396673,0.0099756514,1.2399997712
2020-08-27,133.5696716309,181.2400054932,320.7820129395,24.4699993134,-0.0171559150,-0.0116292867,0.0021841131,1.1999988556
2020-08-28,133.4702453613,184.3899993896,322.8541259766,22.9599990845,-0.0007446548,0.0172309263,0.0064387938,-1.5100002289
2020-08-31,134.3565979004,184.8300018311,321.6845703125,26.4099998474,0.0066188718,0.0023834172,-0.0036291287,3.4500007629
2020-09-01,135.8934478760,185.0500030518,324.7143554688,26.1200008392,0.0113736635,0.0011895817,0.0093744195,-0.2899990082
2020-09-02,137.1871795654,182.6199951172,329.4109802246,26.5699996948,0.0094751604,-0.0132186109,0.0143602616,0.4499988556
2020-09-03,137.5770416260,181.1399993896,318.0744323730,33.5999984741,0.0028377954,-0.0081372549,-0.0350207317,7.0299987793
2020-09-04,134.9646301270,181.6399993896,315.4775390625,30.7500000000,-0.0191713179,0.0027564933,-0.0081979316,-2.8499984741
2020-09-08,135.7939453125,181.2899932861,306.8577880859,31.4599990845,0.0061258838,-0.0019287809,-0.0277030786,0.7099990845
2020-09-09,135.4290008545,183.0500030518,312.9174194336,28.8099994659,-0.0026911047,0.0096614342,0.0195549108,-2.6499996186
2020-09-10,136.1173248291,182.4600067139,307.4839477539,29.7099990845,0.0050696723,-0.0032283485,-0.0175164366,0.8999996186
2020-09-11,136.4076538086,182.4499969482,307.6405334473,26.8700008392,0.0021306604,-0.0000548616,0.0005091187,-2.8399982453
2020-09-14,136.3993225098,183.8899993896,311.6925354004,25.8500003815,-0.0000610783,0.0078616033,0.0130852363,-1.0200004577
2020-09-15,136.0676269531,183.4499969482,313.2673645020,25.5900001526,-0.0024347593,-0.0023956153,0.0050397871,-0.2600002289
2020-09-16,135.6612243652,183.9700012207,312.0240783691,26.0400009155,-0.0029912384,0.0028305733,-0.0039766665,0.4500007629
2020-09-17,136.0758361816,182.9600067139,309.2798156738,26.4599990845,0.0030515686,-0.0055051211,-0.0088339396,0.4199981690
2020-09-18,135.6529541016,183.1999969482,305.7192077637,25.8299999237,-0.0031125331,0.0013108492,-0.0115793605,-0.6299991608
2020-09-21,136.3412170410,179.5200042725,302.3165893555,27.7800006866,0.0050608762,-0.0202917894,-0.0111922816,1.9500007629
2020-09-22,136.2334747314,178.6499938965,305.3955078125,26.8600006104,-0.0007905526,-0.0048580958,0.0101329061,-0.9200000762
2020-09-23,136.4159240723,174.7899932861,298.3131103516,28.5799999237,0.0013383442,-0.0218433354,-0.0234640427,1.7199993133
2020-09-24,136.9383544922,175.4400024414,299.1082763672,28.5100002289,0.0038223734,0.0037119031,0.0026619954,-0.0699996948
2020-09-25,136.9383544922,174.9400024414,303.9439697266,26.3799991608,0.0000000000,-0.0028540461,0.0160377382,-2.1300010681
2020-09-28,136.5486602783,176.6999969482,308.9922485352,26.1900005341,-0.0028498207,0.0100102901,0.0164728166,-0.1899986267
2020-09-29,136.7061767578,178.1900024414,307.3094787598,26.2700004578,0.0011528908,0.0083970484,-0.0054608770,0.0799999237
2020-09-30,135.3958587646,177.1199951172,309.6395263672,26.3700008392,-0.0096311527,-0.0060229690,0.0075534888,0.1000003814
2020-10-01,135.6191864014,178.6999969482,311.6274108887,26.7000007629,0.0016480833,0.0088809637,0.0063994756,0.3299999237
2020-10-02,135.1127777100,178.5399932861,308.6686706543,27.6299991608,-0.0037410380,-0.0008957769,-0.0095398400,0.9299983979
2020-10-05,132.4728088379,179.4100036621,314.1423034668,27.9599990845,-0.0197324121,0.0048610817,0.0175776406,0.3299999237
2020-10-06,133.1867218018,177.3000030518,309.6763916016,29.4799995422,0.0053746589,-0.0118304796,-0.0143182248,1.5200004577
2020-10-07,132.2154235840,177.2200012207,315.0668640137,28.0599994659,-0.0073194778,-0.0004513248,0.0172570288,-1.4200000763
2020-10-08,132.9293975830,177.8500061035,317.8591918945,26.3600006104,0.0053855529,0.0035486272,0.0088236089,-1.6999988555
2020-10-09,132.9044342041,181.0800018311,320.6976928711,25.0000000000,-0.0001878119,0.0179984000,0.0088904207,-1.3600006104
2020-10-12,133.3278503418,180.5599975586,325.8569335938,25.0699996948,0.0031808050,-0.0028758137,0.0159595184,0.0699996948
2020-10-13,134.2825469971,177.7200012207,323.7304382324,26.0699996948,0.0071350046,-0.0158538341,-0.0065472423,1.0000000000
2020-10-14,134.5897827148,178.2700042725,321.6962280273,26.3999996185,0.0022853661,0.0030899940,-0.0063034797,0.3299999237
2020-10-15,134.3572540283,178.9199981689,321.2987060547,26.9699993134,-0.0017291787,0.0036394894,-0.0012364702,0.5699996949
2020-10-16,133.9837188721,178.3000030518,321.1044921875,27.4099998474,-0.0027840355,-0.0034712263,-0.0006046479,0.4400005340
2020-10-19,133.4772186279,178.3899993896,316.2225646973,29.1800003052,-0.0037874753,0.0005046194,-0.0153203067,1.7700004578
2020-10-20,132.2070770264,179.2500000000,317.4893493652,29.3500003815,-0.0095613576,0.0048093181,0.0039979881,0.1700000763
2020-10-21,131.7504425049,180.6000061035,316.8883056641,28.6499996185,-0.0034599126,0.0075031953,-0.0018949087,-0.7000007630
2020-10-22,130.3807067871,178.8300018311,318.6265563965,28.1100006104,-0.0104508616,-0.0098490306,0.0054703837,-0.5399990081
2020-10-23,131.1776428223,178.6399993896,319.7084045410,27.5499992371,0.0060937722,-0.0010630400,0.0033895971,-0.5600013733
2020-10-26,132.3980407715,178.5500030518,313.8001708984,32.4599990845,0.0092603889,-0.0005039130,-0.0186529596,4.9099998474
2020-10-27,133.2863159180,179.0200042725,312.7184143066,33.3499984741,0.0066867200,0.0026288642,-0.0034532341,0.8899993896
2020-10-28,133.4107971191,176.1300048828,302.0300292969,40.2799987793,0.0009335025,-0.0162751688,-0.0347767036,6.9300003052
2020-10-29,132.1158142090,175.3999938965,305.0997009277,37.5900001526,-0.0097541498,-0.0041533413,0.0101121643,-2.6899986267
2020-10-30,130.8123779297,176.1999969482,301.9190368652,38.0200004578,-0.0099148512,0.0045506510,-0.0104797199,0.4300003052
2020-11-02,131.7922058105,177.9100036621,305.3031311035,37.1300010681,0.0074624168,0.0096581288,0.0111462639,-0.8899993897
2020-11-03,131.0276489258,178.9199981689,310.6934814453,35.5499992371,-0.0058181224,0.0056609433,0.0175016804,-1.5800018310
2020-11-04,133.8700103760,178.8200073242,317.6372985840,29.5699996948,0.0214608959,-0.0005590141,0.0221033254,-5.9799995423
2020-11-05,134.1026153564,182.9299926758,323.8320617676,27.5799999237,0.0017360358,0.0227237717,0.0193148922,-1.9899997711
2020-11-06,132.4820556641,183.1900024414,323.7580566406,24.8600006104,-0.0121580858,0.0014203530,-0.0002285555,-2.7199993133
2020-11-09,129.6979064941,175.0800018311,327.8263854980,25.7500000000,-0.0212392573,-0.0452808561,0.0124876577,0.8899993896
2020-11-10,128.9499664307,175.6600036621,327.3455505371,24.7999992371,-0.0057834781,0.0033073066,-0.0014678133,-0.9500007629
2020-11-11,129.4153442383,174.8999938965,329.7773132324,23.4500007629,0.0036024829,-0.0043359822,0.0074012759,-1.3499984742
2020-11-12,131.6177215576,175.9600067139,326.5781860352,25.3500003815,0.0168747172,0.0060423875,-0.0097482311,1.8999996186
2020-11-13,131.4431610107,177.1600036621,331.0994873047,23.1000003815,-0.0013271496,0.0067965651,0.0137495089,-2.2500000000
2020-11-16,131.1273651123,177.1499938965,335.2324523926,22.4500007629,-0.0024054189,-0.0000565029,0.0124052828,-0.6499996186
2020-11-17,131.9833221436,176.5000000000,333.4294128418,22.7099990845,0.0065064636,-0.0036759205,-0.0053929916,0.2599983216
2020-11-18,132.3656616211,175.4900054932,329.4167175293,23.8400001526,0.0028926893,-0.0057387838,-0.0121076194,1.1300010681
2020-11-19,133.0471343994,175.1600036621,330.8035888672,23.1100006104,0.0051352029,-0.0018822297,0.0042012442,-0.7299995422
2020-11-20,134.2272644043,175.6900024414,328.5382995605,23.7000007629,0.0088309070,0.0030212294,-0.0068713918,0.5900001525
2020-11-23,133.6122283936,172.2299957275,330.5076599121,22.6599998474,-0.0045925796,-0.0198903242,0.0059764154,-1.0400009155
2020-11-24,132.2825469971,169.5899963379,335.8334045410,21.6399993896,-0.0100016443,-0.0154470303,0.0159853814,-1.0200004578
2020-11-25,131.8753051758,169.5099945068,335.3156127930,21.2500000000,-0.0030833242,-0.0004718480,-0.0015430011,-0.3899993896
2020-11-27,133.1551666260,167.7899932861,336.2494506836,20.8400001526,0.0096582962,-0.0101987322,0.0027810812,-0.4099998474
2020-11-30,132.9889984131,166.6699981689,334.7608947754,20.5699996948,-0.0012487085,-0.0066973589,-0.0044367672,-0.2700004578
2020-12-01,131.0280761719,170.1799926758,338.4223022461,20.7700004578,-0.0148547839,0.0208408588,0.0108780005,0.2000007630
2020-12-02,129.9881896973,171.4600067139,339.1341857910,21.1700000763,-0.0079680243,0.0074933850,0.0021013268,0.3999996185
2020-12-03,131.0364379883,172.8099975586,339.0418395996,21.2800006866,0.0080318393,0.0078426685,-0.0002723369,0.1100006103
2020-12-04,129.1146850586,172.3200073242,341.9635925293,20.7900009155,-0.0147743962,-0.0028394550,0.0085807564,-0.4899997711
2020-12-07,130.2794647217,174.8899993896,341.2608337402,21.2999992371,0.0089808309,0.0148039455,-0.0020571836,0.5099983216
2020-12-08,130.8950653076,175.5000000000,342.2594604492,20.6800003052,0.0047141023,0.0034818415,0.0029220125,-0.6199989319
2020-12-09,130.4624176025,172.5000000000,339.1896667480,22.2700004578,-0.0033107765,-0.0172418064,-0.0090096659,1.5900001526
2020-12-10,131.6188201904,172.1699981689,339.0786743164,22.5200004578,0.0088248217,-0.0019148863,-0.0003272818,0.2500000000
2020-12-11,132.0846405029,172.4900054932,338.6811828613,23.3099994659,0.0035329138,0.0018569455,-0.0011729568,0.7899990081
2020-12-14,131.7185821533,171.5399932861,337.1647644043,24.7199993134,-0.0027752397,-0.0055228592,-0.0044874753,1.4099998475
2020-12-15,131.2777404785,173.9400024414,341.7231140137,22.8899993896,-0.0033524582,0.0138939898,0.0134290750,-1.8299999238
2020-12-16,130.9283599854,174.8999938965,342.2594604492,22.5000000000,-0.0026649319,0.0055039209,0.0015683047,-0.3899993896
2020-12-17,130.5818786621,176.7400054932,344.1733398438,21.9300003052,-0.0026498506,0.0104654100,0.0055763196,-0.5699996948
2020-12-18,130.1904449463,176.4400024414,342.7990417480,21.5699996948,-0.0030021131,-0.0016988681,-0.0040010340,-0.3600006104
2020-12-21,130.7068023682,175.8800048828,341.5733032227,25.1599998474,0.0039583254,-0.0031789170,-0.0035820847,3.5900001526
2020-12-22,131.3813629150,174.4900054932,340.9976806641,24.2299995422,0.0051475963,-0.0079345072,-0.0016866310,-0.9300003052
2020-12-23,130.4736022949,175.6499938965,341.3041076660,23.3099994659,-0.0069333362,0.0066258791,0.0008982155,-0.9200000763
2020-12-24,130.9899444580,176.3500061035,342.6319274902,21.5300006866,0.0039496354,0.0039773473,0.0038828821,-1.7799987793
2020-12-28,131.0482330322,175.7100067139,345.5754089355,21.7000007629,0.0004448861,-0.0036357443,0.0085541064,0.1700000763
2020-12-29,130.8816986084,176.3500061035,344.9161376953,23.0799999237,-0.0012715954,0.0036357443,-0.0019095714,1.3799991608
2020-12-30,131.1648712158,177.6999969482,345.4082946777,22.7700004578,0.0021612396,0.0076260267,0.0014258718,-0.3099994659
2020-12-31,131.3563537598,178.3600006104,347.1631774902,22.7500000000,0.0014587969,0.0037072652,0.0050677414,-0.0200004578
2021-01-04,131.1981658936,182.3300018311,342.4369506836,26.9699993134,-0.0012049908,0.0220142589,-0.0137073664,4.2199993134
2021-01-05,130.2237243652,182.8699951172,344.7954101562,25.3400001526,-0.0074549690,0.0029572491,0.0068636719,-1.6299991608
2021-01-06,127.5504531860,179.8999938965,346.8568115234,25.0699996948,-0.0207419304,-0.0163743842,0.0059608208,-0.2700004578
2021-01-07,126.4262161255,179.4799957275,352.0102233887,22.3700008392,-0.0088531313,-0.0023373497,0.0147481710,-2.6999988556
2021-01-08,126.0182037354,173.3399963379,354.0158386230,21.5599994659,-0.0032324957,-0.0348087947,0.0056814351,-0.8100013733
2021-01-11,125.8099822998,173.0000000000,351.6295166016,24.0799999237,-0.0016536789,-0.0019633681,-0.0067635423,2.5200004578
2021-01-12,125.7100219727,174.1199951172,351.7037963867,23.3299999237,-0.0007948500,0.0064530941,0.0002112221,-0.7500000000
2021-01-13,127.1257324219,173.3699951172,352.6509399414,22.2099990845,0.0111987741,-0.0043166778,0.0026893952,-1.1200008392
2021-01-14,125.9348983765,173.2799987793,351.4158935547,23.2500000000,-0.0094115219,-0.0005192346,-0.0035083250,1.0400009155
2021-01-15,126.4345550537,171.1300048828,348.8531799316,24.3400001526,0.0039597291,-0.0124852461,-0.0073192582,1.0900001526
2021-01-19,126.8426208496,172.5800018311,351.5923156738,23.2399997711,0.0032222892,0.0084373776,0.0078211645,-1.1000003815
2021-01-20,126.9676055908,175.3899993896,356.4579162598,21.5799999237,0.0009848677,0.0161511546,0.0137438757,-1.6599998474
2021-01-21,126.0764617920,175.2799987793,356.7829589844,21.3199996948,-0.0070434173,-0.0006273740,0.0009114529,-0.2600002289
2021-01-22,126.4845962524,173.8999938965,355.5200195312,21.9099998474,0.0032319695,-0.0079043021,-0.0035460775,0.5900001526
2021-01-25,127.9752197266,174.0500030518,356.9221801758,23.1900005341,0.0117161173,0.0008622455,0.0039362139,1.2800006867
2021-01-26,127.7336959839,173.6199951172,356.3650512695,23.0200004578,-0.0018890527,-0.0024736570,-0.0015621449,-0.1700000763
2021-01-27,128.0584564209,172.5200042725,347.6553039551,37.2099990845,0.0025392539,-0.0063557783,-0.0247441474,14.1899986267
2021-01-28,127.3506088257,172.6799926758,350.6452636719,30.2099990845,-0.0055428683,0.0009269317,0.0085635846,-7.0000000000
2021-01-29,126.5844345093,172.6100006104,343.6253967285,33.0900001526,-0.0060344302,-0.0004054103,-0.0202229666,2.8800010681
2021-02-01,126.7312011719,174.2299957275,349.3453063965,30.2399997711,0.0011587653,0.0093415230,0.0165087486,-2.8500003815
2021-02-02,125.9140853882,172.1100006104,354.2850952148,25.5599994659,-0.0064685049,-0.0122424301,0.0140410931,-4.6800003052
2021-02-03,124.7968368530,171.8500061035,354.5636901855,22.9099998474,-0.0089127025,-0.0015117720,0.0007860491,-2.6499996185
2021-02-04,124.4633636475,168.1499938965,358.5935058594,21.7700004578,-0.0026757052,-0.0217656369,0.0113014594,-1.1399993896
2021-02-05,123.4211502075,169.8099975586,360.0048828125,20.8700008392,-0.0084089124,0.0098237487,0.0039281434,-0.8999996186
2021-02-08,123.9631195068,171.5200042725,362.6048278809,21.2399997711,0.0043816057,0.0100197522,0.0071960181,0.3699989319
2021-02-09,124.0548019409,172.0800018311,362.3634643555,21.6299991608,0.0007393211,0.0032595928,-0.0006658596,0.3899993897
2021-02-10,124.8802795410,172.7100067139,362.2055358887,21.9899997711,0.0066320956,0.0036544306,-0.0004359239,0.3600006103
2021-02-11,124.1966018677,171.2100067139,362.7905273438,21.2500000000,-0.0054897057,-0.0087230138,0.0016137786,-0.7399997711
2021-02-12,122.6540985107,170.6900024414,364.5827026367,19.9699993134,-0.0124976225,-0.0030418524,0.0049278110,-1.2800006866
2021-02-16,120.7865066528,168.2400054932,364.2669067383,21.4599990845,-0.0153436071,-0.0144574960,-0.0008665599,1.4899997711
2021-02-17,121.5536270142,166.3300018311,364.3505554199,21.5000000000,0.0063309606,-0.0114177862,0.0002296093,0.0400009155
2021-02-18,121.0616378784,166.3200073242,362.7998962402,22.4899997711,-0.0040557202,-0.0000600902,-0.0042650363,0.9899997711
2021-02-19,119.4525146484,167.0099945068,362.1591491699,22.0499992371,-0.0133808944,0.0041399704,-0.0017676784,-0.4400005340
2021-02-22,118.5436477661,169.5099945068,359.3735656738,23.4500007629,-0.0076376971,0.0148582318,-0.0077213334,1.4000015258
2021-02-23,118.2018966675,169.1199951172,359.8099060059,23.1100006104,-0.0028870772,-0.0023033965,0.0012134327,-0.3400001525
2021-02-24,117.4265060425,169.0000000000,363.7747802734,21.3400001526,-0.0065814937,-0.0007097783,0.0109590875,-1.7700004578
2021-02-25,115.5087890625,165.8200073242,355.0093688965,28.8899993896,-0.0164660346,-0.0189958081,-0.0243907602,7.5499992370
2021-02-26,119.3274993896,161.8099975586,353.1802368164,27.9500007629,0.0325251859,-0.0244801145,-0.0051656679,-0.9399986267
2021-03-01,117.7513732910,161.5299987793,361.7413330078,23.3500003815,-0.0132964131,-0.0017319160,0.0239508942,-4.6000003814
2021-03-02,117.7597503662,162.4100036621,358.9185791016,24.1000003815,0.0000711395,0.0054331484,-0.0078338431,0.7500000000
2021-03-03,116.4825363159,160.6199951172,354.1644592285,26.6700000763,-0.0109051762,-0.0110827284,-0.0133341843,2.5699996948
2021-03-04,115.7312469482,159.0399932861,349.7817077637,28.5699996948,-0.0064706925,-0.0098855957,-0.0124521115,1.8999996185
2021-03-05,115.9566955566,159.1399993896,356.2164916992,24.6599998474,0.0019461408,0.0006286134,0.0182294010,-3.9099998474
2021-03-08,115.0551147461,157.4900054932,354.4429626465,25.4699993134,-0.0078055350,-0.0104223150,-0.0049912310,0.8099994660
2021-03-09,116.6495208740,160.8399963379,359.5036010742,24.0300006866,0.0137626189,0.0210480602,0.0141767562,-1.4399986268
2021-03-10,116.8832473755,161.6600036621,361.7413330078,22.5599994659,0.0020016598,0.0050853277,0.0062052127,-1.4700012207
2021-03-11,116.0401382446,161.5200042725,365.4090270996,21.9099998474,-0.0072394003,-0.0008663865,0.0100879416,-0.6499996185
2021-03-12,113.5775833130,161.4900054932,365.9011535645,20.6900005341,-0.0214499938,-0.0001857452,0.0013458764,-1.2199993133
2021-03-15,114.2454528809,162.1999969482,368.0832214355,20.0300006866,0.0058630724,0.0043868676,0.0059458331,-0.6599998475
2021-03-16,113.7862701416,162.3500061035,367.6189880371,19.7900009155,-0.0040273639,0.0009244133,-0.0012620146,-0.2399997711
2021-03-17,112.9347991943,163.5099945068,368.8725891113,19.2299995422,-0.0075112115,0.0071195808,0.0034042542,-0.5600013733
2021-03-18,111.7912063599,162.5599975586,363.5056457520,21.5799999237,-0.0101777514,-0.0058269676,-0.0146564690,2.3500003815
2021-03-19,112.4840469360,163.2400054932,362.8329467773,20.9500007629,0.0061785040,0.0041743948,-0.0018523019,-0.6299991608
2021-03-22,113.7445373535,163.0000000000,365.7301635742,18.8799991608,0.0111436268,-0.0014713434,0.0079532769,-2.0700016021
2021-03-23,114.7713317871,161.8099975586,362.8515930176,20.2999992371,0.0089866962,-0.0073274085,-0.0079018875,1.4200000763
2021-03-24,115.3890380859,162.3699951172,361.0070495605,21.2000007629,0.0053676294,0.0034548592,-0.0050964300,0.9000015258
2021-03-25,114.4791336060,161.7799987793,363.0379333496,19.8099994659,-0.0079167918,-0.0036402715,0.0056098424,-1.3900012970
2021-03-26,114.0784530640,162.2400054932,368.8882446289,18.8600006104,-0.0035061707,0.0028393742,0.0159864097,-0.9499988555
2021-03-29,113.1101074219,160.3099975586,368.7019653320,20.7399997711,-0.0085246502,-0.0119673288,-0.0005051024,1.8799991607
2021-03-30,113.7027969360,157.5700073242,367.7237548828,19.6100006104,0.0052262535,-0.0172395750,-0.0026566455,-1.1299991607
2021-03-31,113.0683822632,159.9600067139,369.2142333984,19.3999996185,-0.0055952113,0.0150539755,0.0040450637,-0.2100009919
2021-04-01,114.9449996948,161.9799957275,373.2014770508,17.3299999237,0.0164609620,0.0125490185,0.0107413729,-2.0699996948
2021-04-05,114.4434661865,161.9199981689,378.5580444336,17.9099998474,-0.0043727945,-0.0003704697,0.0142509882,0.5799999237
2021-04-06,115.2208404541,163.2200012207,378.3344421387,18.1200008392,0.0067696827,0.0079966167,-0.0005908430,0.2100009918
2021-04-07,114.4184036255,162.7599945068,378.7723388672,17.1599998474,-0.0069887018,-0.0028223021,0.0011567636,-0.9600009918
2021-04-08,115.3629379272,164.5099945068,380.5702819824,16.9500007629,0.0082212038,0.0106946359,0.0047355342,-0.2099990845
2021-04-09,114.9449996948,163.2700042725,383.3370666504,16.6900005341,-0.0036293902,-0.0075660269,0.0072438019,-0.2600002288
2021-04-12,114.8948822021,162.2799987793,383.4768371582,16.9099998474,-0.0004361079,-0.0060820675,0.0003645487,0.2199993133
2021-04-13,115.7558135986,163.4299926758,384.6133728027,16.6499996185,0.0074652746,0.0070614885,0.0029593828,-0.2600002289
2021-04-14,115.3880310059,162.7200012207,383.2998352051,16.9899997711,-0.0031822859,-0.0043537795,-0.0034210608,0.3400001526
2021-04-15,117.3189849854,165.3500061035,387.4174194336,16.5699996948,0.0165959612,0.0160335365,0.0106851725,-0.4200000763
2021-04-16,116.4078521729,166.3500061035,388.7123718262,16.2500000000,-0.0077966008,0.0060295628,0.0033369511,-0.3199996948
2021-04-19,116.0734786987,165.8899993896,386.8026123047,17.2900009155,-0.0028765639,-0.0027691247,-0.0049251489,1.0400009155
2021-04-20,116.6083984375,166.4799957275,383.9705810547,18.6800003052,0.0045978715,0.0035502420,-0.0073485794,1.3899993897
2021-04-21,116.8424987793,168.1300048828,387.6037902832,17.5000000000,0.0020055645,0.0098623623,0.0094177210,-1.1800003052
2021-04-22,117.3523788452,167.0399932861,384.0637207031,18.7099990845,0.0043543298,-0.0065042542,-0.0091751807,1.2099990845
2021-04-23,117.0765380859,166.3999938965,388.2278442383,17.3299999237,-0.0023533009,-0.0038387728,0.0107839165,-1.3799991608
2021-04-26,116.9094238281,166.8399963379,389.0383300781,17.6399993896,-0.0014284129,0.0026407557,0.0020854790,0.3099994659
2021-04-27,115.8895416260,166.4199981689,388.9544677734,17.5599994659,-0.0087619696,-0.0025205449,-0.0002155863,-0.0799999237
2021-04-28,115.9648437500,166.9100036621,388.8427734375,17.2800006866,0.0006495640,0.0029400645,-0.0002872068,-0.2799987793
2021-04-29,115.6221008301,166.2200012207,391.3206787109,17.6100006104,-0.0029599524,-0.0041425475,0.0063522935,0.3299999238
2021-04-30,115.8895416260,165.6600036621,388.7495727539,18.6100006104,0.0023103885,-0.0033747022,-0.0065920095,1.0000000000
2021-05-03,115.9590530396,167.8099975586,389.5880432129,18.3099994659,0.0005996277,0.0128948552,0.0021545169,-0.3000011445
2021-05-04,116.7459869385,166.5800018311,387.1845092773,19.4799995422,0.0067633851,-0.0073566870,-0.0061885338,1.1700000763
2021-05-05,116.9384689331,167.2700042725,387.3056030273,19.1499996185,0.0016473671,0.0041336134,0.0003127057,-0.3299999237
2021-05-06,117.1310501099,170.0599975586,390.3984985352,18.3899993896,0.0016455045,0.0165420027,0.0079539553,-0.7600002289
2021-05-07,116.5533828735,171.5899963379,393.2397460938,16.6900005341,-0.0049440042,0.0089565874,0.0072514583,-1.6999988555
2021-05-10,115.3730316162,172.1100006104,389.3458251953,19.6599998474,-0.0101787582,0.0030259219,-0.0099515074,2.9699993133
2021-05-11,114.7200927734,172.1399993896,385.8709411621,21.8400001526,-0.0056754464,0.0001742848,-0.0089649952,2.1800003052
2021-05-12,113.5146408081,170.4299926758,377.6730041504,27.5900001526,-0.0105633630,-0.0099834834,-0.0214742114,5.7500000000
2021-05-13,113.6904373169,171.1300048828,382.2098083496,23.1299991608,0.0015474702,0.0040989179,0.0119409415,-4.4600009918
2021-05-14,114.7535934448,172.6900024414,388.0788269043,18.8099994659,0.0093078712,0.0090745636,0.0152387868,-4.3199996949
2021-05-17,114.5108032227,174.6999969482,387.0913391113,19.7199993134,-0.0021179940,0.0115721059,-0.0025477976,0.9099998475
2021-05-18,114.2178192139,175.0399932861,383.7563476562,21.3400001526,-0.0025618496,0.0019442812,-0.0086528437,1.6200008392
2021-05-19,113.9415893555,175.1600036621,382.7501831055,22.1800003052,-0.0024213772,0.0006853820,-0.0026253270,0.8400001526
2021-05-20,114.8791427612,175.9600067139,386.8677062988,20.6700000763,0.0081947002,0.0045568718,0.0107002775,-1.5100002289
2021-05-21,115.2475128174,176.0399932861,386.5510864258,20.1499996185,0.0032014576,0.0004544692,-0.0008187541,-0.5200004578
2021-05-24,115.6744461060,176.3500061035,390.4917297363,18.3999996185,0.0036976455,0.0017594875,0.0101427541,-1.7500000000
2021-05-25,116.7459869385,177.9499969482,389.6252746582,18.8400001526,0.0092207764,0.0090319035,-0.0022213474,0.4400005341
2021-05-26,116.5450592041,177.6399993896,390.3984985352,17.3600006104,-0.0017225503,-0.0017435678,0.0019825655,-1.4799995422
2021-05-27,116.0762557983,177.7100067139,390.6033935547,16.7399997711,-0.0040306198,0.0003940190,0.0005246979,-0.6200008393
2021-05-28,115.8920745850,178.3800048828,391.3020935059,16.7600002289,-0.0015879862,0.0037630876,0.0017871729,0.0200004578
2021-06-01,115.8661270142,177.8999938965,390.9574279785,17.8999996185,-0.0002239193,-0.0026945732,-0.0008812051,1.1399993896
2021-06-02,116.1343612671,178.7700042725,391.5722656250,17.4799995422,0.0023123604,0.0048785270,0.0015714107,-0.4200000763
2021-06-03,115.6984100342,175.2700042725,390.1190490723,18.0400009155,-0.0037609156,-0.0197724209,-0.0037181383,0.5600013733
2021-06-04,117.2829055786,177.1600036621,393.6869812012,16.4200000763,0.0136021206,0.0107256333,0.0091041830,-1.6200008392
2021-06-07,116.9223785400,177.8699951172,393.3049621582,16.4200000763,-0.0030787292,0.0039996192,-0.0009708335,0.0000000000
2021-06-08,117.7439727783,177.3200073242,393.3888854980,17.0699996948,0.0070022616,-0.0030968678,0.0002133571,0.6499996185
2021-06-09,118.7834472656,176.9799957275,392.8019409180,17.8899993896,0.0087895194,-0.0019193435,-0.0014931354,0.8199996948
2021-06-10,119.4960632324,177.7400054932,394.6278381348,16.1000003815,0.0059813627,0.0042851315,0.0046376211,-1.7899990081
2021-06-11,119.3032608032,175.7400054932,395.2800292969,15.6499996185,-0.0016147656,-0.0113161779,0.0016513098,-0.4500007630
2021-06-14,118.3894882202,174.7100067139,396.1649780273,16.3899993896,-0.0076887249,-0.0058781664,0.0022362870,0.7399997711
2021-06-15,118.2469787598,174.0500030518,395.4383850098,17.0200004578,-0.0012044591,-0.0037848631,-0.0018357507,0.6300010682
2021-06-16,118.1463317871,171.1100006104,393.2304382324,18.1499996185,-0.0008515214,-0.0170360037,-0.0055991881,1.1299991607
2021-06-17,119.9151840210,165.8500061035,393.1001281738,17.7500000000,0.0148607370,-0.0312228259,-0.0003314384,-0.3999996185
2021-06-18,122.1703948975,164.9299926758,387.7969665527,20.7000007629,0.0186320567,-0.0055627051,-0.0135824379,2.9500007629
2021-06-21,120.1248321533,166.9499969482,393.3486938477,17.8899993896,-0.0168852797,0.0121732511,0.0142145596,-2.8100013733
2021-06-22,120.4182739258,166.2500000000,395.4516296387,16.6599998474,0.0024398281,-0.0042016686,0.0053319977,-1.2299995422
2021-06-23,120.1081008911,166.1399993896,394.9750061035,16.3199996948,-0.0025791201,-0.0006618768,-0.0012059907,-0.3400001526
2021-06-24,120.3008651733,166.0399932861,397.3115234375,15.9700002670,0.0016036367,-0.0006021200,0.0058981796,-0.3499994278
2021-06-25,119.0517272949,166.5899963379,398.7227783203,15.6199998856,-0.0104377329,0.0033069992,0.0035457175,-0.3500003814
2021-06-28,120.2757415771,166.5800018311,399.5266113281,15.7600002289,0.0102288714,-0.0000599964,0.0020139903,0.1400003433
2021-06-29,120.4769363403,164.8300018311,399.7415466309,16.0200004578,0.0016713817,-0.0105610346,0.0005378303,0.2600002289
2021-06-30,121.0134658813,165.6300048828,400.0780334473,15.8299999237,0.0044434927,0.0048417636,0.0008414068,-0.1900005341
2021-07-01,121.0201568604,166.1999969482,402.2931213379,15.4799995422,0.0000552897,0.0034354496,0.0055213688,-0.3500003815
2021-07-02,121.7504959106,167.2899932861,405.3680725098,15.0699996948,0.0060167178,0.0065369292,0.0076144949,-0.4099998474
2021-07-06,123.1775207520,168.1199951172,404.6296081543,16.4400005341,0.0116527379,0.0049491879,-0.0018233745,1.3700008393
2021-07-07,124.2687454224,168.7599945068,406.0596313477,16.2000007629,0.0088199492,0.0037995736,0.0035279232,-0.2399997712
2021-07-08,124.7556228638,168.6499938965,402.7510681152,19.0000000000,0.0039102845,-0.0006520294,-0.0081813499,2.7999992371
2021-07-09,123.0011520386,169.2100067139,407.0503234863,16.1800003052,-0.0141630852,0.0033150614,0.0106181486,-2.8199996948
2021-07-12,122.8417129517,169.0000000000,408.5083923340,16.1700000763,-0.0012970814,-0.0012418718,0.0035756356,-0.0100002289
2021-07-13,121.9015960693,169.2200012207,407.1158142090,17.1200008392,-0.0076825104,0.0013009358,-0.0034147576,0.9500007629
2021-07-14,123.2866287231,171.0399932861,407.7232666016,16.3299999237,0.0112978296,0.0106977573,0.0014909754,-0.7900009155
2021-07-15,124.6464920044,171.0700073242,406.3307495117,17.0100002289,0.0109697076,0.0001754643,-0.0034211942,0.6800003052
2021-07-16,124.4114303589,169.4100036621,403.1436767578,18.4500007629,-0.0018876068,-0.0097510383,-0.0078744655,1.4400005340
2021-07-19,127.1396026611,169.6100006104,397.1900024414,22.5000000000,0.0216916563,0.0011798535,-0.0148782547,4.0499992371
2021-07-20,125.9139785767,169.3899993896,402.8819274902,19.7299995422,-0.0096867522,-0.0012979425,0.0142287734,-2.7700004578
2021-07-21,124.3191299438,168.7599945068,406.1437683105,17.9099998474,-0.0127470760,-0.0037261903,0.0080636709,-1.8199996948
2021-07-22,125.4943466187,169.0899963379,406.9942626953,17.6900005341,0.0094088226,0.0019535412,0.0020918827,-0.2199993133
2021-07-23,124.6549072266,168.5599975586,411.1815185547,17.2000007629,-0.0067115335,-0.0031393409,0.0102356792,-0.4899997712
2021-07-26,124.2855377197,168.1600036621,412.1908569336,17.5799999237,-0.0029675353,-0.0023758261,0.0024517191,0.3799991608
2021-07-27,125.6118240356,168.4400024414,410.3122558594,19.3600006104,0.0106147481,0.0016636889,-0.0045680176,1.7800006867
2021-07-28,125.6201934814,169.2899932861,410.1439208984,18.3099994659,0.0000666272,0.0050335632,-0.0004103448,-1.0500011445
2021-07-29,124.9235458374,171.1699981689,411.8450317383,17.7000007629,-0.0055611004,0.0110440230,0.0041390174,-0.6099987030
2021-07-30,125.5111160278,169.8200073242,409.8449707031,18.2399997711,0.0046924117,-0.0079181083,-0.0048681741,0.5399990082
2021-08-02,126.6305847168,169.6100006104,408.9850463867,19.4599990845,0.0088797374,-0.0012374082,-0.0021003740,1.2199993134
2021-08-03,126.6977996826,169.4900054932,412.3122863770,18.0400009155,0.0005306548,-0.0007077270,0.0081024449,-1.4199981690
2021-08-04,126.9583587646,169.5299987793,410.2842712402,17.9699993134,0.0020544281,0.0002359347,-0.0049307749,-0.0700016021
2021-08-05,126.3112487793,168.8600006104,412.8825683594,17.2800006866,-0.0051100596,-0.0039599223,0.0063129505,-0.6899986268
2021-08-06,124.2016754150,164.6399993896,413.5646972656,16.1499996185,-0.0168424303,-0.0253087045,0.0016507504,-1.1300010681
2021-08-09,123.7562866211,161.7200012207,413.2283020020,16.7199993134,-0.0035924579,-0.0178948161,-0.0008137352,0.5699996949
2021-08-10,123.1847457886,161.7700042725,413.7423095703,16.7900009155,-0.0046289744,0.0003091474,0.0012431098,0.0700016021
2021-08-11,123.1091156006,164.0000000000,414.7704162598,16.1700000763,-0.0006141460,0.0136908281,0.0024818139,-0.6200008392
2021-08-12,122.9074096680,164.0399932861,416.0134582520,15.5900001526,-0.0016397758,0.0002438318,0.0029924580,-0.5799999237
2021-08-13,124.8488388062,166.3899993896,416.7705688477,15.4499998093,0.0156724110,0.0142241672,0.0018182645,-0.1400003433
2021-08-16,125.1513748169,167.2200012207,417.7518920898,16.1200008392,0.0024202872,0.0049758913,0.0023518209,0.6700010299
2021-08-17,125.1009445190,166.9700012207,415.0134582520,17.9099998474,-0.0004030356,-0.0014961552,-0.0065767475,1.7899990082
2021-08-18,125.5211791992,167.1000061035,410.4710388184,21.5699996948,0.0033535353,0.0007783093,-0.0110055738,3.6599998474
2021-08-19,126.4456939697,166.6100006104,411.1066284180,21.6700000763,0.0073384164,-0.0029367165,0.0015472420,0.1000003815
2021-08-20,126.5297546387,166.6999969482,414.3778686523,18.5599994659,0.0006645757,0.0005400158,0.0079256664,-3.1100006104
2021-08-23,126.4456939697,168.7299957275,418.0229187012,17.1499996185,-0.0006645757,0.0121040074,0.0087579767,-1.4099998474
2021-08-24,125.4624023438,168.6499938965,418.6865234375,17.2199993134,-0.0078067885,-0.0004742536,0.0015862254,0.0699996949
2021-08-25,124.4202194214,167.4799957275,419.5650634766,16.7900009155,-0.0083414281,-0.0069616097,0.0020961257,-0.4299983979
2021-08-26,124.7647857666,167.6699981689,417.0883483887,18.8400001526,0.0027655481,0.0011338354,-0.0059205456,2.0499992371
2021-08-27,125.6136779785,170.1900024414,420.8174743652,16.3899993896,0.0067808984,0.0149177233,0.0089011211,-2.4500007630
2021-08-30,125.9414291382,169.3500061035,422.6680603027,16.1900005341,0.0026058016,-0.0049478590,0.0043879565,-0.1999988555
2021-08-31,125.0841598511,169.6900024414,422.0418090820,16.4799995422,-0.0068301612,0.0020056421,-0.0014827608,0.2899990081
2021-09-01,125.2937774658,169.6999969482,422.2661743164,16.1100006104,0.0016744100,0.0000588969,0.0005314772,-0.3699989318
2021-09-02,125.8406524658,169.2500000000,423.5653381348,16.4099998474,0.0043552440,-0.0026552425,0.0030719235,0.2999992370
2021-09-03,124.6962051392,171.0599975586,423.4625244141,16.4099998474,-0.0091360233,0.0106374461,-0.0002427635,0.0000000000
2021-09-07,123.6442871094,167.7100067139,421.9483642578,18.1399993896,-0.0084716295,-0.0197780205,-0.0035820730,1.7299995422
2021-09-08,124.4858322144,167.2899932861,421.4342651367,17.9599990845,0.0067831212,-0.0025075442,-0.0012191363,-0.1800003051
2021-09-09,125.9921875000,168.0299987793,419.6305541992,18.7999992371,0.0120279891,0.0044137344,-0.0042891194,0.8400001526
2021-09-10,124.8813323975,167.1799926758,416.3219299316,20.9500007629,-0.0088559555,-0.0050714952,-0.0079158603,2.1500015258
2021-09-13,125.6387100220,167.7400054932,417.3874206543,19.3700008392,0.0060464618,0.0033441618,0.0025560258,-1.5799999237
2021-09-14,127.1618652344,168.8200073242,415.1348876953,19.4599990845,0.0120503970,0.0064179076,-0.0054113588,0.0899982453
2021-09-15,126.7158355713,167.8300018311,418.6024169922,18.1800003052,-0.0035137400,-0.0058815287,0.0083180860,-1.2799987793
2021-09-16,126.1352233887,164.0299987793,417.9387512207,18.6900005341,-0.0045925313,-0.0229022427,-0.0015866904,0.5100002289
2021-09-17,125.5293502808,163.7700042725,413.8677062988,20.8099994659,-0.0048149350,-0.0015862999,-0.0097885209,2.1199989318
2021-09-20,127.0861206055,164.9400024414,406.9667663574,25.7099990845,0.0123253736,0.0071187557,-0.0168148458,4.8999996186
2021-09-21,126.9766998291,166.0399932861,406.5823059082,24.3600006104,-0.0008613679,0.0066468965,-0.0009451439,-1.3499984741
2021-09-22,127.7341079712,165.4199981689,410.5484619141,20.8700008392,0.0059472182,-0.0037409996,0.0097075947,-3.4899997712
2021-09-23,124.8476409912,163.5099945068,415.5366821289,18.6299991608,-0.0228567001,-0.0116135662,0.0120769170,-2.2400016784
2021-09-24,123.6274719238,163.3000030518,416.2211303711,17.7500000000,-0.0098213367,-0.0012850983,0.0016457877,-0.8799991608
2021-09-27,123.1730270386,163.6399993896,415.0303649902,18.7600002289,-0.0036826943,0.0020798707,-0.0028649962,1.0100002289
2021-09-28,121.2543945312,162.0500030518,406.6666870117,23.2500000000,-0.0156993180,-0.0097639409,-0.0203577871,4.4899997711
2021-09-29,121.4647445679,161.3200073242,407.3511352539,22.5599994659,0.0017332798,-0.0045149330,0.0016816546,-0.6900005341
2021-09-30,121.4479904175,164.2200012207,402.3724365234,23.1399993896,-0.0001379438,0.0178169843,-0.0122974349,0.5799999237
2021-10-01,122.4700012207,164.5899963379,407.1542053223,21.1000003815,0.0083800033,0.0022505111,0.0118138778,-2.0399990081
2021-10-04,122.1582489014,165.3600006104,401.9036254883,22.9599990845,-0.0025487857,0.0046674083,-0.0129796743,1.8599987030
2021-10-05,120.9786605835,164.5899963379,406.0853576660,21.2999992371,-0.0097031551,-0.0046674083,0.0103510558,-1.6599998474
2021-10-06,121.6611251831,165.0299987793,407.7731628418,21.0000000000,0.0056253462,0.0026697574,0.0041476683,-0.2999992371
2021-10-07,120.3888549805,164.1600036621,411.2986145020,19.5400009155,-0.0105125555,-0.0052856839,0.0086084603,-1.4599990845
2021-10-08,119.5462341309,164.2299957275,410.5484619141,18.7700004578,-0.0070237689,0.0004262740,-0.0018255289,-0.7700004577
2021-10-11,119.2429351807,163.9199981689,407.5762634277,20.0000000000,-0.0025403088,-0.0018893656,-0.0072659131,1.2299995422
2021-10-12,121.2819595337,164.6600036621,406.5729064941,19.8500003815,0.0169551946,0.0045042714,-0.0024648000,-0.1499996185
2021-10-13,122.4615631104,167.5899963379,408.0356140137,18.6399993896,0.0096791314,0.0176377344,0.0035911952,-1.2100009919
2021-10-14,122.9165878296,168.0000000000,414.8990478516,16.8600006104,0.0037087674,0.0024434809,0.0166807726,-1.7799987792
2021-10-15,122.2004013062,165.3300018311,418.0587768555,16.2999992371,-0.0058436469,-0.0160204918,0.0075868047,-0.5600013733
2021-10-18,122.7733612061,164.9199981689,419.2966003418,16.3099994659,0.0046777331,-0.0024829909,0.0029565091,0.0100002288
2021-10-19,121.0797729492,165.4499969482,422.5313720703,15.6999998093,-0.0138904550,0.0032085192,0.0076851513,-0.6099996566
2021-10-20,120.2624588013,166.8999938965,424.1908569336,15.4899997711,-0.0067730978,0.0087257782,0.0039197908,-0.2100000382
2021-10-21,120.1191635132,166.7500000000,425.2973327637,15.0100002289,-0.0011922318,-0.0008991093,0.0026050426,-0.4799995422
2021-10-22,121.4420547485,167.7700042725,424.8566589355,15.4300003052,0.0109529540,0.0060983345,-0.0010366919,0.4200000763
2021-10-25,121.2566909790,168.9299926758,427.1350708008,15.2399997711,-0.0015275217,0.0068903653,0.0053484493,-0.1900005341
2021-10-26,122.2594070435,167.6799926758,427.5194702148,15.9799995422,0.0082353630,-0.0074270271,0.0008995434,0.7399997711
2021-10-27,124.4837646484,168.1199951172,425.6254577637,16.9799995422,0.0180302283,0.0026206236,-0.0044400793,1.0000000000
2021-10-28,124.0625839233,168.0800018311,429.7322387695,16.5300006866,-0.0033891556,-0.0002379137,0.0096025618,-0.4499988556
2021-10-29,124.4416809082,166.6499938965,430.6042785645,16.2600002289,0.0030510324,-0.0085442993,0.0020272070,-0.2700004577
2021-11-01,123.5456771851,167.5200042725,431.3450317383,16.4099998474,-0.0072262363,0.0052070045,0.0017187864,0.1499996185
2021-11-02,124.0940856934,167.1600036621,433.0889892578,16.0300006866,0.0044290900,-0.0021513131,0.0040349173,-0.3799991608
2021-11-03,122.8117294312,165.7700042725,435.7331237793,15.1000003815,-0.0103875058,-0.0083501483,0.0060867297,-0.9300003051
2021-11-04,124.1025009155,167.6499938965,437.7864379883,15.4399995804,0.0104553167,0.0112771253,0.0047012525,0.3399991989
2021-11-05,125.9585647583,169.8399963379,439.3054504395,16.4799995422,0.0148451573,0.0129783593,0.0034637510,1.0399999618
2021-11-08,125.7223587036,170.4499969482,439.6803894043,17.2199993134,-0.0018770284,0.0035851848,0.0008531172,0.7399997712
2021-11-09,127.3591079712,171.2899932861,438.2271423340,17.7800006866,0.0129347448,0.0049160066,-0.0033107095,0.5600013732
2021-11-10,125.0305709839,173.1499938965,434.7016601562,18.7299995422,-0.0184524428,0.0108002483,-0.0080774087,0.9499988556
2021-11-11,124.8449401855,174.1199951172,434.8423156738,17.6599998474,-0.0014857865,0.0055864530,0.0003235156,-1.0699996948
2021-11-12,124.2965698242,174.4499969482,438.1239929199,16.2900009155,-0.0044020866,0.0018934615,0.0075184865,-1.3699989319
2021-11-15,122.7357940674,174.1799926758,438.2740478516,16.4899997711,-0.0126363728,-0.0015489449,0.0003424356,0.1999988556
2021-11-16,122.4236373901,172.9199981689,440.0086975098,16.3700008392,-0.0025465620,-0.0072601560,0.0039500990,-0.1199989319
2021-11-17,123.3938522339,174.5000000000,438.9397888184,17.1100006104,0.0078938230,0.0090956924,-0.0024322454,0.7399997712
2021-11-18,123.8578948975,173.9400024414,440.4305725098,17.5900001526,0.0037536091,-0.0032143154,0.0033905739,0.4799995422
2021-11-19,125.1655578613,172.6100006104,439.6429748535,17.9099998474,0.0105024243,-0.0076757083,-0.0017898456,0.3199996948
2021-11-22,123.6975555420,168.7400054932,438.4053344727,19.1700000763,-0.0117978058,-0.0226756166,-0.0028190731,1.2600002289
2021-11-23,121.9090118408,167.2799987793,438.9866333008,19.3799991608,-0.0145645561,-0.0086900535,0.0013250609,0.2099990845
2021-11-24,123.8662567139,167.1199951172,440.1586914062,18.5799999237,0.0159274467,-0.0009569598,0.0026663596,-0.7999992371
2021-11-26,126.9962692261,166.8500061035,430.3416137695,28.6200008392,0.0249553012,-0.0016168463,-0.0225559803,10.0400009155
2021-11-29,125.9754714966,166.6199951172,435.6205444336,22.9599990845,-0.0080704925,-0.0013795005,0.0121922096,-5.6600017547
2021-11-30,127.8905715942,165.5000000000,427.1443786621,27.1900005341,0.0150877715,-0.0067445464,-0.0196494741,4.2300014496
2021-12-01,128.6795043945,166.1600036621,422.4000244141,31.1200008392,0.0061498621,0.0039800068,-0.0111692892,3.9300003051
2021-12-02,128.8399810791,165.2400054932,428.8695983887,27.9500007629,0.0012463267,-0.0055522058,0.0152001161,-3.1700000763
2021-12-03,130.3773193359,166.6300048828,425.1379394531,30.6700000763,0.0118615253,0.0083768191,-0.0087392266,2.7199993134
2021-12-06,128.5865631104,166.2200012207,430.1730041504,27.1800003052,-0.0138303825,-0.0024635954,0.0117737833,-3.4899997711
2021-12-07,127.5476531982,166.8099975586,439.0709838867,21.8899993896,-0.0081122751,0.0035432061,0.0204736315,-5.2900009156
2021-12-08,125.3429870605,166.8999938965,440.2337341309,19.8999996185,-0.0174361692,0.0005393686,0.0026447053,-1.9899997711
2021-12-09,126.0440750122,165.8800048828,437.2614440918,21.5799999237,0.0055777713,-0.0061301293,-0.0067745134,1.6800003052
2021-12-10,125.7399902344,166.5800018311,441.3775634766,18.6900005341,-0.0024154422,0.0042110207,0.0093693757,-2.8899993896
2021-12-13,127.5983200073,167.0000000000,437.4676818848,20.3099994659,0.0146709994,0.0025181269,-0.0088978291,1.6199989318
2021-12-14,127.2941894531,165.4400024414,434.4579162598,21.8899993896,-0.0023863447,-0.0093852063,-0.0069037486,1.5799999237
2021-12-15,126.0694351196,166.1499938965,441.2463073730,19.2900009155,-0.0096680325,0.0042823520,0.0155041552,-2.5999984741
2021-12-16,126.1184539795,168.1600036621,437.3552551270,20.5699996948,0.0003887487,0.0120249708,-0.0088574340,1.2799987793
2021-12-17,127.5476074219,167.8000030518,432.7004699707,21.5699996948,0.0112681102,-0.0021431167,-0.0107000723,1.0000000000
2021-12-20,126.5919799805,167.0899963379,428.0993957520,22.8700008392,-0.0075205280,-0.0042402447,-0.0106903317,1.3000011444
2021-12-21,126.1099700928,167.0200042725,435.7019958496,21.0100002289,-0.0038148536,-0.0004189762,0.0176031122,-1.8600006103
2021-12-22,126.6934814453,168.5899963379,440.0584106445,18.6299991608,0.0046163325,0.0093561188,0.0099489557,-2.3800010681
2021-12-23,125.5941543579,168.9700012207,442.7965393066,17.9599990845,-0.0087149261,0.0022514815,0.0062029158,-0.6700000763
2021-12-27,125.8986282349,169.3699951172,449.0631408691,17.6800003052,0.0024213341,0.0023644505,0.0140531181,-0.2799987793
2021-12-28,125.3996429443,168.6399993896,448.6961059570,17.5400009155,-0.0039712645,-0.0043193803,-0.0008176690,-0.1399993897
2021-12-29,124.0297546387,168.5899963379,449.2700805664,16.9500007629,-0.0109842873,-0.0002965516,0.0012783882,-0.5900001526
2021-12-30,125.0698699951,169.8000030518,448.0281677246,17.3299999237,0.0083510475,0.0071515817,-0.0027681178,0.3799991608
2021-12-31,125.3150405884,170.9600067139,446.8988342285,17.2199993134,0.0019583502,0.0068083584,-0.0025238575,-0.1100006103
2022-01-03,122.0255966187,168.3300018311,449.4864501953,16.6000003815,-0.0266000602,-0.0155033010,0.0057734619,-0.6199989319
2022-01-04,121.5182037354,169.5700073242,449.3358764648,16.9099998474,-0.0041667545,0.0073395148,-0.0003350467,0.3099994659
2022-01-05,120.8586044312,169.0599975586,440.7076110840,19.7299995422,-0.0054427727,-0.0030121971,-0.0193890204,2.8199996948
2022-01-06,121.1714553833,166.9900054932,440.2936706543,19.6100006104,0.0025852254,-0.0123197038,-0.0009397046,-0.1199989318
2022-01-07,120.3004608154,167.7500000000,438.5529479980,18.7600002289,-0.0072140757,0.0045408126,-0.0039613851,-0.8500003815
2022-01-10,120.5964508057,168.2599945068,438.0072631836,19.3999996185,0.0024574009,0.0030355936,-0.0012450597,0.6399993896
2022-01-11,121.3998031616,170.2899932861,441.9967956543,18.4099998474,0.0066394028,0.0119924571,0.0090671396,-0.9899997711
2022-01-12,120.9346618652,170.7400054932,443.1917114258,17.6200008392,-0.0038388421,0.0026391371,0.0026998012,-0.7899990082
2022-01-13,122.0086746216,170.1600036621,437.0851440430,20.3099994659,0.0088417305,-0.0034027713,-0.0138744199,2.6899986267
2022-01-14,120.1651840210,169.6699981689,437.2639160156,19.1900005341,-0.0152248159,-0.0028838292,0.0004089259,-1.1199989318
2022-01-18,118.4739151001,169.3899993896,429.5201416016,22.7900009155,-0.0141745191,-0.0016516183,-0.0178683038,3.6000003814
2022-01-19,119.2941589355,172.0800018311,425.0602111816,23.8500003815,0.0068995562,0.0157557506,-0.0104378035,1.0599994660
2022-01-20,120.0298843384,171.6499938965,420.3556213379,25.5900001526,0.0061483812,-0.0025020113,-0.0111297618,1.7399997711
2022-01-21,121.4589614868,171.0899963379,412.1037902832,28.8500003815,0.0118356923,-0.0032677719,-0.0198258347,3.2600002289
2022-01-24,120.4611511230,172.0299987793,413.8538513184,29.8999996185,-0.0082491366,0.0054791607,0.0042376596,1.0499992370
2022-01-25,120.2666397095,172.5800018311,408.8011474609,31.1599998474,-0.0016160283,0.0031920346,-0.0122840496,1.2600002289
2022-01-26,118.8121109009,169.7899932861,407.7754821777,31.9599990845,-0.0121679300,-0.0162985679,-0.0025121116,0.7999992371
2022-01-27,120.9939041138,167.6000061035,405.7619323730,30.4899997711,0.0181968198,-0.0129821153,-0.0049501200,-1.4699993134
2022-01-28,121.0361709595,167.1000061035,415.8391723633,27.6599998474,0.0003492694,-0.0029877523,0.0245319665,-2.8299999237
2022-01-31,120.4104232788,168.0899963379,423.3289184570,24.8299999237,-0.0051833333,0.0059070563,0.0178508813,-2.8299999237
2022-02-01,120.0107498169,168.2299957275,426.1892700195,21.9599990845,-0.0033247806,0.0008325369,0.0067340815,-2.8700008392
2022-02-02,120.4171829224,168.8399963379,430.3293457031,22.0900001526,0.0033809174,0.0036194339,0.0096672923,0.1300010681
2022-02-03,119.4772033691,168.6000061035,420.2144775391,24.3500003815,-0.0078366516,-0.0014224175,-0.0237855940,2.2600002289
2022-02-04,117.7158508301,168.8600006104,422.1903686523,23.2199993134,-0.0148519097,0.0015408911,0.0046910811,-1.1300010681
2022-02-07,117.7920684814,170.1100006104,420.8355102539,22.8600006104,0.0006472619,0.0073753174,-0.0032142775,-0.3599987030
2022-02-08,117.0044555664,170.6300048828,424.2980346680,21.4400005341,-0.0067089227,0.0030522079,0.0081940749,-1.4200000763
2022-02-09,117.2246780396,171.2100067139,430.5081787109,19.9599990845,0.0018804026,0.0033934143,0.0145302016,-1.4800014496
2022-02-10,115.3616867065,170.5599975586,422.7737121582,23.9099998474,-0.0160201238,-0.0038037858,-0.0181292454,3.9500007629
2022-02-11,117.0722808838,173.8099975586,414.4372558594,27.3600006104,0.0147192347,0.0188756079,-0.0199154864,3.4500007630
2022-02-14,115.6157836914,174.7400054932,413.0823059082,28.3299999237,-0.0125190453,0.0053364518,-0.0032747290,0.9699993133
2022-02-15,114.3031539917,173.0800018311,419.7440490723,25.7000007629,-0.0114183196,-0.0095452604,0.0159982575,-2.6299991608
2022-02-16,114.9806213379,174.8600006104,420.2144775391,24.2900009155,0.0059094397,0.0102317313,0.0011201232,-1.4099998474
2022-02-17,115.8359298706,177.2500000000,411.2381286621,28.1100006104,0.0074111882,0.0135755082,-0.0215928066,3.8199996949
2022-02-18,117.0553436279,177.1199951172,408.5752563477,27.7500000000,0.0104720532,-0.0007337240,-0.0064963118,-0.3600006104
2022-02-22,117.3601760864,177.4900054932,404.1906433105,28.8099994659,0.0026007888,0.0020868589,-0.0107894674,1.0599994659
2022-02-23,115.7427749634,178.2899932861,397.0208129883,31.0200004578,-0.0138773625,0.0044971001,-0.0178979511,2.2100009919
2022-02-24,115.8189849854,177.1399993896,402.9955444336,30.3199996948,0.0006582263,-0.0064710235,0.0149368009,-0.7000007630
2022-02-25,115.9036331177,176.5500030518,411.8873596191,27.5900001526,0.0007305988,-0.0033362373,0.0218244071,-2.7299995422
2022-02-28,118.4440383911,178.3800048828,410.8334960938,30.1499996185,0.0216815023,0.0103119940,-0.0025618996,2.5599994659
2022-03-01,119.8134918213,181.6199951172,404.5764160156,33.3199996948,0.0114956997,0.0180004318,-0.0153473800,3.1700000763
2022-03-02,115.7180252075,179.7299957275,412.0190734863,30.7399997711,-0.0347798842,-0.0104608644,0.0182290097,-2.5799999237
2022-03-03,116.8966064453,180.8000030518,409.9678649902,30.4799995422,0.0101334238,0.0059357638,-0.0049908646,-0.2600002289
2022-03-04,118.9146957397,183.6799926758,406.6369628906,31.9799995422,0.0171165550,0.0158036084,-0.0081579742,1.5000000000
2022-03-07,118.0074005127,186.4100036621,394.6496582031,36.4500007629,-0.0076590548,0.0147534953,-0.0299223742,4.4700012207
2022-03-08,116.8203201294,191.5099945068,391.6575927734,35.1300010681,-0.0101103097,0.0269914294,-0.0076104598,-1.3199996948
2022-03-09,115.6755599976,185.8200073242,402.1582641602,32.4500007629,-0.0098476531,-0.0301614953,0.0264577328,-2.6800003052
2022-03-10,114.0136337280,186.3999938965,400.3422241211,30.2299995422,-0.0144713406,0.0031163669,-0.0045259615,-2.2200012207
2022-03-11,114.3952026367,185.0899963379,395.2519531250,30.7500000000,0.0033411077,-0.0070526960,-0.0127963241,0.5200004578
2022-03-14,111.7241821289,182.3000030518,392.3632812500,31.7700004578,-0.0236259687,-0.0151884751,-0.0073352691,1.0200004578
2022-03-15,111.5291595459,178.8899993896,400.9914855957,29.8299999237,-0.0017470971,-0.0188826100,0.0217520456,-1.9400005341
2022-03-16,112.6230316162,180.0099945068,409.8832092285,26.6700000763,0.0097601611,0.0062412860,0.0219320694,-3.1599998474
2022-03-17,111.7835617065,180.8899993896,415.0111999512,25.6700000763,-0.0074817216,0.0048767340,0.0124332441,-1.0000000000
2022-03-18,113.1487350464,179.3000030518,419.5567321777,23.8700008392,0.0121386757,-0.0088287107,0.0108932467,-1.7999992371
2022-03-21,110.5286331177,180.6699981689,419.4340209961,23.5300006866,-0.0234285819,0.0076117550,-0.0002925209,-0.3400001526
2022-03-22,109.1125488281,179.3600006104,424.3420104980,22.9400005341,-0.0128947031,-0.0072771899,0.0116335252,-0.5900001525
2022-03-23,111.5037231445,181.8099975586,418.8771362305,23.5699996948,0.0216780742,0.0135672096,-0.0129621126,0.6299991607
2022-03-24,110.6303787231,183.1300048828,425.1914367676,21.6700000763,-0.0078632584,0.0072341375,0.0149618610,-1.8999996185
2022-03-25,109.0955886841,182.3800048828,427.2679748535,20.8099994659,-0.0139702650,-0.0041038605,0.0048718852,-0.8600006104
2022-03-28,110.0282974243,179.0599975586,430.3070983887,19.6299991608,0.0085131237,-0.0183715177,0.0070877439,-1.1800003051
2022-03-29,110.8592987061,179.1399993896,435.6303710938,18.8999996185,0.0075242360,0.0004466881,0.0122949750,-0.7299995423
2022-03-30,111.7241821289,180.5800018311,432.9404296875,19.3299999237,0.0077713564,0.0080062834,-0.0061939683,0.4300003052
2022-03-31,111.9955368042,180.6499938965,426.2768859863,20.5599994659,0.0024258461,0.0003875208,-0.0155110405,1.2299995422
2022-04-01,112.4218673706,179.5000000000,427.4849853516,19.6299991608,0.0037994476,-0.0063862159,0.0028300635,-0.9300003051
2022-04-04,111.6405563354,180.3699951172,431.1470336914,18.5699996948,-0.0069740761,0.0048350617,0.0085300116,-1.0599994660
2022-04-05,109.1183547974,179.2400054932,425.7011718750,21.0300006866,-0.0228512750,-0.0062845490,-0.0127115517,2.4600009918
2022-04-06,108.2350921631,179.6600036621,421.4443664551,22.1000003815,-0.0081274763,0.0023404756,-0.0100498463,1.0699996949
2022-04-07,107.4198379517,180.3399963379,423.5680541992,21.5499992371,-0.0075607647,0.0037777416,0.0050264166,-0.5500011444
2022-04-08,106.2564163208,181.4700012207,422.4353942871,21.1599998474,-0.0108896810,0.0062464197,-0.0026776737,-0.3899993897
2022-04-11,104.5748901367,182.3699951172,415.2150268555,24.3700008392,-0.0159517281,0.0049472061,-0.0172399991,3.2100009918
2022-04-12,104.4305648804,183.7700042725,413.6765747070,24.2600002289,-0.0013810671,0.0076474353,-0.0037120750,-0.1100006103
2022-04-13,104.6428604126,184.6499938965,418.4146728516,21.8199996948,0.0020308234,0.0047771093,0.0113885331,-2.4400005341
2022-04-14,102.5452423096,184.0399932861,413.2046508789,22.7000007629,-0.0202491335,-0.0033090194,-0.0125299882,0.8800010681
2022-04-18,102.0356903076,184.6100006104,413.3746032715,22.1700000763,-0.0049814325,0.0030924063,0.0004112186,-0.5300006866
2022-04-19,101.2713851929,181.8200073242,420.0475158691,21.3700008392,-0.0075187616,-0.0152282681,0.0160136263,-0.7999992371
2022-04-20,103.3095092773,182.7100067139,419.7360839844,20.3199996948,0.0199255314,0.0048830062,-0.0007416956,-1.0500011444
2022-04-21,102.5452423096,182.0599975586,413.4595031738,22.6800003052,-0.0074253373,-0.0035639435,-0.0150665693,2.3600006104
2022-04-22,101.8998184204,180.2899932861,402.1146240234,28.2099990845,-0.0063139313,-0.0097696614,-0.0278223906,5.5299987793
2022-04-25,102.9188995361,177.0500030518,404.4458007812,27.0200004578,0.0099511366,-0.0181344325,0.0057805545,-1.1899986267
2022-04-26,103.9549789429,177.3200073242,392.7327880859,33.5200004578,0.0100166157,0.0015238554,-0.0293882848,6.5000000000
2022-04-27,102.6216506958,175.9799957275,393.8370056152,31.6000003815,-0.0129089797,-0.0075857232,0.0028076803,-1.9200000763
2022-04-28,102.7745056152,176.9299926758,403.7851257324,29.9899997711,0.0014883915,0.0053838048,0.0249457371,-1.6100006104
2022-04-29,101.4412231445,176.9100036621,388.8630371094,33.4000015259,-0.0130577740,-0.0001129833,-0.0376556775,3.4100017548
2022-05-02,99.6828536987,173.6300048828,391.2037048340,32.3400001526,-0.0174858652,-0.0187145229,0.0060012166,-1.0600013733
2022-05-03,100.3549041748,174.0899963379,392.9969482422,29.2500000000,0.0067192615,0.0026457594,0.0045734380,-3.0900001526
2022-05-04,100.9078674316,175.8000030518,404.9649353027,25.4200000763,0.0054949521,0.0097746168,0.0299986373,-3.8299999237
2022-05-05,98.1431503296,175.1300048828,390.5713195801,31.2000007629,-0.0277807664,-0.0038184194,-0.0361898947,5.7800006866
2022-05-06,96.6969833374,175.4199981689,388.2400512695,30.1900005341,-0.0148449246,0.0016545049,-0.0059867520,-1.0100002288
2022-05-09,97.5476684570,172.8800048828,375.8096008301,34.7500000000,0.0087589599,-0.0145853476,-0.0325412028,4.5599994659
2022-05-10,98.4323501587,171.4199981689,376.6779479980,32.9900016785,0.0090283460,-0.0084810657,0.0023079387,-1.7599983215
2022-05-11,100.3294296265,172.8200073242,370.6940002441,32.5600013733,0.0190895561,0.0081339580,-0.0160136479,-0.4300003052
2022-05-12,100.1422271729,170.1699981689,370.3070678711,31.7700004578,-0.0018676207,-0.0154527062,-0.0010443505,-0.7900009155
2022-05-13,98.6620407104,168.7899932861,379.1602783203,28.8700008392,-0.0148911674,-0.0081426277,0.0236264390,-2.8999996186
2022-05-16,98.5599822998,170.3999938965,377.6217956543,27.4699993134,-0.0010349597,0.0094932797,-0.0040658595,-1.4000015258
2022-05-17,97.3690109253,169.3300018311,385.3895874023,26.1000003815,-0.0121573232,-0.0062990941,0.0203615838,-1.3699989319
2022-05-18,99.4446792603,169.4199981689,369.8539733887,30.9599990845,0.0210935052,0.0005313437,-0.0411464768,4.8599987030
2022-05-19,99.6828536987,171.9100036621,367.5887451172,29.3500003815,0.0023921810,0.0145902772,-0.0061434884,-1.6099987030
2022-05-20,100.8142776489,172.0299987793,367.7491760254,29.4300003052,0.0112863057,0.0006977678,0.0004363461,0.0799999237
2022-05-23,99.1554718018,172.8300018311,374.6298522949,28.4799995422,-0.0165909484,0.0046395899,0.0185373591,-0.9500007630
2022-05-24,101.1120223999,174.1300048828,371.7700195312,29.4500007629,0.0195399943,0.0074937117,-0.0076630419,0.9700012207
2022-05-25,101.5118255615,173.0800018311,375.0545654297,28.3700008392,0.0039462648,-0.0060482488,0.0087960872,-1.0799999237
2022-05-26,101.0524444580,172.7599945068,382.5487060547,27.5000000000,-0.0045356656,-0.0018506096,0.0197844581,-0.8700008392
2022-05-27,101.2991561890,172.8500061035,391.9399108887,25.7199993134,0.0024384473,0.0005208854,0.0242525582,-1.7800006866
2022-05-31,99.1554718018,171.1399993896,389.7407531738,26.1900005341,-0.0213890408,-0.0099422703,-0.0056267569,0.4700012207
2022-06-01,99.0421066284,172.2299957275,386.5882873535,25.6900005341,-0.0011439614,0.0063488366,-0.0081215129,-0.5000000000
2022-06-02,99.0932312012,174.3500061035,393.9503479004,24.7199993134,0.0005160571,0.0122340401,0.0188646110,-0.9700012207
2022-06-03,98.8802185059,172.5800018311,387.4849548340,24.7900009155,-0.0021519328,-0.0102039004,-0.0165478590,0.0700016021
2022-06-06,97.0564956665,171.8200073242,388.6647949219,25.0699996948,-0.0186159650,-0.0044134479,0.0030402406,0.2799987793
2022-06-07,98.1046905518,172.9400024414,392.3929138184,24.0200004578,0.0107419409,0.0064972678,0.0095464065,-1.0499992370
2022-06-08,97.2354278564,172.7799987793,388.1268310547,23.9599990845,-0.0089000502,-0.0009256258,-0.0109314986,-0.0600013733
2022-06-09,97.5592956543,172.2299957275,378.8960266113,26.0900001526,0.0033252245,-0.0031883338,-0.0240703390,2.1300010681
2022-06-10,96.9542388916,174.5399932861,367.9096374512,27.7500000000,-0.0062212505,0.0133231352,-0.0294244737,1.6599998474
2022-06-13,93.9118881226,169.9299926758,353.9407958984,34.0200004578,-0.0318821209,-0.0267673588,-0.0387077017,6.2700004578
2022-06-14,92.7273483276,168.5700073242,352.8742675781,32.6899986267,-0.0126935335,-0.0080354072,-0.0030178449,-1.3300018311
2022-06-15,94.4572906494,170.7700042725,357.9049987793,29.6200008392,0.0184843328,0.0129665097,0.0141557737,-3.0699977875
2022-06-16,95.2072448730,172.6900024414,346.0597229004,32.9500007629,0.0079082590,0.0111804468,-0.0336562149,3.3299999237
2022-06-17,95.5140228271,171.2700042725,346.8057556152,31.1299991608,0.0032170321,-0.0082568101,0.0021534714,-1.8200016021
2022-06-21,93.8948593140,170.6300048828,355.5360717773,30.1900005341,-0.0170974343,-0.0037437854,0.0248618707,-0.9399986267
2022-06-22,96.4769973755,171.3099975586,354.8915710449,28.9500007629,0.0271289724,0.0039772683,-0.0018144027,-1.2399997712
2022-06-23,97.2695083618,170.2599945068,358.3703002930,29.0499992371,0.0081809517,-0.0061481183,0.0097545010,0.0999984742
2022-06-24,95.9230804443,170.0899963379,369.7642822266,27.2299995422,-0.0139389376,-0.0009989610,0.0312989174,-1.8199996949
2022-06-27,95.1049804688,169.8999938965,368.3519897461,26.9500007629,-0.0085652859,-0.0011176944,-0.0038267527,-0.2799987793
2022-06-28,95.5481338501,169.6199951172,360.8254699707,28.3600006104,0.0046488008,-0.0016493806,-0.0206445962,1.4099998475
2022-06-29,97.0394439697,169.4900054932,360.5316162109,28.1599998474,0.0154873948,-0.0007666517,-0.0008147249,-0.2000007630
2022-06-30,97.8916320801,168.4600067139,357.6026000977,28.7099990845,0.0087435370,-0.0060955877,-0.0081573396,0.5499992371
2022-07-01,98.8966598511,168.3200073242,361.3847351074,26.7000007629,0.0102143933,-0.0008313997,0.0105208248,-2.0099983216
2022-07-05,99.6736755371,164.7500000000,362.0672607422,27.5400009155,0.0078261403,-0.0214377997,0.0018868587,0.8400001526
2022-07-06,98.0000839233,162.1399993896,363.2901000977,26.7299995422,-0.0169332703,-0.0159690176,0.0033716912,-0.8100013733
2022-07-07,97.1376724243,162.2299957275,368.7310791016,26.0799999237,-0.0088390594,0.0005548993,0.0148659065,-0.6499996185
2022-07-08,96.0617828369,162.3000030518,368.4277954102,24.6399993896,-0.0111377199,0.0004314382,-0.0008228449,-1.4400005341
2022-07-11,97.7183227539,161.4299926758,364.2190551758,26.1700000763,0.0170975268,-0.0053749265,-0.0114892640,1.5300006867
2022-07-12,98.2989654541,160.8300018311,360.9960937500,27.2900009155,0.0059244203,-0.0037236489,-0.0088883489,1.1200008392
2022-07-13,99.4260864258,161.6000061035,359.1001892090,26.8199996948,0.0114010154,0.0047762660,-0.0052657095,-0.4700012207
2022-07-14,98.6148834229,159.3300018311,358.2281494141,26.3999996185,-0.0081923204,-0.0141466493,-0.0024313558,-0.4200000763
2022-07-15,99.1698989868,159.0099945068,365.0721435547,24.2299995422,0.0056123329,-0.0020104758,0.0189249153,-2.1700000763
2022-07-18,98.1367034912,159.1600036621,362.0577697754,25.2999992371,-0.0104730904,0.0009429498,-0.0082912035,1.0699996949
2022-07-19,97.6072921753,159.5399932861,371.8403015137,24.5000000000,-0.0054092347,0.0023846238,0.0266606810,-0.7999992371
2022-07-20,97.8634796143,158.0399932861,374.2100524902,23.8799991608,0.0026212368,-0.0094465093,0.0063528123,-0.6200008392
2022-07-21,99.5541381836,160.2700042725,378.0207214355,23.1100006104,0.0171281562,0.0140117966,0.0101317353,-0.7699985504
2022-07-22,101.2277526855,160.6699981689,374.5133972168,23.0300006866,0.0166713567,0.0024926410,-0.0093214368,-0.0799999238
2022-07-25,100.2372741699,160.2299957275,374.9684143066,23.3600006104,-0.0098328381,-0.0027423043,0.0012142180,0.3299999238
2022-07-26,100.3141174316,160.0399932861,370.5321655273,24.6900005341,0.0007663199,-0.0011865143,-0.0119015364,1.3299999237
2022-07-27,99.7505264282,161.6699981689,380.1535949707,23.2399997711,-0.0056341039,0.0101334672,0.0256351108,-1.4500007630
2022-07-28,100.5446853638,163.6399993896,384.9216308594,22.3299999237,0.0079299259,0.0121116800,0.0124643890,-0.9099998474
2022-07-29,100.2714157104,164.1000061035,390.5332641602,21.3299999237,-0.0027215927,0.0028071460,0.0144733918,-1.0000000000
2022-08-01,102.6863021851,165.0299987793,389.3767395020,22.8400001526,0.0237980646,0.0056512329,-0.0029657922,1.5100002289
2022-08-02,100.5135192871,164.0500030518,386.8079528809,23.9300003052,-0.0213864923,-0.0059559901,-0.0066190329,1.0900001526
2022-08-03,102.0960540771,164.4499969482,392.8651428223,21.9500007629,0.0156218381,0.0024352761,0.0155380809,-1.9799995423
2022-08-04,102.0618209839,167.1699981689,392.5997619629,21.4400005341,-0.0003353590,0.0164046937,-0.0006757294,-0.5100002288
2022-08-05,99.6324081421,165.2899932861,391.9362182617,21.1499996185,-0.0240912231,-0.0113097815,-0.0016915575,-0.2900009156
2022-08-08,101.2406005859,166.6900024414,391.4811706543,21.2900009155,0.0160123733,0.0084343483,-0.0011616992,0.1400012970
2022-08-09,100.8471069336,167.1999969482,389.9266052246,21.7700004578,-0.0038942908,0.0030548678,-0.0039788892,0.4799995423
2022-08-10,100.1884384155,166.7799987793,398.1165771484,19.7399997711,-0.0065527802,-0.0025151111,0.0207863401,-2.0300006867
2022-08-11,97.8530960083,166.3399963379,398.1165771484,20.2000007629,-0.0235854632,-0.0026417069,0.0000000000,0.4600009918
2022-08-12,98.8454055786,167.8699951172,404.8563232422,19.5300006866,0.0100897361,0.0091559768,0.0167873769,-0.6700000763
2022-08-15,98.7598495483,165.7100067139,406.5246276855,19.9500007629,-0.0008659287,-0.0129505281,0.0041122651,0.4200000763
2022-08-16,99.1704788208,165.4199981689,407.3209228516,19.6900005341,0.0041492364,-0.0017516300,0.0019568711,-0.2600002288
2022-08-17,98.1354064941,164.3500061035,404.4298095703,19.8999996185,-0.0104921535,-0.0064893459,-0.0071231855,0.2099990844
2022-08-18,98.2808227539,163.9199981689,405.6052246094,19.5599994659,0.0014806952,-0.0026198445,0.0029021359,-0.3400001526
2022-08-19,96.6982803345,162.7200012207,400.1546020508,20.6000003815,-0.0162333004,-0.0073475530,-0.0135293558,1.0400009156
2022-08-22,96.3732299805,161.6399993896,391.8224792480,23.7999992371,-0.0033671530,-0.0066593034,-0.0210420994,3.1999988556
2022-08-23,95.8428344727,162.7700042725,390.8746032715,24.1100006104,-0.0055187568,0.0069665512,-0.0024220774,0.3100013733
2022-08-24,95.1413650513,163.2500000000,392.1257629395,22.8199996948,-0.0073458703,0.0029445805,0.0031958114,-1.2900009156
2022-08-25,96.4673004150,163.7500000000,397.6616516113,21.7800006866,0.0138402564,0.0030581064,0.0140189100,-1.0399990082
2022-08-26,97.1944198608,161.7599945068,384.2012329102,25.5599994659,0.0075092059,-0.0122271532,-0.0344350628,3.7799987793
2022-08-29,96.3902969360,161.8600006104,381.6607666016,26.2099990845,-0.0083077586,0.0006180465,-0.0066342908,0.6499996186
2022-08-30,96.6298217773,160.5099945068,377.4708862305,26.2099990845,0.0024818653,-0.0083755561,-0.0110387254,0.0000000000
2022-08-31,95.7059631348,159.2700042725,374.5987548828,25.8700008392,-0.0096068004,-0.0077553096,-0.0076379770,-0.3399982453
2022-09-01,93.9537506104,157.8699951172,375.7742004395,25.5599994659,-0.0184779608,-0.0088290235,0.0031329661,-0.3100013733
2022-09-02,94.4852371216,159.2599945068,371.8118591309,25.4699993134,0.0056409550,0.0087661737,-0.0106004609,-0.0900001525
2022-09-06,92.1449966431,158.3300018311,370.4089660645,26.9099998474,-0.0250802145,-0.0058565783,-0.0037802624,1.4400005340
2022-09-07,93.6023025513,159.9400024414,377.0632934570,24.6399993896,0.0156915962,0.0101172861,0.0178053516,-2.2700004578
2022-09-08,92.6421890259,158.9799957275,379.5279235840,23.6100006104,-0.0103103402,-0.0060203789,0.0065151135,-1.0299987792
2022-09-09,92.8478927612,159.8200073242,385.4240417480,22.7900009155,0.0022179495,0.0052698465,0.0154159613,-0.8199996949
2022-09-12,92.0849685669,160.6300048828,389.5663757324,23.8700008392,-0.0082508703,0.0050553862,0.0106901281,1.0799999237
2022-09-13,92.2992706299,158.5399932861,372.6271362305,27.2700004578,0.0023245171,-0.0130967289,-0.0444559786,3.3999996186
2022-09-14,92.6164779663,157.9299926758,374.0490417480,26.1599998474,0.0034308343,-0.0038550346,0.0038086316,-1.1100006104
2022-09-15,92.5564498901,154.9799957275,369.8023071289,26.2700004578,-0.0006483462,-0.0188558017,-0.0114183587,0.1100006104
2022-09-16,91.7849349976,155.8399963379,366.9811096191,26.2999992371,-0.0083705501,0.0055337676,-0.0076581835,0.0299987793
2022-09-19,91.9992294312,155.9600067139,369.8269653320,25.7600002289,0.0023320239,0.0007697908,0.0077248607,-0.5399990082
2022-09-20,91.0819854736,155.0700073242,365.5818786621,27.1599998474,-0.0100201611,-0.0057229321,-0.0115449627,1.3999996185
2022-09-21,92.6078796387,155.7899932861,359.2048034668,27.9899997711,0.0166141911,0.0046322283,-0.0175975633,0.8299999237
2022-09-22,90.2419052124,155.6999969482,356.1875305176,27.3500003815,-0.0258803311,-0.0005778442,-0.0084353457,-0.6399993896
2022-09-23,90.6104888916,153.0099945068,350.2196960449,29.9200000763,0.0040760775,-0.0174278164,-0.0168967027,2.5699996948
2022-09-26,88.8788833618,151.2299957275,346.7550659180,32.2599983215,-0.0192953960,-0.0117014143,-0.0099419917,2.3399982452
2022-09-27,86.5386123657,151.5399932861,345.8699340820,32.5999984741,-0.0266838817,0.0020477437,-0.0025558775,0.3400001526
2022-09-28,89.4361038208,154.6900024414,352.6753540039,30.1800003052,0.0329337465,0.0205735578,0.0194851654,-2.4199981689
2022-09-29,88.9731903076,154.6600036621,345.3082275391,31.8400001526,-0.0051893547,-0.0001939472,-0.0211105254,1.6599998474
2022-09-30,87.8244705200,154.6699981689,339.9685974121,31.6200008392,-0.0129949225,0.0000646204,-0.0155841785,-0.2199993134
2022-10-03,89.2199478149,158.4299926758,348.9443054199,30.1000003815,0.0157644755,0.0240190059,0.0260590734,-1.5200004577
2022-10-04,88.9707717896,160.6999969482,359.7568664551,29.0699996948,-0.0027967359,0.0142264446,0.0305161062,-1.0300006867
2022-10-05,88.1200790405,159.8099975586,358.9192504883,28.5499992371,-0.0096074900,-0.0055536594,-0.0023309981,-0.5200004577
2022-10-06,87.6303024292,159.6300048828,355.2167053223,30.5200004578,-0.0055735626,-0.0011269265,-0.0103693934,1.9700012207
2022-10-07,86.7795486450,157.8800048828,345.3082275391,31.3600006104,-0.0097558771,-0.0110233861,-0.0282906094,0.8400001526
2022-10-10,85.4305114746,155.4799957275,342.6717834473,32.4500007629,-0.0156676650,-0.0153182032,-0.0076643419,1.0900001525
2022-10-11,85.8085784912,155.1600036621,340.5016479492,33.6300010681,0.0044156697,-0.0020602123,-0.0063531241,1.1800003052
2022-10-12,86.2296295166,155.9900054932,339.3785400391,33.5699996948,0.0048948646,0.0053350717,-0.0033038437,-0.0600013733
2022-10-13,85.4047241211,154.9100036621,348.3350219727,31.9400005341,-0.0096124317,-0.0069476111,0.0260486018,-1.6299991607
2022-10-14,84.7000961304,152.9799957275,340.3970031738,32.0200004578,-0.0082846802,-0.0125371608,-0.0230521307,0.0799999237
2022-10-17,84.2876052856,153.4199981689,349.1441040039,31.3700008392,-0.0048819134,0.0028720806,0.0253721496,-0.6499996186
2022-10-18,84.4852676392,153.7500000000,353.2464599609,30.5000000000,0.0023423485,0.0021486601,0.0116812577,-0.8700008392
2022-10-19,82.9471893311,151.6900024414,350.7431640625,30.7600002289,-0.0183730395,-0.0134889260,-0.0071117709,0.2600002289
2022-10-20,81.5292968750,151.4499969482,347.8021240234,29.9799995422,-0.0172417057,-0.0015834634,-0.0084205204,-0.7800006867
2022-10-21,80.0599288940,154.1499938965,356.2541503906,29.6900005341,-0.0181869611,0.0176705974,0.0240106728,-0.2899990081
2022-10-24,79.3982620239,153.6499938965,360.6134338379,29.8500003815,-0.0082989863,-0.0032488659,0.0121621825,0.1599998474
2022-10-25,81.7097778320,154.0000000000,366.3719177246,28.4599990845,0.0286971953,0.0022753536,0.0158424219,-1.3900012970
2022-10-26,82.8869628906,154.9799957275,363.6116638184,27.2800006866,0.0143041123,0.0063434464,-0.0075625456,-1.1799983979
2022-10-27,83.7548904419,154.7400054932,361.6700439453,27.3899993896,0.0104167756,-0.0015497241,-0.0053541251,0.1099987030
2022-10-28,83.1791458130,153.1600036621,370.2743835449,25.7500000000,-0.0068978972,-0.0102631741,0.0235119926,-1.6399993896
2022-10-31,82.5862503052,151.9100036621,367.5997619629,25.8799991608,-0.0071534596,-0.0081948862,-0.0072495650,0.1299991608
2022-11-01,83.3580627441,153.4600067139,365.9911804199,25.8099994659,0.0093021326,0.0101517262,-0.0043855070,-0.0699996949
2022-11-02,82.9962768555,152.3899993896,356.8062133789,25.8600006104,-0.0043495885,-0.0069969702,-0.0254164212,0.0500011445
2022-11-03,82.5483398438,151.8099975586,353.1322326660,25.2999992371,-0.0054116904,-0.0038132974,-0.0103502312,-0.5600013733
2022-11-04,81.1615142822,156.4700012207,358.2149047852,24.5499992371,-0.0169428865,0.0302345833,0.0142905154,-0.7500000000
2022-11-07,80.3517913818,155.8500061035,361.6415100098,24.3500003815,-0.0100267861,-0.0039702607,0.0095203183,-0.1999988556
2022-11-08,81.2304000854,159.4499969482,363.5926818848,25.5400009155,0.0108751757,0.0228363289,0.0053808180,1.1900005340
2022-11-09,81.4974365234,158.6499938965,356.1018371582,26.0900001526,0.0032820037,-0.0050298948,-0.0208174859,0.5499992371
2022-11-10,84.6329574585,163.4799957275,375.6711730957,23.5300006866,0.0377521928,0.0299901530,0.0534974717,-2.5599994660
2022-11-11,84.3228225708,164.5599975586,379.3070983887,22.5200004578,-0.0036712001,0.0065845979,0.0096319418,-1.0100002288
2022-11-14,84.1161117554,164.9199981689,376.0804138184,23.7299995422,-0.0024544316,0.0021852662,-0.0085431759,1.2099990844
2022-11-15,85.4771347046,165.5000000000,379.2880249023,24.5400009155,0.0160507826,0.0035106981,0.0084928896,0.8100013733
2022-11-16,87.3463745117,165.1199951172,376.3945007324,24.1100006104,0.0216326206,-0.0022987421,-0.0076580792,-0.4300003051
2022-11-17,86.4246673584,163.9199981689,375.2427978516,23.9300003052,-0.0106083935,-0.0072939600,-0.0030645200,-0.1800003052
2022-11-18,85.8302993774,162.7899932861,376.9466247559,23.1200008392,-0.0069010531,-0.0069175074,0.0045303211,-0.8099994660
2022-11-21,86.1920623779,161.8800048828,375.5759277344,22.3600006104,0.0042060059,-0.0056056352,-0.0036429434,-0.7600002288
2022-11-22,87.4152984619,162.0700073242,380.6300964355,21.2900009155,0.0140922173,0.0011730357,0.0133673729,-1.0699996949
2022-11-23,88.9399642944,163.0800018311,383.0286865234,20.3500003815,0.0172912767,0.0062125033,0.0062818579,-0.9400005340
2022-11-25,88.6384963989,163.2200012207,382.9429626465,20.5000000000,-0.0033953238,0.0008581023,-0.0002238304,0.1499996185
2022-11-28,88.8883132935,161.9299926758,376.8323364258,22.2099990845,0.0028144150,-0.0079348937,-0.0160856979,1.7099990845
2022-11-29,87.8460159302,162.7299957275,376.1851806641,21.8899993896,-0.0117952121,0.0049282616,-0.0017188336,-0.3199996949
2022-11-30,88.4920654297,164.8099975586,388.0351867676,20.5799999237,0.0073274291,0.0127009210,0.0310144991,-1.3099994659
2022-12-01,91.3189697266,167.8399963379,387.7496337891,19.8400001526,0.0314456478,0.0182178424,-0.0007361655,-0.7399997711
2022-12-02,92.4673538208,167.2599945068,387.3022766113,19.0599994659,0.0124971110,-0.0034616677,-0.0011543929,-0.7800006867
2022-12-05,91.1722106934,164.3899993896,380.3350524902,20.7500000000,-0.0141055072,-0.0173078053,-0.0181528833,1.6900005341
2022-12-06,92.3465118408,164.8399963379,374.8526000977,22.1700000763,0.0127977915,0.0027336344,-0.0145196990,1.4200000763
2022-12-07,94.5223999023,166.3300018311,374.2149047852,22.6800003052,0.0232889076,0.0089984936,-0.0017026382,0.5100002289
2022-12-08,94.2633590698,166.4700012207,377.1464843750,22.2900009155,-0.0027442853,0.0008413425,0.0078034206,-0.3899993897
2022-12-09,91.8111495972,167.0599975586,374.3291015625,22.8299999237,-0.0263588115,0.0035378944,-0.0074983035,0.5399990082
2022-12-12,92.1047134399,165.6799926758,379.7258911133,25.0000000000,0.0031923738,-0.0082948418,0.0143142921,2.1700000763
2022-12-13,92.9941024780,168.5099945068,382.6004028320,22.5499992371,0.0096099576,0.0169368897,0.0075414566,-2.4500007629
2022-12-14,93.3913040161,168.1000061035,380.1542053223,21.1399993896,0.0042621592,-0.0024359859,-0.0064141360,-1.4099998475
2022-12-15,93.7556762695,165.3500061035,370.8550415039,22.8299999237,0.0038939737,-0.0164946004,-0.0247657113,1.6900005341
2022-12-16,92.7083740234,166.7899932861,366.4765930176,22.6200008392,-0.0112334067,0.0086710195,-0.0118766095,-0.2099990845
2022-12-19,91.1503906250,166.3200073242,363.3689575195,22.4200000763,-0.0169480165,-0.0028218082,-0.0085159231,-0.2000007629
2022-12-20,89.5318069458,169.0800018311,363.8662109375,21.4799995422,-0.0179168396,0.0164582989,0.0013675177,-0.9400005341
2022-12-21,89.7568511963,168.8000030518,369.3069458008,20.0699996948,0.0025104139,-0.0016573863,0.0148418820,-1.4099998474
2022-12-22,89.7395477295,166.7599945068,364.0383300781,21.9699993134,-0.0001928002,-0.0121589802,-0.0143689652,1.8999996186
2022-12-23,88.4239120483,167.2599945068,366.1323852539,20.8700008392,-0.0147691294,0.0029938350,0.0057358118,-1.0999984742
2022-12-27,86.6754837036,168.6699981689,364.6885070801,21.6499996185,-0.0199713591,0.0083946773,-0.0039513924,0.7799987793
2022-12-28,86.1648559570,167.9100036621,360.1562805176,22.1399993896,-0.0059086812,-0.0045159890,-0.0125055342,0.4899997711
2022-12-29,87.1429443359,168.8500061035,366.6392211914,21.4400005341,0.0112874177,0.0055826396,0.0178402662,-0.6999988555
2022-12-30,86.1735305786,169.6399993896,365.6734313965,21.6700000763,-0.0111867480,0.0046677580,-0.0026376449,0.2299995422
2023-01-03,87.8180313110,171.0599975586,364.1340026855,22.8999996185,0.0189037869,0.0083358169,-0.0042187320,1.2299995422
2023-01-04,89.0211334229,172.6699981689,366.9451293945,22.0100002289,0.0136069482,0.0093678899,0.0076903866,-0.8899993896
2023-01-05,89.3933486938,170.5200042725,362.7570800781,22.4599990845,0.0041724843,-0.0125296309,-0.0114789163,0.4499988556
2023-01-06,91.0378646851,173.7100067139,371.0758666992,21.1299991608,0.0182292354,0.0185346638,0.0226731248,-1.3299999237
2023-01-09,91.5225830078,174.1000061035,370.8654785156,21.9699993134,0.0053102352,0.0022426011,-0.0005671289,0.8400001526
2023-01-10,90.0078735352,174.7400054932,373.4663085938,20.5799999237,-0.0166886004,0.0036693045,0.0069883907,-1.3899993897
2023-01-11,91.4706420898,174.6199951172,378.1898498535,21.0900001526,0.0161209191,-0.0006870299,0.0125685219,0.5100002289
2023-01-12,93.2709732056,176.6399993896,379.5667724609,18.8299999237,0.0194908776,0.0115016032,0.0036342120,-2.2600002289
2023-01-13,92.3967666626,178.7599945068,381.0392761230,18.3500003815,-0.0094169618,0.0119303337,0.0038719269,-0.4799995422
2023-01-17,91.7995529175,177.5899963379,380.3412475586,19.3600006104,-0.0064845578,-0.0065665913,-0.0018335871,1.0100002289
2023-01-18,94.0240020752,177.0800018311,374.3364562988,20.3400001526,0.0239426635,-0.0028758838,-0.0159138609,0.9799995422
2023-01-19,93.4354095459,179.8899993896,371.6112670898,20.5200004578,-0.0062797003,0.0157439314,-0.0073066818,0.1800003052
2023-01-20,91.9207153320,179.2899932861,378.5340881348,19.8500003815,-0.0163439750,-0.0033409804,0.0184578030,-0.6700000763
2023-01-23,91.4879379272,179.6300048828,383.0759582520,19.8099994659,-0.0047192780,0.0018946378,0.0119271640,-0.0400009156
2023-01-24,92.8035736084,180.2799987793,382.6648254395,19.2000007629,0.0142780101,0.0036119841,-0.0010738173,-0.6099987030
2023-01-25,93.0286331177,181.1100006104,382.8082580566,19.0799999237,0.0024221810,0.0045933938,0.0003747555,-0.1200008392
2023-01-26,92.5958557129,179.4700012207,387.0154113770,18.7299995422,-0.0046629428,-0.0090965150,0.0109302828,-0.3500003815
2023-01-27,92.3621444702,179.2200012207,387.9046936035,18.5100002289,-0.0025271831,-0.0013939616,0.0022951595,-0.2199993133
2023-01-30,92.0245895386,178.7599945068,383.0377502441,19.9400005341,-0.0036613839,-0.0025700149,-0.0126261255,1.4300003052
2023-01-31,92.7602920532,179.4100036621,388.6696472168,19.3999996185,0.0079628419,0.0036296165,0.0145961979,-0.5400009156
2023-02-01,93.8753967285,181.6699981689,392.8003540039,17.8700008392,0.0119496753,0.0125181345,0.0105717308,-1.5299987793
2023-02-02,93.9968795776,177.8999938965,398.5182800293,18.7299995422,0.0012932495,-0.0209702840,0.0144518916,0.8599987030
2023-02-03,92.5911102295,173.4600067139,394.2824401855,18.3299999237,-0.0150684505,-0.0252744964,-0.0106858635,-0.3999996185
2023-02-06,91.9055709839,173.8200073242,391.8728332520,19.4300003052,-0.0074314876,0.0020732592,-0.0061301236,1.1000003815
2023-02-07,91.1679382324,173.9799957275,396.9979858398,18.6599998474,-0.0080583668,0.0009200024,0.0129938250,-0.7700004578
2023-02-08,91.6018447876,174.4100036621,392.6569213867,19.6299991608,0.0047481303,0.0024685448,-0.0109949502,0.9699993134
2023-02-09,90.7340621948,173.0299987793,389.2528991699,20.7099990845,-0.0095185766,-0.0079438875,-0.0087069983,1.0799999237
2023-02-10,89.7187805176,173.3600006104,390.1613159180,20.5300006866,-0.0112527171,0.0019053779,0.0023310254,-0.1799983979
2023-02-13,90.4737243652,172.4799957275,394.7413940430,20.3400001526,0.0083793526,-0.0050890978,0.0116705677,-0.1900005340
2023-02-14,90.2654495239,172.6100006104,394.5597229004,18.9099998474,-0.0023047016,0.0007534550,-0.0004603342,-1.4300003052
2023-02-15,89.4237518311,170.8899993896,395.8410339355,18.2299995422,-0.0093684411,-0.0100146468,0.0032421835,-0.6800003052
2023-02-16,88.1567840576,170.7500000000,390.3908081055,20.1700000763,-0.0142694611,-0.0008195726,-0.0138643918,1.9400005341
2023-02-17,88.8423385620,171.2599945068,389.4154663086,20.0200004578,0.0077464557,0.0029823391,-0.0025014990,-0.1499996185
2023-02-21,87.1154479980,170.6199951172,381.6034240723,22.8700008392,-0.0196290945,-0.0037440047,-0.0202648980,2.8500003814
2023-02-22,87.9138031006,169.6600036621,381.0775146484,22.2900009155,0.0091225968,-0.0056423769,-0.0013791075,-0.5799999237
2023-02-23,88.7728958130,169.5700073242,383.1046447754,21.1399993896,0.0097245519,-0.0005305919,0.0053053709,-1.1500015259
2023-02-24,87.6187744141,168.3500061035,379.0122375488,21.6700000763,-0.0130860813,-0.0072206822,-0.0107396822,0.5300006867
2023-02-27,87.8617248535,169.0099945068,380.3030700684,20.9500007629,0.0027689754,0.0039126704,0.0033999940,-0.7199993134
2023-02-28,88.2609252930,169.7799987793,378.8974609375,20.7000007629,0.0045332173,0.0045456219,-0.0037028708,-0.2500000000
2023-03-01,87.3127136230,170.7599945068,377.4440917969,20.5799999237,-0.0108014038,0.0057555556,-0.0038431603,-0.1200008392
2023-03-02,86.5385131836,170.6600036621,380.3795166016,19.5900001526,-0.0089065297,-0.0005857352,0.0077470257,-0.9899997711
2023-03-03,88.6350097656,172.4900054932,386.4800109863,18.4899997711,0.0239373697,0.0106660011,0.0159106665,-1.1000003815
2023-03-06,87.9477233887,171.6199951172,386.7477111816,18.6100006104,-0.0077843381,-0.0050565937,0.0006924227,0.1200008393
2023-03-07,88.4870834351,168.6199951172,380.8193664551,19.5900001526,0.0061140059,-0.0176350684,-0.0154474124,0.9799995422
2023-03-08,88.5740814209,168.5399932861,381.4409484863,19.1100006104,0.0009826886,-0.0004745630,0.0016308921,-0.4799995422
2023-03-09,88.7915649414,170.1999969482,374.4033508301,22.6100006104,0.0024523760,0.0098011277,-0.0186223566,3.5000000000
2023-03-10,91.8536300659,173.8699951172,369.0009460449,24.7999992371,0.0339046765,0.0213336672,-0.0145344866,2.1899986267
2023-03-13,92.0624084473,177.8600006104,368.4750366211,26.5200004578,0.0022703672,0.0226888619,-0.0014262417,1.7200012207
2023-03-14,90.5487670898,176.8300018311,374.5659484863,23.7299995422,-0.0165781313,-0.0058078980,0.0163949188,-2.7900009156
2023-03-15,92.2973022461,178.2100067139,372.2232360840,26.1399993896,0.0191263445,0.0077738384,-0.0062741136,2.4099998474
2023-03-16,91.5752563477,178.5700073242,378.7539672852,22.9899997711,-0.0078538050,0.0020180544,0.0173930602,-3.1499996185
2023-03-17,92.9497222900,183.7700042725,374.3253173828,25.5100002289,0.0148976184,0.0287042767,-0.0117615795,2.5200004578
2023-03-20,92.1320266724,183.8399963379,377.9247131348,24.1499996185,-0.0088361056,0.0003807952,0.0095697523,-1.3600006104
2023-03-21,91.3404006958,180.3699951172,382.8870239258,21.3799991608,-0.0086294262,-0.0190555246,0.0130449648,-2.7700004577
2023-03-22,92.5582733154,183.4400024414,376.3601684570,22.2600002289,0.0132452333,0.0168773822,-0.0171933892,0.8800010681
2023-03-23,92.5582733154,185.7400054932,377.3776245117,22.6100006104,0.0000000000,0.0124602241,0.0026997629,0.3500003815
2023-03-24,92.9497222900,183.6499938965,379.8539428711,21.7399997711,0.0042202985,-0.0113161369,0.0065404753,-0.8700008393
2023-03-27,90.7662353516,181.9499969482,380.5642700195,20.6000003815,-0.0237713673,-0.0092998317,0.0018682544,-1.1399993896
2023-03-28,90.9315261841,183.4400024414,379.7099914551,19.9699993134,0.0018194047,0.0081557446,-0.0022472915,-0.6300010681
2023-03-29,90.7488327026,182.5299987793,385.2290954590,19.1200008392,-0.0020111535,-0.0049731155,0.0144304295,-0.8499984742
2023-03-30,91.1664199829,184.1799926758,387.4846496582,19.0200004578,0.0045910171,0.0089989641,0.0058380238,-0.1000003814
2023-03-31,92.5321502686,183.2200012207,392.9461669922,18.7000007629,0.0148695273,-0.0052258773,0.0139963886,-0.3199996949
2023-04-03,92.9673614502,184.5399932861,394.4434509277,18.5499992371,0.0046923248,0.0071785825,0.0038031635,-0.1500015258
2023-04-04,93.4295883179,187.9799957275,392.2550964355,19.0000000000,0.0049596071,0.0184693457,-0.0055634020,0.4500007629
2023-04-05,94.4063339233,187.8300018311,391.2280273438,19.0799999237,0.0104000811,-0.0007982433,-0.0026218042,0.0799999237
2023-04-06,94.6505355835,186.4900054932,392.7541809082,18.3999996185,0.0025833687,-0.0071596604,0.0038933422,-0.6800003052
2023-04-10,93.1243438721,185.1100006104,393.1572265625,18.9699993134,-0.0162559052,-0.0074274015,0.0010256772,0.5699996949
2023-04-11,93.3161926270,186.2799987793,393.2628784180,19.1000003815,0.0020580162,0.0063006653,0.0002686906,0.1300010681
2023-04-12,93.2202529907,187.1900024414,391.6599426270,19.0900001526,-0.0010286424,0.0048732453,-0.0040843201,-0.0100002289
2023-04-13,92.4876861572,189.7200012207,396.8622131348,17.7999992371,-0.0078894918,0.0134251506,0.0131951803,-1.2900009155
2023-04-14,91.6417694092,186.3600006104,395.8927917480,17.0699996948,-0.0091883474,-0.0178690172,-0.0024457036,-0.7299995423
2023-04-17,90.5516128540,185.5299987793,397.3133544922,16.9500007629,-0.0119671697,-0.0044637028,0.0035818287,-0.1199989319
2023-04-18,90.8742752075,186.2500000000,397.5725097656,16.8299999237,0.0035569642,0.0038732698,0.0006520566,-0.1200008392
2023-04-19,90.7870559692,185.3600006104,397.5053405762,16.4599990845,-0.0009602401,-0.0047899738,-0.0001689625,-0.3700008392
2023-04-20,91.5632553101,186.0899963379,395.3361206055,17.1700000763,0.0085133283,0.0039305246,-0.0054720281,0.7100009918
2023-04-21,91.0486907959,184.2500000000,395.6432800293,16.7700004578,-0.0056356212,-0.0099368769,0.0007766560,-0.3999996185
2023-04-24,91.9295043945,184.8099975586,396.0559997559,16.8899993896,0.0096275996,0.0030347260,0.0010426175,0.1199989318
2023-04-25,93.2812957764,185.7500000000,389.7690734863,18.7600002289,0.0145975870,0.0050734265,-0.0160011703,1.8700008393
2023-04-26,92.2871246338,184.7400054932,388.1181030273,18.8400001526,-0.0107149767,-0.0054522227,-0.0042447619,0.0799999237
2023-04-27,91.3713912964,184.7500000000,395.8448181152,17.0300006866,-0.0099722131,0.0000540989,0.0197125785,-1.8099994660
2023-04-28,92.8452606201,184.8000030518,399.2233886719,15.7799997330,0.0160018191,0.0002706159,0.0084988706,-1.2500009536
2023-05-01,90.1681060791,183.9700012207,398.8202819824,16.0799999237,-0.0292584697,-0.0045014682,-0.0010102373,0.3000001907
2023-05-02,92.4151077271,187.5200042725,394.3378295898,17.7800006866,0.0246146954,0.0191128217,-0.0113029169,1.7000007629
2023-05-03,92.9309082031,189.1100006104,391.6311950684,18.3400001526,0.0055658257,0.0084433304,-0.0068874094,0.5599994660
2023-05-04,92.0129165649,190.4400024414,388.8572082520,20.0900001526,-0.0099273299,0.0070083376,-0.0071083657,1.7500000000
2023-05-05,91.7068710327,187.4600067139,396.0559997559,17.1900005341,-0.0033316587,-0.0157716720,0.0183434125,-2.8999996185
2023-05-08,90.4216613770,187.6900024414,396.1615905762,16.9799995422,-0.0141134502,0.0012261535,0.0002665703,-0.2100009919
2023-05-09,90.0981521606,189.0200042725,394.4243164062,17.7099990845,-0.0035842001,0.0070611735,-0.0043949100,0.7299995423
2023-05-10,90.9724655151,188.7500000000,396.2670898438,16.9400005341,0.0096572283,-0.0014294640,0.0046611782,-0.7699985504
2023-05-11,91.9342041016,187.1300048828,395.5760498047,16.9300003052,0.0105162644,-0.0086197995,-0.0017453967,-0.0100002289
2023-05-12,91.1648025513,186.8099975586,395.0577392578,17.0300006866,-0.0084042627,-0.0017115441,-0.0013111269,0.1000003814
2023-05-15,90.2205581665,187.2100067139,396.4206848145,17.1200008392,-0.0104115670,0.0021389728,0.0034440532,0.0900001526
2023-05-16,89.9495086670,184.8699951172,393.7715148926,17.9899997711,-0.0030088206,-0.0125781683,-0.0067051531,0.8699989319
2023-05-17,89.6872406006,184.2299957275,398.5515136719,16.8700008392,-0.0029199844,-0.0034678951,0.0120659292,-1.1199989319
2023-05-18,89.0227203369,181.8399963379,402.3908996582,16.0499992371,-0.0074368919,-0.0130577944,0.0095872446,-0.8200016021
2023-05-19,88.3932342529,183.6399993896,401.8053588867,16.8099994659,-0.0070961907,0.0098501567,-0.0014562139,0.7600002288
2023-05-22,88.0784988403,183.2100067139,401.9685058594,17.2099990845,-0.0035669820,-0.0023442435,0.0004059524,0.3999996186
2023-05-23,88.3320465088,183.4299926758,397.4573059082,18.5300006866,0.0028745203,0.0012000108,-0.0112862201,1.3200016021
2023-05-24,87.8949203491,181.9499969482,394.5777893066,20.0300006866,-0.0049609553,-0.0081011761,-0.0072712164,1.5000000000
2023-05-25,87.6762924194,180.1999969482,397.9947814941,19.1399993896,-0.0024904771,-0.0096645790,0.0086225880,-0.8900012970
2023-05-26,88.3845062256,180.9199981689,403.1491394043,17.9500007629,0.0080451484,0.0039876062,0.0128676731,-1.1899986267
2023-05-30,89.2675399780,182.0399932861,403.3027038574,17.4599990845,0.0099412424,0.0061714718,0.0003808397,-0.4900016784
2023-05-31,90.0457077026,182.3200073242,401.0663452148,17.9400005341,0.0086794771,0.0015370188,-0.0055605432,0.4800014496
2023-06-01,90.3989715576,183.7599945068,404.8768310547,15.6499996185,0.0039154860,0.0078671034,0.0094560370,-2.2900009156
2023-06-02,89.4083862305,181.0500030518,410.7318420410,14.6000003815,-0.0110184073,-0.0148572754,0.0143576491,-1.0499992370
2023-06-05,89.2418365479,182.1399993896,409.9447937012,14.7299995422,-0.0018645343,0.0060023657,-0.0019180480,0.1299991607
2023-06-06,89.7677993774,182.3399963379,410.8374328613,13.9600000381,0.0058763802,0.0010974373,0.0021750946,-0.7699995041
2023-06-07,88.4353103638,180.1499938965,409.4168395996,13.9399995804,-0.0149550011,-0.0120832528,-0.0034637910,-0.0200004577
2023-06-08,89.4697418213,182.5299987793,411.8932189941,13.6499996185,0.0116291595,0.0131247331,0.0060303338,-0.2899999619
2023-06-09,89.3470230103,182.0399932861,412.6322937012,13.8299999237,-0.0013725652,-0.0026881301,0.0017927278,0.1800003052
2023-06-12,89.6100234985,181.8800048828,416.3756408691,15.0100002289,0.0029392604,-0.0008792505,0.0090309693,1.1800003052
2023-06-13,88.7246017456,180.5399932861,419.1208190918,14.6099996567,-0.0099299732,-0.0073948331,0.0065713937,-0.4000005722
2023-06-14,89.4346771240,180.6399993896,419.6198730469,13.8800001144,0.0079712844,0.0005537743,0.0011900079,-0.7299995423
2023-06-15,90.2937850952,181.9100036621,424.8222351074,14.5000000000,0.0095601387,0.0070059824,0.0123215738,0.6199998856
2023-06-16,89.9431381226,181.6300048828,423.3751220703,13.5399999619,-0.0038909609,-0.0015404018,-0.0034122116,-0.9600000381
2023-06-20,90.5655593872,179.7500000000,421.1785888672,13.8800001144,0.0068963295,-0.0104046810,-0.0052016541,0.3400001525
2023-06-21,90.7847061157,179.4900054932,419.0205383301,13.1999998093,0.0024168350,-0.0014474699,-0.0051370091,-0.6800003051
2023-06-22,89.6889114380,177.7100067139,420.5330810547,12.9099998474,-0.0121436935,-0.0099664807,0.0036032109,-0.2899999619
2023-06-23,90.5830917358,178.1999969482,417.3539123535,13.4399995804,0.0099204271,0.0027534519,-0.0075885746,0.5299997330
2023-06-26,90.6795196533,178.5099945068,415.6486816406,14.2500000000,0.0010639583,0.0017380934,-0.0040941844,0.8100004196
2023-06-27,90.4428100586,177.6900024414,420.2055664062,13.7399997711,-0.0026138106,-0.0046041186,0.0109036472,-0.5100002289
2023-06-28,90.8285446167,177.2799987793,420.4175109863,13.4300003052,0.0042558863,-0.0023100760,0.0005042559,-0.3099994659
2023-06-29,89.1892318726,177.0899963379,422.0746154785,13.5399999619,-0.0182132908,-0.0010723394,0.0039338210,0.1099996567
2023-06-30,90.2411880493,178.2700042725,427.0553588867,13.5900001526,0.0117256397,0.0066412217,0.0117315386,0.0500001907
2023-07-03,89.7296066284,178.4700012207,427.5466918945,13.5699996948,-0.0056851758,0.0011212478,0.0011498523,-0.0200004578
2023-07-05,88.8769683838,177.8399963379,426.9108886719,14.1800003052,-0.0095477417,-0.0035362776,-0.0014882034,0.6100006104
2023-07-06,87.6199722290,177.3099975586,423.5677795410,15.4399995804,-0.0142440702,-0.0029846498,-0.0078617524,1.2599992752
2023-07-07,87.0925750732,178.6399993896,422.4984130859,14.8299999237,-0.0060373312,0.0074730048,-0.0025278566,-0.6099996567
2023-07-10,87.2068405151,178.7799987793,423.5677795410,15.0699996948,0.0013111399,0.0007833887,0.0025278566,0.2399997711
2023-07-11,87.6551055908,179.4499969482,426.2653198242,14.8400001526,0.0051270853,0.0037406078,0.0063484215,-0.2299995422
2023-07-12,88.6308441162,181.8800048828,429.6950683594,13.5399999619,0.0110700653,0.0134505552,0.0080138449,-1.3000001907
2023-07-13,89.5625991821,182.0099945068,433.1054687500,13.6099996567,0.0104578882,0.0007144446,0.0079054614,0.0699996948
2023-07-14,89.0351943970,181.4299926758,432.8357238770,13.3400001526,-0.0059060788,-0.0031917364,-0.0006230097,-0.2699995041
2023-07-17,89.0791320801,181.5599975586,434.3385925293,13.4799995422,0.0004933650,0.0007163001,0.0034661316,0.1399993896
2023-07-18,89.4834823608,183.6399993896,437.5659790039,13.3000001907,0.0045289544,0.0113911519,0.0074031065,-0.1799993515
2023-07-19,90.4943389893,183.6699981689,438.5390319824,13.7600002289,0.0112332425,0.0001633431,0.0022213168,0.4600000382
2023-07-20,89.3955688477,182.7400054932,435.6295776367,13.9899997711,-0.0122161807,-0.0050762515,-0.0066565307,0.2299995422
2023-07-21,89.4219589233,182.1799926758,435.6295776367,13.6000003815,0.0002951621,-0.0030692385,0.0000000000,-0.3899993896
2023-07-24,89.0967102051,181.3999938965,437.5755920410,13.9099998474,-0.0036438663,-0.0042906651,0.0044571830,0.3099994659
2023-07-25,88.9296951294,182.4100036621,438.7702941895,13.8599996567,-0.0018762961,0.0055524167,0.0027265556,-0.0500001907
2023-07-26,89.0176162720,183.3000030518,438.8376770020,13.1899995804,0.0009881706,0.0048672507,0.0001535602,-0.6700000763
2023-07-27,87.2859573364,180.4199981689,435.9281921387,14.4099998474,-0.0196446911,-0.0158367154,-0.0066520556,1.2200002670
2023-07-28,87.7342529297,181.8600006104,440.1961364746,13.3299999237,0.0051227978,0.0079497076,0.0097428594,-1.0799999237
2023-07-31,87.9452209473,182.3500061035,441.0342712402,13.6300001144,0.0024017390,0.0026907871,0.0019021927,0.3000001907
2023-08-01,86.5040664673,180.4600067139,439.7721862793,13.9300003052,-0.0165227074,-0.0104187670,-0.0028657506,0.3000001908
2023-08-02,85.5785675049,179.6000061035,433.6545715332,16.0900001526,-0.0107565518,-0.0047769939,-0.0140085353,2.1599998474
2023-08-03,83.6041336060,179.5399932861,432.4118347168,15.9200000763,-0.0233419083,-0.0003342029,-0.0028698438,-0.1700000763
2023-08-04,85.0849533081,180.1900024414,430.4561462402,17.1000003815,0.0175572441,0.0036138764,-0.0045330036,1.1800003052
2023-08-07,84.2475738525,179.7799987793,434.2134094238,15.7700004578,-0.0098904362,-0.0022779889,0.0086906884,-1.3299999237
2023-08-08,85.2259979248,178.6399993896,432.3251342773,15.9899997711,0.0115467554,-0.0063612702,-0.0043582092,0.2199993133
2023-08-09,85.6667175293,177.7899932861,429.4349060059,15.9600000381,0.0051578627,-0.0047695633,-0.0067077585,-0.0299997330
2023-08-10,84.2563934326,177.6000061035,429.5890808105,15.8500003815,-0.0165999372,-0.0010691758,0.0003589534,-0.1099996566
2023-08-11,84.0625000000,177.6000061035,429.3385620117,14.8400001526,-0.0023038830,0.0000000000,-0.0005833292,-1.0100002289
2023-08-14,83.8773880005,177.0599975586,431.7085571289,14.8199996948,-0.0022045040,-0.0030452205,0.0055049278,-0.0200004578
2023-08-15,83.3661422729,176.5899963379,426.6795959473,16.4599990845,-0.0061138068,-0.0026580037,-0.0117173535,1.6399993897
2023-08-16,82.7138824463,175.5700073242,423.5485839844,16.7800006866,-0.0078548059,-0.0057927752,-0.0073651431,0.3200016021
2023-08-17,82.3613128662,175.3000030518,420.3211364746,17.8899993896,-0.0042716305,-0.0015390562,-0.0076491979,1.1099987030
2023-08-18,82.6521606445,175.3300018311,420.5234680176,17.2999992371,0.0035251434,0.0001711136,0.0004812579,-0.5900001525
2023-08-21,81.5503768921,175.8099975586,423.2595825195,17.1299991608,-0.0134200154,0.0027339296,0.0064853734,-0.1700000763
2023-08-22,82.1762084961,176.1000061035,422.1130371094,16.9699993134,0.0076448751,0.0016481976,-0.0027125225,-0.1599998474
2023-08-23,84.2123413086,177.8899993896,426.8144836426,15.9799995422,0.0244756561,0.0101133281,0.0110763157,-0.9899997712
2023-08-24,83.6570358276,177.8500061035,420.8992309570,17.2000007629,-0.0066159477,-0.0002248456,-0.0139560056,1.2200012207
2023-08-25,83.9302597046,177.6199951172,423.8664550781,15.6800003052,0.0032606782,-0.0012941234,0.0070249925,-1.5200004577
2023-08-28,84.0184097290,178.1300048828,426.5543823242,15.0799999237,0.0010497259,0.0028672389,0.0063214260,-0.6000003815
2023-08-29,84.8910140991,179.8699951172,432.7201232910,14.4499998093,0.0103323084,0.0097206924,0.0143512853,-0.6300001144
2023-08-30,84.8028869629,180.3200073242,434.5023803711,13.8800001144,-0.0010386601,0.0024987503,0.0041102706,-0.5699996949
2023-08-31,85.1818847656,180.0200042725,433.8665466309,13.5699996948,0.0044592045,-0.0016651113,-0.0014644325,-0.3100004196
2023-09-01,83.8548889160,180.1100006104,434.6758117676,13.0900001526,-0.0157009990,0.0004997992,0.0018635024,-0.4799995422
2023-09-05,82.6790847778,178.6399993896,432.7971496582,14.0100002289,-0.0141211268,-0.0081951746,-0.0043313512,0.9200000763
2023-09-06,82.8824157715,177.8300018311,429.8876647949,14.4499998093,0.0024562606,-0.0045445561,-0.0067452118,0.4399995804
2023-09-07,83.1122665405,178.0200042725,428.5678100586,14.3999996185,0.0027693769,0.0010678795,-0.0030749545,-0.0500001908
2023-09-08,83.4305572510,178.0800018311,429.2133178711,13.8400001526,0.0038223334,0.0003369703,0.0015050644,-0.5599994659
2023-09-11,82.8293838501,178.4100036621,432.0361328125,13.8000001907,-0.0072317603,0.0018513951,0.0065551857,-0.0399999619
2023-09-12,83.3067703247,177.4900054932,429.6661682129,14.2299995422,0.0057469464,-0.0051699927,-0.0055006713,0.4299993515
2023-09-13,83.2891082764,177.0800018311,430.1671447754,13.4799995422,-0.0002120346,-0.0023126820,0.0011652878,-0.7500000000
2023-09-14,82.6879119873,177.1699981689,433.8761596680,12.8199996948,-0.0072443633,0.0005080951,0.0085853051,-0.6599998474
2023-09-15,82.1839981079,178.3399963379,428.6487121582,13.7899999619,-0.0061128114,0.0065821069,-0.0121214163,0.9700002671
2023-09-18,82.6525497437,179.3899993896,428.9000549316,14.0000000000,0.0056850608,0.0058703831,0.0005861889,0.2100000381
2023-09-19,82.0425415039,179.2200012207,428.0106811523,14.1099996567,-0.0074077621,-0.0009480950,-0.0020757684,0.1099996567
2023-09-20,82.2989044189,179.3500061035,424.0757751465,15.1400003433,0.0031198840,0.0007251297,-0.0092359970,1.0300006866
2023-09-21,80.1859664917,178.0500030518,417.0665588379,17.5400009155,-0.0260092774,-0.0072748111,-0.0166663317,2.4000005722
2023-09-22,80.8313751221,178.6199951172,416.1287536621,17.2000007629,0.0080166780,0.0031961901,-0.0022511062,-0.3400001526
2023-09-25,78.8421707153,177.6999969482,417.8786315918,16.8999996185,-0.0249171810,-0.0051638989,0.0041963189,-0.3000011444
2023-09-26,78.5680999756,176.2799987793,411.7394409180,18.9400005341,-0.0034822508,-0.0080230849,-0.0148003110,2.0400009156
2023-09-27,78.1614227295,174.1000061035,411.9037780762,18.2199993134,-0.0051895540,-0.0124437512,0.0003990494,-0.7200012207
2023-09-28,78.4001312256,173.2299957275,414.2917785645,17.3400001526,0.0030493908,-0.0050097152,0.0057807310,-0.8799991608
2023-09-29,78.4089813232,171.4499969482,413.2862548828,17.5200004578,0.0001128773,-0.0103285055,-0.0024300408,0.1800003052
2023-10-02,77.0964050293,169.6499938965,413.1219787598,17.6100006104,-0.0168818264,-0.0105542059,-0.0003975665,0.0900001526
2023-10-03,75.4379272461,169.1600036621,407.5918579102,19.7800006866,-0.0217464897,-0.0028924210,-0.0134765720,2.1700000762
2023-10-04,76.5021972656,169.1399993896,410.5599365234,18.5799999237,0.0140093004,-0.0001182635,0.0072556014,-1.2000007629
2023-10-05,76.1208343506,168.8300018311,410.4052734375,18.4899997711,-0.0049974595,-0.0018344684,-0.0003767835,-0.0900001526
2023-10-06,75.1984710693,169.6999969482,415.2778930664,17.4500007629,-0.0121911041,0.0051398519,0.0118027747,-1.0399990082
2023-10-09,76.9633483887,172.8200073242,417.9366455078,17.7000007629,0.0231984144,0.0182184785,0.0063819373,0.2500000000
2023-10-10,76.8569564819,172.5299987793,420.1119079590,17.0300006866,-0.0013833274,-0.0016795055,0.0051912680,-0.6700000763
2023-10-11,78.4621658325,173.7899932861,421.8328247070,16.0900001526,0.0206705585,0.0072765078,0.0040879623,-0.9400005340
2023-10-12,76.3336944580,173.2599945068,419.2611389160,16.6900005341,-0.0275020989,-0.0030543104,-0.0061151165,0.6000003815
2023-10-13,77.6994705200,178.8300018311,417.1727905273,19.3199996948,0.0177339972,0.0316423194,-0.0049934673,2.6299991607
2023-10-16,76.4489898682,177.9600067139,421.5621643066,17.2099990845,-0.0162247236,-0.0048768005,0.0104667483,-2.1100006103
2023-10-17,75.6064376831,178.2899932861,421.5428161621,17.8799991608,-0.0110822852,0.0018525567,-0.0000458974,0.6700000763
2023-10-18,74.9412765503,180.8699951172,415.9256896973,19.2199993134,-0.0088366066,0.0143671138,-0.0134147390,1.3400001526
2023-10-19,73.4069747925,183.0899963379,412.2711791992,21.3999996185,-0.0206858720,0.0121993010,-0.0088252790,2.1800003051
2023-10-20,73.8238372803,183.5899963379,407.2051391602,21.7099990845,0.0056627223,0.0027271753,-0.0123642489,0.3099994660
2023-10-23,74.7106781006,182.9700012207,406.4994201660,20.3700008392,0.0119413506,-0.0033827789,-0.0017345833,-1.3399982453
2023-10-24,75.6951446533,182.9499969482,409.5641784668,18.9699993134,0.0130909907,-0.0001093369,0.0075111124,-1.4000015258
2023-10-25,74.0100555420,183.7200012207,403.6859741211,20.1900005341,-0.0225130494,0.0041999913,-0.0144563311,1.2200012207
2023-10-26,75.1452636719,184.0099945068,398.8520812988,20.6800003052,0.0152221195,0.0015772080,-0.0120466593,0.4899997711
2023-10-27,74.8259887695,186.1499938965,397.0441284180,21.2700004578,-0.0042578211,0.0115626934,-0.0045431954,0.5900001526
2023-10-30,74.4889678955,185.1000061035,401.7910766602,19.7500000000,-0.0045142356,-0.0056565150,0.0118848145,-1.5200004578
2023-10-31,74.1253509521,184.0899963379,404.3144226074,18.1399993896,-0.0048934406,-0.0054715040,0.0062606053,-1.6100006104
2023-11-01,75.7325668335,183.5099945068,408.6263427734,16.8700008392,0.0214506852,-0.0031556166,0.0106083021,-1.2699985504
2023-11-02,77.4589920044,184.1199951172,416.4574279785,15.6599998474,0.0225403838,0.0033185604,0.0189830915,-1.2100009918
2023-11-03,77.9840469360,184.7899932861,420.2569274902,14.9099998474,0.0067556184,0.0036323164,0.0090820137,-0.7500000000
2023-11-06,77.2276077271,183.3500061035,421.2237243652,14.8900003433,-0.0097472732,-0.0078230811,0.0022978480,-0.0199995041
2023-11-07,78.3667221069,182.5899963379,422.4224853516,14.8100004196,0.0146423682,-0.0041537457,0.0028418590,-0.0799999237
2023-11-08,79.7016067505,180.7700042725,422.7319335938,14.4499998093,0.0168903712,-0.0100176535,0.0007322881,-0.3600006103
2023-11-09,77.8683853149,181.4900054932,419.4351501465,15.2899999619,-0.0232697119,0.0039750574,-0.0078293259,0.8400001526
2023-11-10,78.3044357300,179.5099945068,425.9803466797,14.1700000763,0.0055842181,-0.0109697000,0.0154842851,-1.1199998856
2023-11-13,78.1264572144,180.5099945068,425.5742797852,14.7600002289,-0.0022754916,0.0055552614,-0.0009537073,0.5900001526
2023-11-14,79.8973846436,182.1199951172,433.8307495117,14.1599998474,0.0224143591,0.0088796362,0.0192149766,-0.6000003815
2023-11-15,78.7760848999,181.6399993896,434.7491760254,14.1800003052,-0.0141336597,-0.0026390808,0.0021147780,0.0200004578
2023-11-16,79.7550277710,183.6900024414,435.2809448242,14.3199996948,0.0123503241,0.0112228646,0.0012224148,0.1399993896
2023-11-17,80.1287765503,183.6699981689,435.8223876953,13.8000001907,0.0046752635,-0.0001089083,0.0012431199,-0.5199995041
2023-11-20,80.6182327271,183.3699951172,439.1770935059,13.4099998474,0.0060897891,-0.0016347162,0.0076679411,-0.3900003433
2023-11-21,80.5826416016,185.3500061035,438.2200317383,13.3500003815,-0.0004415749,0.0107400196,-0.0021815940,-0.0599994659
2023-11-22,80.8674316406,184.5599975586,439.9118957520,12.8500003815,0.0035279059,-0.0042713619,0.0038533301,-0.5000000000
2023-11-24,79.9151992798,185.5200042725,440.1826171875,12.4600000381,-0.0118451040,0.0051881153,0.0006152099,-0.3900003434
2023-11-27,81.2500839233,186.7700042725,439.3898315430,12.6899995804,0.0165657906,0.0067152202,-0.0018026619,0.2299995423
2023-11-28,81.4102554321,189.2599945068,439.8249206543,12.6899995804,0.0019693991,0.0132437659,0.0009897221,0.0000000000
2023-11-29,82.4336700439,189.5399932861,439.5155029297,12.9799995422,0.0124927173,0.0014783466,-0.0007037496,0.2899999618
2023-11-30,81.4814453125,188.7500000000,441.2460632324,12.9200000763,-0.0116186410,-0.0041766605,0.0039296958,-0.0599994659
2023-12-01,83.0160903931,192.0099945068,443.8564147949,12.6300001144,0.0186591197,0.0171240373,0.0058984337,-0.2899999619
2023-12-04,82.6857833862,187.8600006104,441.5264587402,13.0799999237,-0.0039867678,-0.0218504176,-0.0052631726,0.4499998093
2023-12-05,84.4623184204,187.1499938965,441.4394226074,12.8500003815,0.0212578176,-0.0037866061,-0.0001971450,-0.2299995422
2023-12-06,85.5871810913,187.8399963379,439.6605224609,12.9700002670,0.0132300193,0.0036801154,-0.0040379132,0.1199998855
2023-12-07,85.0961608887,188.1499938965,443.0152893066,13.0600004196,-0.0057535967,0.0016489675,0.0076013933,0.0900001526
2023-12-08,84.3998336792,185.6399993896,444.9199218750,12.3500003815,-0.0082164906,-0.0134301735,0.0042900326,-0.7100000381
2023-12-11,84.2212829590,183.5899963379,446.6504516602,12.6300001144,-0.0021177749,-0.0111043206,0.0038819862,0.2799997329
2023-12-12,84.4712905884,183.4900054932,448.6904296875,12.0699996948,0.0029640642,-0.0005447905,0.0045568824,-0.5600004196
2023-12-13,86.4531478882,187.6300048828,454.8779296875,12.1899995804,0.0231909040,0.0223117645,0.0136959128,0.1199998856
2023-12-14,88.7020645142,188.7299957275,456.3377380371,12.4799995422,0.0256805400,0.0058454351,0.0032040924,0.2899999618
2023-12-15,88.8005676270,187.0000000000,455.5864562988,12.2799997330,0.0011098779,-0.0092087828,-0.0016476850,-0.1999998092
2023-12-18,88.0930328369,187.8500061035,458.1491394043,12.5600004196,-0.0079995948,0.0045351877,0.0056092590,0.2800006866
2023-12-19,88.5677032471,189.1300048828,460.9351196289,12.5299997330,0.0053738206,0.0067908306,0.0060625318,-0.0300006866
2023-12-20,89.1677627563,188.1000061035,454.5477294922,13.6700000763,0.0067523022,-0.0054608664,-0.0139543713,1.1400003433
2023-12-21,88.6035308838,189.4299926758,458.8577880859,13.6499996185,-0.0063478614,0.0070457557,0.0094374087,-0.0200004578
2023-12-22,88.2005004883,190.2700042725,459.7798767090,13.0299997330,-0.0045590713,0.0044246140,0.0020075139,-0.6199998855
2023-12-26,88.4512710571,191.7200012207,461.7213134766,12.9899997711,0.0028391534,0.0075918422,0.0042136454,-0.0399999619
2023-12-27,90.0186004639,192.5899963379,462.5562133789,12.4300003052,0.0175645299,0.0045275773,0.0018066005,-0.5599994659
2023-12-28,89.3647994995,191.4700012207,462.7309265137,12.4700002670,-0.0072894578,-0.0058324132,0.0003776409,0.0399999618
2023-12-29,88.5587768555,191.1699981689,461.3913269043,12.4499998093,-0.0090603862,-0.0015680698,-0.0028991847,-0.0200004577
2024-01-02,88.0482177734,190.7200012207,458.8092041016,13.1999998093,-0.0057818832,-0.0023566847,-0.0056121019,0.7500000000
2024-01-03,88.4154510498,189.1300048828,455.0622558594,14.0399999619,0.0041621463,-0.0083717552,-0.0082002106,0.8400001526
2024-01-04,87.0720291138,189.3200073242,453.5964660645,14.1300001144,-0.0153110430,0.0010041086,-0.0032262741,0.0900001525
2024-01-05,86.2391128540,189.3500061035,454.2177429199,13.3500003815,-0.0096118768,0.0001584429,0.0013687315,-0.7799997329
2024-01-08,87.0899353027,187.8699951172,460.7020874023,13.0799999237,0.0098175037,-0.0078469783,0.0141749098,-0.2700004578
2024-01-09,86.5346374512,187.9299926758,460.0032043457,12.7600002289,-0.0063965571,0.0003193058,-0.0015181474,-0.3199996948
2024-01-10,86.1316223145,187.5000000000,462.6047058105,12.6899995804,-0.0046681485,-0.0022906687,0.0056394668,-0.0700006485
2024-01-11,86.6152725220,187.8699951172,462.4008789062,12.4399995804,0.0055995388,0.0019713629,-0.0004407042,-0.2500000000
2024-01-12,86.4450683594,189.7100067139,462.7212219238,12.6999998093,-0.0019669927,0.0097464175,0.0006925422,0.2600002289
2024-01-16,84.9225540161,187.9100036621,461.0223999023,13.8400001526,-0.0177694524,-0.0095334815,-0.0036781286,1.1400003433
2024-01-17,84.7881927490,185.8399963379,458.4597473145,14.7899999619,-0.0015834153,-0.0110770755,-0.0055741359,0.9499998093
2024-01-18,84.0000457764,187.3699951172,462.5367736816,14.1300001144,-0.0093389529,0.0081991768,0.0088535687,-0.6599998475
2024-01-19,84.2687377930,187.9299926758,468.3028259277,13.3000001907,0.0031936077,0.0029842685,0.0123890862,-0.8299999237
2024-01-22,84.7702941895,187.2200012207,469.2929687500,13.1899995804,0.0059342255,-0.0037851116,0.0021120897,-0.1100006103
2024-01-23,84.0985870361,187.9499969482,470.6616210938,12.5500001907,-0.0079554112,0.0038915513,0.0029121690,-0.6399993897
2024-01-24,83.6059646606,186.3999938965,471.1761169434,13.1400003433,-0.0058749007,-0.0082810843,0.0010925362,0.5900001526
2024-01-25,84.1522903442,187.1399993896,473.7388610840,13.4499998093,0.0065132725,0.0039621271,0.0054242984,0.3099994660
2024-01-26,83.9910888672,187.0099945068,473.1370239258,13.2600002289,-0.0019174294,-0.0006949346,-0.0012712062,-0.1899995804
2024-01-29,84.9583587646,188.3300018311,476.8839721680,13.6000003815,0.0114505313,0.0070336909,0.0078881787,0.3400001526
2024-01-30,85.7285842896,188.5899963379,476.5150756836,13.3100004196,0.0090250694,0.0013795742,-0.0007738554,-0.2899999619
2024-01-31,86.5704956055,188.4499969482,468.7396545410,14.3500003815,0.0097727512,-0.0007426236,-0.0164518542,1.0399999619
2024-02-01,88.2686691284,190.4100036621,474.8745727539,13.8800001144,0.0194261615,0.0103469577,0.0130032051,-0.4700002671
2024-02-02,86.3188705444,188.6100006104,479.8737792969,13.8500003815,-0.0223369853,-0.0094982669,0.0104723977,-0.0299997329
2024-02-05,84.5758285522,187.5700073242,478.1264648438,13.6700000763,-0.0203997251,-0.0055292462,-0.0036478412,-0.1800003052
2024-02-06,85.4024276733,188.5500030518,479.5146179199,13.0600004196,0.0097260162,0.0052110918,0.0028991113,-0.6099996567
2024-02-07,84.9891204834,188.5000000000,483.5139465332,12.8299999237,-0.0048512735,-0.0002652330,0.0083057798,-0.2300004959
2024-02-08,84.4949264526,188.3300018311,483.7275085449,12.7899999619,-0.0058317634,-0.0009022540,0.0004415899,-0.0399999618
2024-02-09,84.3242416382,187.6000061035,486.5231933594,12.9300003052,-0.0020221030,-0.0038836838,0.0057628251,0.1400003433
2024-02-12,84.4230575562,187.1100006104,486.3096008301,13.9300003052,0.0011711705,-0.0026153866,-0.0004391146,1.0000000000
2024-02-13,82.9764862061,184.5299987793,479.6116638184,15.8500003815,-0.0172832891,-0.0138846372,-0.0138687171,1.9200000763
2024-02-14,83.3987960815,184.4199981689,483.9702453613,14.3800001144,0.0050766048,-0.0005962901,0.0090466856,-1.4700002671
2024-02-15,83.8300628662,185.6600036621,487.3094787598,14.0100002289,0.0051578148,0.0067013085,0.0068759729,-0.3699998855
2024-02-16,83.3448715210,186.3399963379,484.8826904297,14.2399997711,-0.0058046107,0.0036558787,-0.0049924150,0.2299995422
2024-02-20,83.4167480469,187.4700012207,482.2131958008,15.4200000763,0.0008620273,0.0060458968,-0.0055206551,1.1800003052
2024-02-21,82.8237533569,187.4799957275,482.6499938965,15.3400001526,-0.0071342086,0.0000533111,0.0009054095,-0.0799999237
2024-02-22,83.2280578613,187.5599975586,492.6387023926,14.5399999619,0.0048696283,0.0004266309,0.0204843095,-0.8000001907
2024-02-23,84.3422164917,188.6199951172,492.9784240723,13.7500000000,0.0132980035,0.0056356020,0.0006893583,-0.7899999619
2024-02-26,84.0906372070,188.1999969482,491.1728515625,13.7399997711,-0.0029872969,-0.0022291723,-0.0036693028,-0.0100002289
2024-02-27,83.4976272583,188.0000000000,492.0853576660,13.4300003052,-0.0070770161,-0.0010632481,0.0018560870,-0.3099994659
2024-02-28,84.0277175903,188.3399963379,491.4350585938,13.8400001526,0.0063285003,0.0018068578,-0.0013223908,0.4099998474
2024-02-29,84.6207351685,189.3099975586,493.2017211914,13.3999996185,0.0070326174,0.0051370495,0.0035884593,-0.4400005341
2024-03-01,85.1480255127,192.8899993896,497.8320312500,13.1099996567,0.0062118854,0.0187342049,0.0093444724,-0.2899999618
2024-03-04,84.8054885864,196.0099945068,497.2981567383,13.4899997711,-0.0040309539,0.0160455752,-0.0010729743,0.3800001144
2024-03-05,86.0132751465,197.1900024414,492.3280334473,14.4600000381,0.0141413819,0.0060020930,-0.0100445302,0.9700002670
2024-03-06,86.5180206299,198.8099975586,494.8227844238,14.5000000000,0.0058510767,0.0081818392,0.0050544582,0.0399999619
2024-03-07,86.4368972778,199.9400024414,499.7346191406,14.4399995804,-0.0009380867,0.0056677513,0.0098775086,-0.0600004196
2024-03-08,86.2836837769,201.6300048828,496.7351379395,14.7399997711,-0.0017741203,0.0084170251,-0.0060202334,0.3000001907
2024-03-11,86.2386093140,202.0000000000,496.3079833984,15.2200002670,-0.0005225350,0.0018333385,-0.0008602941,0.4800004959
2024-03-12,85.5175476074,199.7899932861,501.6468811035,13.8400001526,-0.0083963912,-0.0110009161,0.0106997798,-1.3800001144
2024-03-13,85.1029434204,201.1900024414,500.8606872559,13.7500000000,-0.0048599673,0.0069829660,-0.0015684550,-0.0900001526
2024-03-14,83.7960357666,200.3500061035,499.8705139160,14.3999996185,-0.0154759223,-0.0041838798,-0.0019789004,0.6499996185
2024-03-15,83.7689743042,199.7100067139,496.4381103516,14.4099998474,-0.0003229966,-0.0031995196,-0.0068902689,0.0100002289
2024-03-18,83.5166091919,200.0299987793,499.3885192871,14.3299999237,-0.0030171793,0.0016010013,0.0059255647,-0.0799999237
2024-03-19,83.7509460449,199.8000030518,502.1636962891,13.8199996948,0.0028019421,-0.0011504677,0.0055417662,-0.5100002289
2024-03-20,83.7239151001,202.1799926758,506.8083801270,13.0399999619,-0.0003228060,0.0118414720,0.0092068289,-0.7799997329
2024-03-21,83.9041671753,201.9700012207,508.4830932617,12.9200000763,0.0021506199,-0.0010391759,0.0032989830,-0.1199998856
2024-03-22,84.7063674927,200.3500061035,507.5192565918,13.0600004196,0.0095154952,-0.0080533100,-0.0018973125,0.1400003433
2024-03-25,84.2827377319,200.9900054932,506.1170349121,13.1899995804,-0.0050137037,0.0031893154,-0.0027667174,0.1299991608
2024-03-26,84.5170822144,201.6399993896,505.1822509766,13.2399997711,0.0027765981,0.0032287433,-0.0018486796,0.0500001907
2024-03-27,85.3553161621,203.1000061035,509.4278259277,12.7799997330,0.0098690636,0.0072145725,0.0083689288,-0.4600000381
2024-03-28,85.2832107544,205.7200012207,509.3302917480,13.0100002289,-0.0008451246,0.0128175282,-0.0001914766,0.2300004959
2024-04-01,83.6934356689,207.8200073242,508.4442138672,13.6499996185,-0.0188170617,0.0101563288,-0.0017412071,0.6399993896
2024-04-02,83.2322387695,210.8899993896,505.2114868164,14.6099996567,-0.0055257895,0.0146643120,-0.0063783748,0.9600000382
2024-04-03,83.2141418457,212.7400054932,505.7664489746,14.3299999237,-0.0002174505,0.0087341210,0.0010978721,-0.2799997330
2024-04-04,83.8109970093,211.5200042725,499.5930480957,16.3500003815,0.0071469206,-0.0057512118,-0.0122811362,2.0200004578
2024-04-05,82.6444244385,215.1399993896,504.8121643066,16.0300006866,-0.0140168660,0.0169693993,0.0103925450,-0.3199996949
2024-04-08,82.6353912354,216.4799957275,505.0945739746,15.1899995804,-0.0001093080,0.0062091685,0.0005592787,-0.8400011062
2024-04-09,83.4040451050,217.6699981689,505.6788635254,14.9799995422,0.0092587566,0.0054820013,0.0011561238,-0.2100000382
2024-04-10,81.5864105225,215.6100006104,500.6154174805,15.8000001907,-0.0220341003,-0.0095089230,-0.0100636342,0.8200006485
2024-04-11,81.2156295776,219.8000030518,504.3935241699,14.9099998474,-0.0045549993,0.0192468329,0.0075185888,-0.8900003433
2024-04-12,81.6497192383,216.8899993896,497.4313964844,17.3099994659,0.0053306697,-0.0133277461,-0.0138991148,2.3999996185
2024-04-15,80.3836822510,220.9499969482,491.1994628906,19.2299995422,-0.0156271823,0.0185461080,-0.0126073672,1.9200000763
2024-04-16,79.8501434326,221.2200012207,490.3035888672,18.3999996185,-0.0066595276,0.0012212692,-0.0018255150,-0.8299999237
2024-04-17,80.7363586426,219.5899963379,487.4018859863,18.2099990845,0.0110373437,-0.0073955324,-0.0059357577,-0.1900005340
2024-04-18,80.3294219971,220.3399963379,486.3989562988,18.0000000000,-0.0050530598,0.0034096367,-0.0020598258,-0.2099990845
2024-04-19,80.6187973022,221.0299987793,482.1534729004,18.7099990845,0.0035958847,0.0031266421,-0.0087667130,0.7099990845
2024-04-22,80.4831314087,215.5700073242,486.5937194824,16.9400005341,-0.0016842247,-0.0250127166,0.0091670514,-1.7699985504
2024-04-23,80.5102767944,215.0399932861,492.3679504395,15.6899995804,0.0003372236,-0.0024616906,0.0117967804,-1.2500009537
2024-04-24,79.9405670166,214.6399993896,492.1342468262,15.9700002670,-0.0071013920,-0.0018618228,-0.0004747651,0.2800006866
2024-04-25,79.3799057007,215.9199981689,490.2646484375,15.3699998856,-0.0070381869,0.0059457570,-0.0038061945,-0.6000003814
2024-04-26,79.7958679199,216.6199951172,494.9093627930,15.0299997330,0.0052264633,0.0032366836,0.0094292962,-0.3400001526
2024-04-29,80.4650878906,216.1799926758,496.6621093750,14.6700000763,0.0083516769,-0.0020332838,0.0035352941,-0.3599996567
2024-04-30,79.7778015137,211.8699951172,488.7943725586,15.6499996185,-0.0085781103,-0.0201385041,-0.0159680395,0.9799995422
2024-05-01,80.3658370972,213.7899932861,487.2071838379,15.3900003433,0.0073438849,0.0090213374,-0.0032524336,-0.2599992752
2024-05-02,80.7106704712,213.1300048828,491.7642211914,14.6800003052,0.0042816163,-0.0030918623,0.0093099150,-0.7100000381
2024-05-03,81.5274124146,212.9600067139,497.8597717285,13.4899997711,0.0100685219,-0.0007979449,0.0123190781,-1.1900005341
2024-05-06,81.8450241089,215.1999969482,503.0010986328,13.4899997711,0.0038881968,0.0104634279,0.0102738998,0.0000000000
2024-05-07,82.3441238403,214.2100067139,503.5561523438,13.2299995422,0.0060795890,-0.0046109405,0.0011028757,-0.2600002289
2024-05-08,81.8450241089,213.5800018311,503.6047668457,13.0000000000,-0.0060795890,-0.0029453953,0.0000965377,-0.2299995422
2024-05-09,82.2443084717,216.9499969482,506.5064697266,12.6899995804,0.0048666802,0.0156554199,0.0057453293,-0.3100004196
2024-05-10,81.7815017700,218.7100067139,507.1589050293,12.5500001907,-0.0056431110,0.0080797839,0.0012872796,-0.1399993897
2024-05-13,81.9902114868,216.2599945068,507.2270202637,13.6000003815,0.0025487897,-0.0112653200,0.0001342985,1.0500001908
2024-05-14,82.4530258179,218.0899963379,509.5543212891,13.4200000763,0.0056288791,0.0084264427,0.0045777887,-0.1800003052
2024-05-15,83.5783004761,220.8899993896,515.8641357422,12.4499998093,0.0135551756,0.0127570324,0.0123069641,-0.9700002670
2024-05-16,83.4966354370,220.0299987793,514.8026733398,12.4200000763,-0.0009775858,-0.0039009421,-0.0020597593,-0.0299997330
2024-05-17,82.9339599609,223.6600036621,515.5428466797,11.9899997711,-0.0067617089,0.0163631628,0.0014367481,-0.4300003052
2024-05-20,82.6889724731,224.5599975586,516.1367797852,12.1499996185,-0.0029583786,0.0040158632,0.0011513907,0.1599998474
2024-05-21,83.1154556274,224.2299957275,517.4025878906,11.8599996567,0.0051444235,-0.0014706295,0.0024494640,-0.2899999618
2024-05-22,83.2152862549,220.1100006104,515.9127807617,12.2899999619,0.0012003871,-0.0185448676,-0.0028835498,0.4300003052
2024-05-23,82.6799087524,215.7200012207,512.1444091797,12.7700004578,-0.0064544288,-0.0201461480,-0.0073310872,0.4800004959
2024-05-24,82.9248886108,215.9199981689,515.5329589844,11.9300003052,0.0029586104,0.0009266841,0.0065946029,-0.8400001526
2024-05-28,81.7361145020,218.1900024414,515.8933105469,12.9200000763,-0.0144392994,0.0104582938,0.0006987442,0.9899997711
2024-05-29,80.7470016479,216.1600036621,512.2807617188,14.2799997330,-0.0121751120,-0.0093473629,-0.0070271441,1.3599996567
2024-05-30,81.5274124146,216.5700073242,508.8823852539,14.4700002670,0.0096184822,0.0018949635,-0.0066559179,0.1900005340
2024-05-31,82.0809783936,215.3000030518,513.5173950195,12.9200000763,0.0067669890,-0.0058814361,0.0090669846,-1.5500001907
2024-06-03,83.4085845947,217.2200012207,513.9360351562,13.1099996567,0.0160449355,0.0088782519,0.0008149083,0.1899995804
2024-06-04,84.3829040527,215.2700042725,514.5105590820,13.1599998474,0.0116135856,-0.0090175964,0.0011172656,0.0500001907
2024-06-05,85.0020828247,217.8200073242,520.6256103516,12.6300001144,0.0073109375,0.0117759932,0.0118151072,-0.5299997330
2024-06-06,84.8746185303,219.4299926758,520.6159667969,12.5799999237,-0.0015006686,0.0073641744,-0.0000185232,-0.0500001907
2024-06-07,83.3175354004,211.6000061035,519.9829711914,12.2200002670,-0.0185160554,-0.0363355128,-0.0012165987,-0.3599996567
2024-06-10,82.7620620728,213.5399932861,521.5895996094,12.7399997711,-0.0066892672,0.0091264085,0.0030850077,0.5199995041
2024-06-11,83.6179962158,214.1499938965,522.8457641602,12.8500003815,0.0102889938,0.0028525383,0.0024054436,0.1100006104
2024-06-12,84.2462768555,214.7200012207,527.1399536133,12.0399999619,0.0074856140,0.0026581839,0.0081795653,-0.8100004196
2024-06-13,85.4846801758,212.9700012207,528.2012329102,11.9399995804,0.0145928040,-0.0081835430,0.0020112541,-0.1000003815
2024-06-14,86.2040176392,215.7299957275,528.5227050781,12.6599998474,0.0083796043,0.0128762895,0.0006084317,0.7200002670
2024-06-17,85.3480987549,214.6100006104,532.7291870117,12.7500000000,-0.0099786118,-0.0052051757,0.0079274374,0.0900001526
2024-06-18,86.1311798096,215.4700012207,534.0825805664,12.3000001907,0.0091333076,0.0039992641,0.0025372691,-0.4499998093
2024-06-20,85.5575485229,218.1600036621,532.6318359375,13.2799997330,-0.0066822491,0.0124070609,-0.0027200261,0.9799995423
2024-06-21,85.5575485229,214.7799987793,531.9176635742,13.1999998093,0.0000000000,-0.0156145126,-0.0013417365,-0.0799999237
2024-06-24,85.9035339355,215.6300048828,530.1887207031,13.3299999237,0.0040357366,0.0039497558,-0.0032556897,0.1300001144
2024-06-25,86.0492477417,214.5599975586,532.2302246094,12.8400001526,0.0016948123,-0.0049745904,0.0038431288,-0.4899997711
2024-06-26,84.8199691772,212.5800018311,532.8945922852,12.5500001907,-0.0143887799,-0.0092710114,0.0012474928,-0.2899999619
2024-06-27,85.1568679810,214.9900054932,533.7346801758,12.2399997711,0.0039640606,0.0112731442,0.0015752203,-0.3100004196
2024-06-28,83.5724945068,215.0099945068,531.6342773438,12.4399995804,-0.0187806084,0.0000929722,-0.0039430575,0.1999998093
2024-07-01,82.1301269531,215.5700073242,532.7285156250,12.2200002670,-0.0174095494,0.0026012036,0.0020561385,-0.2199993134
2024-07-02,82.7695236206,215.5599975586,536.3136596680,12.0299997330,0.0077550179,-0.0000464350,0.0067072330,-0.1900005340
2024-07-03,83.8565597534,217.9900054932,538.7070312500,12.0900001526,0.0130477958,0.0112099336,0.0044527060,0.0600004196
2024-07-05,84.5508041382,220.9299926758,541.8134155273,12.4799995422,0.0082448689,0.0133966607,0.0057498085,0.3899993896
2024-07-08,84.7335052490,218.1900024414,542.4386596680,12.3699998856,0.0021585129,-0.0124796221,0.0011533189,-0.1099996566
2024-07-09,84.3589859009,218.5599975586,542.9661865234,12.5100002289,-0.0044297645,0.0016943112,0.0009720371,0.1400003433
2024-07-10,84.6238861084,219.3600006104,548.3388671875,12.8500003815,0.0031352340,0.0036536534,0.0098464202,0.3400001526
2024-07-11,85.4460144043,223.2500000000,543.6109619141,12.9200000763,0.0096681976,0.0175780012,-0.0086596191,0.0699996948
2024-07-12,85.8114089966,223.1100006104,547.0397338867,12.4600000381,0.0042672036,-0.0006272936,0.0062875920,-0.4600000382
2024-07-15,84.8248443604,223.8300018311,548.5441894531,13.1199998856,-0.0115634938,0.0032219172,0.0027464012,0.6599998475
2024-07-16,86.0214843750,228.2899932861,551.7969360352,13.1899995804,0.0140086075,0.0197298778,0.0059122684,0.0699996948
2024-07-17,86.0397644043,227.2299957275,544.0602416992,14.4799995422,0.0002124828,-0.0046540196,-0.0141201300,1.2899999618
2024-07-18,85.3820724487,225.7799987793,539.8792724609,15.9300003052,-0.0076734119,-0.0064016332,-0.0077144341,1.4500007630
2024-07-19,84.8796539307,221.7299957275,536.2940673828,16.5200004578,-0.0059017371,-0.0181006622,-0.0066629012,0.5900001526
2024-07-22,84.6330108643,221.8000030518,541.8231811523,14.9099998474,-0.0029100273,0.0003156825,0.0102570704,-1.6100006104
2024-07-23,84.5142288208,222.5800018311,540.9733886719,14.7200002670,-0.0014044812,0.0035105071,-0.0015696257,-0.1899995804
2024-07-24,83.6007919312,221.8000030518,528.7134399414,18.0400009155,-0.0108669157,-0.0035105071,-0.0229235048,3.3200006485
2024-07-25,84.2859039307,218.3300018311,525.9587402344,18.4599990845,0.0081616450,-0.0157684006,-0.0052238146,0.4199981690
2024-07-26,84.9435958862,220.6300048828,531.8493652344,16.3899993896,0.0077728205,0.0104794244,0.0111375321,-2.0699996949
2024-07-29,85.4003372192,220.3200073242,532.1618652344,16.6000003815,0.0053625911,-0.0014060442,0.0005873998,0.2100009919
2024-07-30,85.7291946411,222.5200042725,529.4657592773,17.6900005341,0.0038433790,0.0099359362,-0.0050792042,1.0900001526
2024-07-31,86.6061096191,226.5500030518,538.0719604492,16.3600006104,0.0101769344,0.0179486802,0.0161238099,-1.3299999237
2024-08-01,87.3530883789,225.7700042725,530.4525146484,18.5900001526,0.0085880294,-0.0034488837,-0.0142618632,2.2299995422
2024-08-02,90.0751113892,225.3399963379,520.5762939453,23.3899993896,0.0306855009,-0.0019064444,-0.0187939880,4.7999992370
2024-08-05,90.5517272949,222.4799957275,505.4150695801,38.5699996948,0.0052773665,-0.0127731658,-0.0295564439,15.1800003052
2024-08-06,88.5262069702,220.6999969482,510.0748291016,27.7099990845,-0.0226226276,-0.0080328913,0.0091774270,-10.8600006103
2024-08-07,87.9029922485,220.5500030518,506.6654968262,27.8500003815,-0.0070647865,-0.0006798590,-0.0067064224,0.1400012970
2024-08-08,87.3622360229,224.0099945068,518.3782348633,23.7900009155,-0.0061707384,0.0155662288,0.0228541427,-4.0599994660
2024-08-09,88.2237777710,224.5599975586,520.6640625000,20.3700008392,0.0098134088,0.0024522520,0.0043998812,-3.4200000763
2024-08-12,88.5445480347,228.4100036621,520.9376220703,20.7099990845,0.0036292771,0.0169993545,0.0005252672,0.3399982453
2024-08-13,89.1585998535,228.0599975586,529.5047607422,18.1200008392,0.0069110117,-0.0015335342,0.0163118487,-2.5899982453
2024-08-14,89.7176895142,226.1999969482,531.1752929688,16.1900005341,0.0062511525,-0.0081891913,0.0031499293,-1.9300003051
2024-08-15,88.9936370850,226.9100036621,540.2797241211,15.2299995422,-0.0081030834,0.0031339290,0.0169949277,-0.9600009919
2024-08-16,89.3052597046,231.9900054932,541.4909667969,14.8000001907,0.0034955117,0.0221408117,0.0022393714,-0.4299993515
2024-08-19,89.7176895142,231.6100006104,546.6685180664,14.6499996185,0.0046075717,-0.0016393657,0.0095162344,-0.1500005722
2024-08-20,90.4325790405,232.4600067139,545.7795410156,15.8800001144,0.0079366330,0.0036632708,-0.0016274957,1.2300004959
2024-08-21,90.4875488281,232.1499938965,547.6551513672,16.2700004578,0.0006076691,-0.0013345079,0.0034306799,0.3900003434
2024-08-22,89.5893554688,229.3699951172,543.3568115234,17.5499992371,-0.0099757469,-0.0120472893,-0.0078795874,1.2799987793
2024-08-23,90.1759567261,232.0200042725,549.1301879883,15.8599996567,0.0065263240,0.0114871943,0.0105693344,-1.6899995804
2024-08-26,89.9468307495,232.7599945068,547.8212280273,16.1499996185,-0.0025441101,0.0031842629,-0.0023865425,0.2899999618
2024-08-27,89.7910079956,233.3899993896,548.5733642578,15.4300003052,-0.0017338897,0.0027030152,0.0013720176,-0.7199993133
2024-08-28,89.6810302734,231.7500000000,545.3887329102,17.1100006104,-0.0012255696,-0.0070516670,-0.0058222133,1.6800003052
2024-08-29,89.3877639771,232.9499969482,545.4376220703,15.6499996185,-0.0032754625,0.0051646207,0.0000896369,-1.4600009919
2024-08-30,88.4345550537,231.2899932861,550.6443481445,15.0000000000,-0.0107210170,-0.0071515198,0.0095006859,-0.6499996185
2024-09-03,89.8809356689,230.2899932861,539.3126831055,20.7199993134,0.0162230699,-0.0043329503,-0.0207936148,5.7199993134
2024-09-04,91.0395126343,230.4299926758,538.2086791992,21.3199996948,0.0128077596,0.0006077418,-0.0020491553,0.6000003814
2024-09-05,91.5544204712,232.3500061035,536.8997802734,19.8999996185,0.0056399377,0.0082977849,-0.0024349163,-1.4200000763
2024-09-06,91.5452346802,230.6300048828,527.8637084961,22.3799991608,-0.0001003365,-0.0074301659,-0.0169733256,2.4799995423
2024-09-09,91.9406051636,231.6000061035,533.7736816406,19.4500007629,0.0043095543,0.0041970561,0.0111338094,-2.9299983979
2024-09-10,92.5842666626,232.6199951172,536.0987548828,19.0799999237,0.0069764483,0.0043944279,0.0043464563,-0.3700008392
2024-09-11,92.5107116699,232.2500000000,541.5984497070,17.6900005341,-0.0007947811,-0.0015918222,0.0102064709,-1.3899993896
2024-09-12,92.0785369873,236.3300018311,546.1604614258,17.0699996948,-0.0046825639,0.0174147634,0.0083879588,-0.6200008393
2024-09-13,92.3268051147,238.6799926758,549.0130004883,16.5599994659,0.0026926365,0.0098945708,0.0052093036,-0.5100002289
2024-09-16,93.1727371216,238.6600036621,549.8238525391,17.1399993896,0.0091206465,-0.0000837517,0.0014758373,0.5799999237
2024-09-17,92.7221832275,237.3399963379,550.0484008789,17.6100006104,-0.0048474135,-0.0055462635,0.0004083171,0.4700012208
2024-09-18,91.5728149414,235.5099945068,548.4171752930,18.2299995422,-0.0124732977,-0.0077403447,-0.0029700098,0.6199989318
2024-09-19,91.2693634033,239.1699981689,557.7755126953,16.3299999237,-0.0033192759,0.0154212364,0.0169203083,-1.8999996185
2024-09-20,90.9199676514,242.2100067139,556.8113403320,16.1499996185,-0.0038355284,0.0126305577,-0.0017300986,-0.1800003052
2024-09-23,90.7268676758,242.6799926758,558.2027587891,15.8900003433,-0.0021261042,0.0019385267,0.0024957876,-0.2599992752
2024-09-24,90.7084808350,246.0700073242,559.7999267578,15.3900003433,-0.0002026820,0.0138724052,0.0028571829,-0.5000000000
2024-09-25,89.9544982910,245.7299957275,558.5652465820,15.4099998474,-0.0083468891,-0.0013827233,-0.0022080099,0.0199995041
2024-09-26,90.1659774780,246.9799957275,560.7797241211,15.3699998856,0.0023481982,0.0050739896,0.0039567434,-0.0399999618
2024-09-27,90.6349105835,245.0200042725,559.9665527344,16.9599990845,0.0051872993,-0.0079674871,-0.0014511251,1.5899991989
2024-09-30,90.2027664185,243.0599975586,562.2104492188,16.7299995422,-0.0047793689,-0.0080315409,0.0039991899,-0.2299995423
2024-10-01,90.8540191650,245.6100006104,557.1738891602,19.2600002289,0.0071939370,0.0104365981,-0.0089988646,2.5300006867
2024-10-02,90.0883865356,245.6600036621,557.4090576172,18.8999996185,-0.0084627724,0.0002035665,0.0004219847,-0.3600006104
2024-10-03,89.2397003174,245.4900054932,556.3900756836,20.4899997711,-0.0094652496,-0.0006922454,-0.0018297414,1.5900001526
2024-10-04,88.1419754028,245.0000000000,561.4460449219,19.2099990845,-0.0123771401,-0.0019980250,0.0090460554,-1.2800006866
2024-10-07,87.4778137207,244.1699981689,556.3703613281,22.6399993896,-0.0075636675,-0.0033935140,-0.0090814886,3.4300003051
2024-10-08,87.6253738403,242.3699951172,561.6323242188,21.4200000763,0.0016854080,-0.0073992325,0.0094132184,-1.2199993133
2024-10-09,87.1272354126,241.0500030518,565.5224609375,20.8600006104,-0.0057010854,-0.0054610705,0.0069026051,-0.5599994659
2024-10-10,86.7859268188,242.8200073242,564.5327758789,20.9300003052,-0.0039250512,0.0073160648,-0.0017515698,0.0699996948
2024-10-11,86.4353866577,245.4700012207,567.9132690430,20.4599990845,-0.0040473153,0.0108542869,0.0059702680,-0.4700012207
2024-10-14,86.4999694824,245.0700073242,572.5579223633,19.7000007629,0.0007469014,-0.0016308312,0.0081451930,-0.7599983216
2024-10-15,87.5515899658,245.9199981689,568.1093139648,20.6399993896,0.0120841581,0.0034623584,-0.0078000504,0.9399986267
2024-10-16,87.9205780029,247.1499938965,570.5784912109,19.5799999237,0.0042056650,0.0049891427,0.0043368887,-1.0599994659
2024-10-17,86.5276489258,248.6300048828,570.6275634766,19.1100006104,-0.0159698806,0.0059704522,0.0000860007,-0.4699993133
2024-10-18,86.5922241211,251.2700042725,572.8224487305,18.0300006866,0.0007460172,0.0105622080,0.0038390624,-1.0799999238
2024-10-21,85.0793609619,251.2200012207,571.8817749023,18.3700008392,-0.0176255415,-0.0001990211,-0.0016435233,0.3400001526
2024-10-22,85.1623840332,253.9299926758,571.5780639648,18.2000007629,0.0009753551,0.0107295555,-0.0005312140,-0.1700000763
2024-10-23,84.9317779541,250.8699951172,566.3552856445,19.2399997711,-0.0027115125,-0.0121237524,-0.0091794743,1.0399990082
2024-10-24,85.4760284424,252.8000030518,567.5801391602,19.0799999237,0.0063876456,0.0076638171,0.0021603593,-0.1599998474
2024-10-25,84.9963378906,253.3200073242,567.3840942383,20.3299999237,-0.0056277956,0.0020548662,-0.0003454645,1.2500000000
2024-10-28,84.7657165527,253.3300018311,569.1381225586,19.7999992371,-0.0027169968,0.0000394533,0.0030866615,-0.5300006866
2024-10-29,84.8948669434,256.0899963379,570.0592651367,19.3400001526,0.0015224563,0.0108359370,0.0016171785,-0.4599990845
2024-10-30,85.1439285278,257.5000000000,568.3345947266,20.3500003815,0.0029294699,0.0054907892,-0.0030300088,1.0100002289
2024-10-31,85.2823028564,253.5099945068,557.1934814453,23.1599998474,0.0016238622,-0.0156164718,-0.0197977774,2.8099994659
2024-11-01,84.0799560547,252.4700012207,559.5451660156,21.8799991608,-0.0141987596,-0.0041108137,0.0042117071,-1.2800006866
2024-11-04,85.3850479126,252.8300018311,558.3399658203,21.9799995422,0.0154027986,0.0014248987,-0.0021562156,0.1000003814
2024-11-05,85.8385772705,253.3999938965,565.0912475586,20.4899997711,0.0052975215,0.0022519104,0.0120191836,-1.4899997711
2024-11-06,83.4876022339,245.6999969482,579.1425170898,16.2700004578,-0.0277703794,-0.0308579767,0.0245613726,-4.2199993133
2024-11-07,84.5335159302,249.6499938965,583.6205444336,15.1999998093,0.0124499494,0.0159486454,0.0077024282,-1.0700006485
2024-11-08,85.6071777344,247.9600067139,586.1486206055,14.9399995804,0.0126210377,-0.0067924426,0.0043223572,-0.2600002289
2024-11-11,85.1906585693,242.1399993896,586.7071533203,14.9700002670,-0.0048773451,-0.0237514012,0.0009524321,0.0300006866
2024-11-12,83.9133758545,240.0500030518,584.8847045898,14.7100000381,-0.0151067597,-0.0086688211,-0.0031110667,-0.2600002289
2024-11-13,83.1173706055,237.6300048828,585.1688232422,14.0200004578,-0.0095313143,-0.0101323850,0.0004856507,-0.6899995803
2024-11-14,83.5986557007,237.0099945068,581.4060668945,14.3100004196,0.0057737273,-0.0026125515,-0.0064509693,0.2899999618
2024-11-15,83.3765335083,236.5899963379,573.9591064453,16.1399993896,-0.0026605429,-0.0017736414,-0.0128912724,1.8299989700
2024-11-18,83.5246276855,241.0899963379,576.3107910156,15.5799999237,0.0017746337,0.0188416228,0.0040889323,-0.5599994659
2024-11-19,83.9503936768,243.2500000000,578.4175415039,16.3500003815,0.0050845422,0.0089194285,0.0036489151,0.7700004578
2024-11-20,83.6819763184,244.6199951172,578.6134033203,17.1599998474,-0.0032024553,0.0056162450,0.0003385593,0.8099994659
2024-11-21,83.6171798706,246.6600036621,581.7196044922,16.8700008392,-0.0007746178,0.0083049189,0.0053539951,-0.2899990082
2024-11-22,83.6634521484,249.8399963379,583.5226440430,15.2399997711,0.0005532294,0.0128098133,0.0030947058,-1.6300010681
2024-11-25,85.8293151855,242.4799957275,585.5019531250,14.6000003815,0.0255583878,-0.0299014832,0.0033862606,-0.6399993896
2024-11-26,85.4961166382,242.9499969482,588.5592041016,14.1000003815,-0.0038896615,0.0019364332,0.0052080045,-0.5000000000
2024-11-27,86.0884933472,243.4900054932,586.7757568359,14.1000003815,0.0069048041,0.0022202482,-0.0030347921,0.0000000000
2024-11-29,86.9770584106,245.5899963379,590.4208984375,13.5100002289,0.0102686278,0.0085875674,0.0061929385,-0.5900001526
2024-12-02,87.1860275269,243.4400024414,591.4791870117,13.3400001526,0.0023996958,-0.0087929483,0.0017908263,-0.1700000763
2024-12-03,86.4337158203,243.9299926758,591.7534179688,13.3000001907,-0.0086662542,0.0020107532,0.0004635284,-0.0399999619
2024-12-04,87.3625030518,244.6699981689,595.4279785156,13.4499998093,0.0106883346,0.0030290875,0.0061904142,0.1499996186
2024-12-05,87.5389785767,242.8600006104,594.4481201172,13.5399999619,0.0020179999,-0.0074252082,-0.0016469927,0.0900001526
2024-12-06,87.6689987183,242.9499969482,595.5750122070,12.7700004578,0.0014841809,0.0003705002,0.0018939000,-0.7699995041
2024-12-09,86.8609390259,245.3600006104,592.5079345703,14.1899995804,-0.0092599067,0.0098708740,-0.0051630813,1.4199991226
2024-12-10,86.4522781372,248.5899963379,590.6658325195,14.1800003052,-0.0047158740,0.0130784160,-0.0031138343,-0.0099992752
2024-12-11,85.6349182129,250.9600067139,595.2320556641,13.5799999237,-0.0094994408,0.0094886524,0.0077009087,-0.6000003815
2024-12-12,84.5946731567,247.2799987793,592.1651000977,13.9200000763,-0.0122218234,-0.0147722977,-0.0051658577,0.3400001526
2024-12-13,83.7309188843,244.2899932861,592.0476074219,13.8100004196,-0.0102629890,-0.0121652762,-0.0001984317,-0.1099996567
2024-12-16,83.9816741943,244.8800048828,594.5755615234,14.6899995804,0.0029903002,0.0024122979,0.0042607594,0.8799991608
2024-12-17,84.1860046387,243.9400024414,592.1257934570,15.8699998856,0.0024300811,-0.0038460112,-0.0041287078,1.1800003052
2024-12-18,83.1333312988,239.2599945068,574.4784545898,27.6200008392,-0.0125829716,-0.0193714996,-0.0302565076,11.7500009536
2024-12-19,81.8746032715,239.6000061035,574.3020019531,24.0900001526,-0.0152568717,0.0014200879,-0.0003071999,-3.5300006866
2024-12-20,82.3407974243,242.1000061035,581.1999511719,18.3600006104,0.0056778524,0.0103799974,0.0119394539,-5.7299995422
2024-12-23,81.5855331421,240.9600067139,584.6803588867,16.7800006866,-0.0092147445,-0.0047199167,0.0059704552,-1.5799999238
2024-12-24,81.9305419922,241.4400024414,591.1790771484,14.2700004578,0.0042198831,0.0019900327,0.0110536757,-2.5100002288
2024-12-26,81.8839111328,243.0700073242,591.2184448242,14.7299995422,-0.0005693131,0.0067284927,0.0000665896,0.4599990844
2024-12-27,81.2125625610,241.3999938965,584.9948730469,15.9499998093,-0.0082325798,-0.0068942145,-0.0105824849,1.2200002671
2024-12-30,81.8652648926,240.6300048828,578.3192749023,17.3999996185,0.0080048383,-0.0031947790,-0.0114769883,1.4499998092
2024-12-31,81.4270324707,242.1300048828,576.2153320312,17.3500003815,-0.0053674727,0.0062142878,-0.0036446637,-0.0499992370
2025-01-02,81.6508026123,245.4199981689,574.7994995117,17.9300003052,0.0027443372,0.0134962289,-0.0024601477,0.5799999237
2025-01-03,81.3897399902,243.4900054932,581.9864501953,16.1299991608,-0.0032024286,-0.0078951246,0.0124258825,-1.8000011444
2025-01-06,81.0261001587,243.1900024414,585.3390502930,16.0400009155,-0.0044778938,-0.0012328556,0.0057440865,-0.0899982453
2025-01-07,80.1123428345,244.5599975586,578.7222900391,17.8199996948,-0.0113413919,0.0056176267,-0.0113685272,1.7799987793
2025-01-08,80.2149047852,245.8600006104,579.5678710938,17.7000007629,0.0012794078,0.0053016031,0.0014600507,-0.1199989319
2025-01-10,79.6834259033,248.2100067139,570.7194213867,19.5400009155,-0.0066477347,0.0095129184,-0.0153850682,1.8400001526
2025-01-13,79.6554565430,245.7400054932,571.6042480469,19.1900005341,-0.0003510676,-0.0100011003,0.0015491701,-0.3500003814
2025-01-14,79.5249252319,247.0299987793,572.3906860352,18.7099990845,-0.0016400431,0.0052356930,0.0013748979,-0.4800014496
2025-01-15,80.8955459595,248.8800048828,582.8025512695,16.1200008392,0.0170882690,0.0074610904,0.0180266761,-2.5899982453
2025-01-16,81.1566390991,250.6000061035,581.6817016602,16.6000003815,0.0032223369,0.0068871946,-0.0019250582,0.4799995423
2025-01-17,81.2964782715,249.2700042725,587.5217285156,15.9700002670,0.0017215946,-0.0053214033,0.0099898363,-0.6300001145
2025-01-21,82.0237731934,253.1300048828,592.8995361328,15.0600004196,0.0089064243,0.0153665466,0.0091117383,-0.9099998474
2025-01-22,81.5948562622,254.4299926758,596.2326049805,15.1000003815,-0.0052428983,0.0051225102,0.0056058994,0.0399999619
2025-01-23,80.9608383179,254.0700073242,599.4868774414,15.0200004578,-0.0078006638,-0.0014158718,0.0054432173,-0.0799999237
2025-01-24,81.3244705200,255.6499938965,597.7368164062,14.8500003815,0.0044814015,0.0061994492,-0.0029235343,-0.1700000763
2025-01-27,82.2848281860,252.9900054932,589.2816772461,17.8999996185,0.0117397813,-0.0104593137,-0.0142462518,3.0499992370
2025-01-28,82.2288970947,255.1799926758,594.3449096680,16.4099998474,-0.0006799566,0.0086191658,0.0085555079,-1.4899997711
2025-01-29,82.0610733032,254.1999969482,591.6804809570,16.5599994659,-0.0020430200,-0.0038478030,-0.0044930458,0.1499996185
2025-01-30,82.3687515259,258.0499877930,594.8561401367,15.8400001526,0.0037423695,0.0150319705,0.0053528340,-0.7199993133
2025-01-31,81.8279724121,258.5599975586,591.6903076172,16.4300003052,-0.0065869898,0.0019744486,-0.0053362260,0.5900001526
2025-02-03,82.4941940308,259.9400024414,587.7084960938,18.6200008392,0.0081087693,0.0053230787,-0.0067522990,2.1900005340
2025-02-04,82.7468643188,262.5000000000,591.6510620117,17.2099990845,0.0030582046,0.0098002375,0.0066859688,-1.4100017547
2025-02-05,84.1130294800,264.1300048828,594.0498657227,15.7700004578,0.0163753633,0.0061903426,0.0040462260,-1.4399986267
2025-02-06,84.0756072998,263.4299926758,596.1146240234,15.5000000000,-0.0004450025,-0.0026537744,0.0034697059,-0.2700004578
2025-02-07,83.5328598022,263.8999938965,590.6580200195,16.5400009155,-0.0064763959,0.0017825701,-0.0091957672,1.0400009155
2025-02-10,83.2802124023,268.3699951172,594.6693725586,15.8100004196,-0.0030291102,0.0167963868,0.0067683711,-0.7300004959
2025-02-11,82.7468643188,267.3900146484,595.1216430664,16.0200004578,-0.0064248547,-0.0036582856,0.0007602521,0.2100000382
2025-02-12,81.6239776611,267.6700134277,593.2044677734,15.8900003433,-0.0136630574,0.0010466071,-0.0032266849,-0.1300001145
2025-02-13,82.9807968140,270.3099975586,599.4672241211,15.1000003815,0.0164861546,0.0098145108,0.0105021591,-0.7899999618
2025-02-14,83.4205780029,266.2900085449,599.4376831055,14.7700004578,0.0052858002,-0.0149834669,-0.0000492800,-0.3299999237
2025-02-18,82.4380569458,270.7000122070,601.1975708008,15.3500003815,-0.0118478311,0.0164252691,0.0029315963,0.5799999237
2025-02-19,82.5410079956,270.8500061035,602.6133422852,15.2700004578,0.0012480500,0.0005539429,0.0023521504,-0.0799999237
2025-02-20,82.8497848511,270.9899902344,600.1062011719,15.6599998474,0.0037339106,0.0005166992,-0.0041691261,0.3899993896
2025-02-21,83.8510208130,270.7399902344,589.8419799805,18.2099990845,0.0120125154,-0.0009229691,-0.0172519710,2.5499992371
2025-02-24,84.0943222046,272.2099914551,587.1580200195,18.9799995422,0.0028973898,0.0054148812,-0.0045606875,0.7700004577
2025-02-25,85.5447006226,268.6199951172,584.2378540039,19.4300003052,0.0171000014,-0.0132760725,-0.0049857988,0.4500007630
2025-02-26,86.0499877930,269.0299987793,584.5328979492,19.1000003815,0.0058893272,0.0015251697,0.0005048791,-0.3299999237
2025-02-27,85.4417648315,264.9299926758,575.2025146484,21.1299991608,-0.0070933500,-0.0153572805,-0.0160908851,2.0299987793
2025-02-28,86.4897918701,263.2699890137,584.1789550781,19.6299991608,0.0121913631,-0.0062855327,0.0154851876,-1.5000000000
2025-03-03,86.8934173584,266.7399902344,573.9442138672,22.7800006866,0.0046558859,0.0130942848,-0.0176751626,3.1500015258
2025-03-04,85.8233413696,269.0599975586,567.1504516602,23.5100002289,-0.0123912664,0.0086600294,-0.0119075878,0.7299995423
2025-03-05,85.1380920410,269.6199951172,573.2461547852,21.9300003052,-0.0080164629,0.0020791482,0.0106905986,-1.5799999237
2025-03-06,84.8564834595,268.2500000000,563.0702514648,24.8700008392,-0.0033131509,-0.0050941606,-0.0179108130,2.9400005340
2025-03-07,84.5842895508,268.3900146484,566.2261962891,23.3700008392,-0.0032128529,0.0005218196,0.0055892375,-1.5000000000
2025-03-10,85.4666442871,266.0400085449,551.1445312500,27.8600006104,0.0103776279,-0.0087944956,-0.0269965565,4.4899997712
2025-03-11,84.8564834595,269.1600036621,546.5628662109,26.9200000763,-0.0071647749,0.0116593064,-0.0083477467,-0.9400005341
2025-03-12,84.3495941162,270.3299865723,549.4631958008,24.2299995422,-0.0059914025,0.0043373733,0.0052924587,-2.6900005341
2025-03-13,85.0911560059,275.1300048828,542.1386718750,24.6599998474,0.0087531084,0.0176003457,-0.0134199731,0.4300003052
2025-03-14,84.6405792236,275.2399902344,553.3369140625,21.7700004578,-0.0053092940,0.0003996779,0.0204452430,-2.8899993896
2025-03-17,85.0630035400,276.7300109863,557.6038818359,20.5100002289,0.0049783886,0.0053989324,0.0076817572,-1.2600002289
2025-03-18,85.1474838257,279.9599914551,551.5770874023,21.7000007629,0.0009926567,0.0116043640,-0.0108672145,1.1900005340
2025-03-19,85.5886688232,281.1099853516,557.5842285156,19.8999996185,0.0051680441,0.0040992944,0.0108319678,-1.8000011444
2025-03-20,85.6449737549,280.7500000000,555.9718627930,19.7999992371,0.0006576387,-0.0012814061,-0.0028958880,-0.1000003814
2025-03-21,85.1380920410,278.4899902344,556.1552734375,19.2800006866,-0.0059359890,-0.0080824766,0.0003298376,-0.5199985505
2025-03-24,84.2651367188,277.2500000000,566.1151733398,17.4799995422,-0.0103063331,-0.0044624908,0.0177500199,-1.8000011444
2025-03-25,84.2557373047,278.4700012207,567.4760131836,17.1499996185,-0.0001115519,0.0043907118,0.0024009370,-0.3299999237
2025-03-26,83.7019195557,278.2399902344,560.7012939453,18.3299999237,-0.0065947545,-0.0008263225,-0.0120101701,1.1800003052
2025-03-27,83.4578704834,281.9700012207,559.2122802734,18.6900005341,-0.0029199516,0.0133166711,-0.0026591597,0.3600006104
2025-03-28,84.6124420166,284.0599975586,547.9507446289,21.6499996185,0.0137393651,0.0073847882,-0.0203437503,2.9599990844
2025-03-31,85.4478454590,288.1400146484,551.6289062500,22.2800006866,0.0098248706,0.0142610491,0.0066901481,0.6300010681
2025-04-01,86.1882934570,287.5700073242,553.1869506836,21.7700004578,0.0086281665,-0.0019801896,0.0028204618,-0.5100002288
2025-04-02,86.1317977905,288.1600036621,556.6877441406,21.5100002289,-0.0006557061,0.0020495598,0.0063084690,-0.2600002289
2025-04-03,86.5274429321,286.4200134277,529.2537231445,30.0200004578,0.0045829674,-0.0060565822,-0.0505365350,8.5100002289
2025-04-04,87.4695129395,279.7200012207,498.2696838379,45.3100013733,0.0108286861,-0.0236702047,-0.0603264805,15.2900009155
2025-04-07,84.8317489624,273.7099914551,497.3821716309,46.9799995422,-0.0306204382,-0.0217199867,-0.0017827767,1.6699981689
2025-04-08,83.2302474976,275.2000122070,489.5917968750,52.3300018311,-0.0190590375,0.0054290299,-0.0157867113,5.3500022889
2025-04-09,83.7201309204,285.3800048828,541.0084228516,33.6199989319,0.0058686280,0.0363234922,0.0998628715,-18.7100028992
2025-04-10,81.4120941162,292.3500061035,517.3019409180,40.7200012207,-0.0279556230,0.0241300929,-0.0448081187,7.1000022888
2025-04-11,81.8548965454,297.9299926758,526.5321044922,37.5600013733,0.0054242871,0.0189067995,0.0176855779,-3.1599998474
2025-04-14,82.4389419556,296.2300109863,531.6401977539,30.8899993896,0.0071097964,-0.0057223183,0.0096546336,-6.6700019837
2025-04-15,82.7309875488,297.7799987793,530.1511230469,30.1200008392,0.0035363083,0.0052187380,-0.0028048368,-0.7699985504
2025-04-16,83.1925811768,307.4700012207,518.3669433594,32.6399993896,0.0055639452,0.0320225708,-0.0224787274,2.5199985504
2025-04-17,82.4577789307,306.1199951172,519.1065063477,29.6499996185,-0.0088717835,-0.0044003595,0.0014257003,-2.9899997711
2025-04-21,81.0164413452,315.5899963379,506.7503356934,33.8199996948,-0.0176342782,0.0304667252,-0.0240906289,4.1700000763
2025-04-22,81.4686355591,311.1099853516,519.9349365234,30.5699996948,0.0055659928,-0.0142973909,0.0256852339,-3.2500000000
2025-04-23,82.2599563599,303.6499938965,527.9915161133,28.4500007629,0.0096663259,-0.0242707981,0.0153765339,-2.1199989319
2025-04-24,83.1266403198,308.0700073242,539.1051635742,26.4699993134,0.0104807997,0.0144513514,0.0208304449,-1.9800014495
2025-04-25,83.7389907837,304.7300109863,543.0003662109,24.8400001526,0.0073394768,-0.0109008790,0.0071993338,-1.6299991608
2025-04-28,84.2665176392,309.0700073242,543.2073974609,25.1499996185,0.0062798963,0.0141416375,0.0003812001,0.3099994659
2025-04-29,84.9730529785,306.0599975586,546.6292724609,24.1700000763,0.0083495774,-0.0097866590,0.0062796313,-0.9799995422
2025-04-30,84.2853622437,303.7699890137,546.8462524414,24.7000007629,-0.0081259714,-0.0075103532,0.0003968630,0.5300006866
2025-05-01,83.8579864502,297.4599914551,550.7216796875,24.6000003815,-0.0050834805,-0.0209910665,0.0070618742,-0.1000003814
2025-05-02,82.9502944946,297.9800109863,558.8966674805,22.6800003052,-0.0108831637,0.0017466736,0.0147350406,-1.9200000763
2025-05-05,82.4869842529,306.8800048828,555.6917724609,23.6399993896,-0.0056010526,0.0294304006,-0.0057508292,0.9599990844
2025-05-06,82.7611846924,315.4800109863,551.0471191406,24.7600002289,0.0033186533,0.0276385157,-0.0083934533,1.1200008393
2025-05-07,83.1110305786,310.7500000000,553.3645629883,23.5499992371,0.0042182641,-0.0151065930,0.0041967090,-1.2100009918
2025-05-08,82.1844406128,304.6300048828,557.2202758789,22.4799995422,-0.0112114345,-0.0198907889,0.0069435999,-1.0699996949
2025-05-09,82.3073425293,306.8399963379,556.5103759766,21.8999996185,0.0014943231,0.0072284857,-0.0012748145,-0.5799999237
2025-05-12,81.5414581299,298.1900024414,574.9015502930,18.3899993896,-0.0093487407,-0.0285955517,0.0325129937,-3.5100002289
2025-05-13,81.2105560303,299.4599914551,578.6981201172,18.2199993134,-0.0040663405,0.0042499488,0.0065821509,-0.1700000762
2025-05-14,80.6715927124,293.1600036621,579.4378051758,18.6200008392,-0.0066587368,-0.0212622766,0.0012773719,0.4000015258
2025-05-15,81.3807296753,297.8399963379,582.2678222656,17.8299999237,0.0087520065,0.0158378697,0.0048721856,-0.7900009155
2025-05-16,81.5982055664,294.2399902344,585.9559936523,17.2399997711,0.0026687623,-0.0121606896,0.0063141730,-0.5900001526
2025-05-19,81.3618240356,298.0299987793,586.5969848633,18.1399993896,-0.0029011003,0.0127984208,0.0010933259,0.8999996185
2025-05-20,80.7755966187,303.5799865723,584.6246948242,18.0900001526,-0.0072312729,0.0184509745,-0.0033679225,-0.0499992370
2025-05-21,79.3951416016,305.8200073242,574.7733154297,20.8700008392,-0.0172377204,0.0073515946,-0.0169943650,2.7800006866
2025-05-22,79.8111724854,303.1099853516,575.0000610352,20.2800006866,0.0052263233,-0.0089009899,0.0003944179,-0.5900001526
2025-05-23,79.9435501099,309.7500000000,571.0754394531,22.2900009155,0.0016572612,0.0216697929,-0.0068488279,2.0100002289
2025-05-27,81.0592651367,304.5000000000,582.9483032227,18.9599990845,0.0138597935,-0.0170944334,0.0205771896,-3.3300018310
2025-05-28,80.7093963623,303.8099975586,579.5757446289,19.3099994659,-0.0043255513,-0.0022685892,-0.0058021476,0.3500003814
2025-05-29,81.4563674927,305.6099853516,581.8635253906,19.1800003052,0.0092125045,0.0059072334,0.0039395667,-0.1299991607
2025-05-30,81.5792846680,303.6000061035,581.2127685547,18.5699996948,0.0015078567,-0.0065986657,-0.0011190270,-0.6100006104
2025-06-02,80.8200607300,311.6700134277,584.4867553711,18.3600006104,-0.0093501543,0.0262339132,0.0056172201,-0.2099990844
2025-06-03,80.6777038574,308.9100036621,587.8198242188,17.6900005341,-0.0017629583,-0.0088949946,0.0056863586,-0.6700000763
2025-06-04,81.9873809814,310.8999938965,587.6619262695,17.6100006104,0.0161030921,0.0064213132,-0.0002686523,-0.0799999237
2025-06-05,82.0443115234,309.3299865723,584.8218994141,18.4799995422,0.0006941408,-0.0050626726,-0.0048444718,0.8699989318
2025-06-06,81.0003662109,305.1799926758,590.8275146484,16.7700004578,-0.0128058100,-0.0135068823,0.0102167660,-1.7099990844
2025-06-09,81.0858001709,306.6199951172,591.3599853516,17.1599998474,0.0010541796,0.0047074375,0.0009008228,0.3899993896
2025-06-10,81.5033569336,306.7099914551,594.7128295898,16.9500007629,0.0051363533,0.0002934679,0.0056537055,-0.2099990845
2025-06-11,81.7501068115,308.3699951172,593.0166015625,17.2600002289,0.0030229076,0.0053976970,-0.0028562552,0.3099994660
2025-06-12,82.7276229858,312.2000122070,595.3734741211,18.0200004578,0.0118864443,0.0123437023,0.0039665017,0.7600002289
2025-06-13,81.9304428101,316.2900085449,588.7171020508,20.8199996948,-0.0096829317,0.0130154941,-0.0112431301,2.7999992370
2025-06-16,81.1047592163,311.7799987793,594.3183593750,19.1100006104,-0.0101289862,-0.0143617343,0.0094693682,-1.7099990844
2025-06-17,82.0917892456,311.9400024414,589.2398071289,21.6000003815,0.0120963596,0.0005130625,-0.0085818907,2.4899997711
2025-06-18,82.2341308594,310.2600097656,589.1510009766,20.1399993896,0.0017324309,-0.0054001823,-0.0001507244,-1.4600009919
2025-06-20,82.0822753906,310.1300048828,587.7673950195,20.6200008392,-0.0018483305,-0.0004191070,-0.0023512362,0.4800014496
2025-06-23,82.3479995728,311.0799865723,593.5729980469,19.8299999237,0.0032320619,0.0030584905,0.0098289194,-0.7900009155
2025-06-24,82.9459228516,306.1900024414,600.1304321289,17.4799995422,0.0072346990,-0.0158442384,0.0109868161,-2.3500003815
2025-06-25,83.0503082275,307.1199951172,600.4667358398,16.7600002289,0.0012576839,0.0030327025,0.0005602274,-0.7199993133
2025-06-26,83.4678649902,306.7799987793,605.1646118164,16.5900001526,0.0050151600,-0.0011076605,0.0077932608,-0.1700000763
2025-06-27,82.9364242554,301.2200012207,608.1713256836,16.3199996948,-0.0063873659,-0.0182899755,0.0049561213,-0.2700004578
2025-06-30,83.7525863647,304.8299865723,611.0791015625,16.7299995422,0.0097927107,0.0119133013,0.0047697853,0.4099998474
2025-07-01,83.9602661133,307.5499877930,610.8812255859,16.8299999237,0.0024766123,0.0088834358,-0.0003238665,0.1000003815
2025-07-02,83.4268112183,309.2500000000,613.6505737305,16.6399993896,-0.0063739293,0.0055123753,0.0045231212,-0.1900005341
2025-07-03,82.8457489014,307.1400146484,618.4869995117,16.3799991608,-0.0069893034,-0.0068462939,0.0078505042,-0.2600002288
2025-07-07,82.0550994873,307.3699951172,613.8780517578,17.7900009155,-0.0095894652,0.0007485004,-0.0074798766,1.4100017547
2025-07-08,81.9503021240,304.1600036621,613.5418701172,16.8099994659,-0.0012779747,-0.0104983270,-0.0005477859,-0.9800014496
2025-07-09,82.8076400757,305.5199890137,617.2209472656,15.9399995804,0.0104073367,0.0044613162,0.0059785493,-0.8699998855
2025-07-10,82.8647766113,306.2000122070,618.9617309570,15.7799997330,0.0006897532,0.0022233161,0.0028163877,-0.1599998474
2025-07-11,81.7216949463,309.1400146484,616.7857666016,16.3999996185,-0.0138905711,0.0095557730,-0.0035217010,0.6199998855
2025-07-14,81.5502166748,308.0100097656,617.9627685547,17.2000007629,-0.0021005246,-0.0036620144,0.0019064648,0.8000011444
2025-07-15,80.9786758423,306.7300109863,615.3220214844,17.3799991608,-0.0070331272,-0.0041643641,-0.0042824676,0.1799983979
2025-07-16,81.0929794312,308.2600097656,617.3792724609,17.1599998474,0.0014105318,0.0049756968,0.0033377963,-0.2199993134
2025-07-17,81.0739288330,307.5899963379,621.1573486328,16.5200004578,-0.0002349505,-0.0021758990,0.0061008901,-0.6399993896
2025-07-18,81.1977539062,308.3900146484,620.7025146484,16.4099998474,0.0015261455,0.0025975478,-0.0007325046,-0.1100006104
2025-07-21,81.9217376709,313.1300048828,621.8794555664,16.6499996185,0.0088767873,0.0152531921,0.0018943479,0.2399997711
2025-07-22,82.4170684814,316.1000061035,621.9684448242,16.5000000000,0.0060281844,0.0094401832,0.0001430870,-0.1499996185
2025-07-23,81.9598464966,312.1799926758,627.2597656250,15.3699998856,-0.0055631068,-0.0124787175,0.0084713944,-1.1300001144
2025-07-24,81.8169555664,310.2699890137,627.4674072266,15.3900003433,-0.0017449476,-0.0061370703,0.0003309749,0.0200004577
2025-07-25,82.3313446045,307.3999938965,630.1181030273,14.9300003052,0.0062673902,-0.0092930395,0.0042155380,-0.4600000381
2025-07-28,81.7978973389,305.4100036621,629.9598999023,15.0299997330,-0.0065003547,-0.0064946631,-0.0002511005,0.0999994278
2025-07-29,83.1791229248,306.2500000000,628.2982788086,15.9799995422,0.0167448516,0.0027466137,-0.0026411464,0.9499998092
2025-07-30,82.7504653931,300.9599914551,627.5070190430,15.4799995422,-0.0051667516,-0.0174244247,-0.0012601633,-0.5000000000
2025-07-31,82.7981109619,302.9599914551,625.1531372070,16.7199993134,0.0005756083,0.0066234182,-0.0037582174,1.2399997712
2025-08-01,83.9752120972,309.1099853516,614.9066162109,20.3799991608,0.0141164146,0.0200963978,-0.0165262265,3.6599998474
2025-08-04,84.2046966553,310.9100036621,624.2530517578,17.5200004578,0.0027290382,0.0058063398,0.0150854051,-2.8599987030
2025-08-05,84.4628906250,311.1600036621,621.0880737305,17.8500003815,0.0030615743,0.0008037681,-0.0050829203,0.3299999237
2025-08-06,83.9752120972,310.5000000000,625.8454589844,16.7700004578,-0.0057906125,-0.0021233597,0.0076305725,-1.0799999237
2025-08-07,83.8317794800,313.1199951172,625.3211669922,16.5699996948,-0.0017094955,0.0084025867,-0.0008380851,-0.2000007630
2025-08-08,83.4684143066,313.0499877930,630.1972656250,15.1499996185,-0.0043438772,-0.0002236049,0.0077675055,-1.4200000763
2025-08-11,83.5640487671,308.5499877930,628.9509887695,16.2500000000,0.0011451004,-0.0144790180,-0.0019795560,1.1000003815
2025-08-12,83.1432876587,308.2699890137,635.6468505859,14.7299995422,-0.0050479122,-0.0009078785,0.0105898084,-1.5200004578
2025-08-13,83.8317794800,309.2099914551,637.8227539062,14.4899997711,0.0082466890,0.0030446434,0.0034172868,-0.2399997711
2025-08-14,83.2102279663,307.2500000000,637.8820800781,14.8299999237,-0.0074418931,-0.0063588816,0.0000930092,0.3400001526
2025-08-15,82.6173782349,307.4299926758,636.3886718750,15.0900001526,-0.0071502239,0.0005856468,-0.0023439428,0.2600002289
2025-08-18,82.3783264160,306.9500122070,636.2501831055,14.9899997711,-0.0028976753,-0.0015624876,-0.0002176403,-0.1000003815
2025-08-19,82.8564376831,305.2699890137,632.7984008789,15.5699996948,0.0057870703,-0.0054883127,-0.0054399663,0.5799999237
2025-08-20,83.0381164551,308.3599853516,631.1170043945,15.6899995804,0.0021902931,0.0100712892,-0.0026606171,0.1199998856
2025-08-21,82.6269454956,307.2900085449,628.5850830078,16.6000003815,-0.0049638928,-0.0034759292,-0.0040198787,0.9100008011
2025-08-22,83.2389297485,310.5799865723,638.2381591797,14.2200002670,0.0073793000,0.0106495190,0.0152401104,-2.3800001145
2025-08-25,82.9998779297,309.8299865723,635.4291992188,14.7899999619,-0.0028760070,-0.0024177573,-0.0044108291,0.5699996949
2025-08-26,82.9520568848,312.0799865723,638.0897216797,14.6199998856,-0.0005763241,0.0072358055,0.0041782282,-0.1700000763
2025-08-27,82.8564376831,312.7099914551,639.5437011719,14.8500003815,-0.0011533693,0.0020166940,0.0022760521,0.2300004959
2025-08-28,83.4014892578,315.0299987793,641.8085327148,14.4300003052,0.0065567223,0.0073916524,0.0035350684,-0.4200000763
2025-08-29,82.8086166382,318.0700073242,637.9809570312,15.3599996567,-0.0071340444,0.0096036389,-0.0059815886,0.9299993515
2025-09-02,82.1923904419,325.5899963379,633.2533569336,17.1700000763,-0.0074693976,0.0233674025,-0.0074378450,1.8100004196
2025-09-03,83.0946502686,328.1400146484,636.6853027344,16.3500003815,0.0109175987,0.0078014813,0.0054049133,-0.8199996948
2025-09-04,83.7281646729,326.6900024414,642.0063476562,15.3000001907,0.0075950936,-0.0044286747,0.0083226877,-1.0500001908
2025-09-05,85.0047683716,331.0499877930,640.1469116211,15.1800003052,0.0151319370,0.0132576680,-0.0029004915,-0.1199998855
2025-09-08,86.1373977661,334.8200073242,641.7194824219,15.1099996567,0.0132363164,0.0113237114,0.0024535655,-0.0700006485
2025-09-09,85.6478652954,334.0599975586,643.2031250000,15.0399999619,-0.0056993689,-0.0022724856,0.0023093114,-0.0699996948
2025-09-10,86.1373977661,335.2600097656,645.0624389648,15.3500003815,0.0056993689,0.0035857691,0.0028865403,0.3100004196
2025-09-11,86.7133178711,334.7600097656,650.4231567383,14.7100000381,0.0066638108,-0.0014924930,0.0082760447,-0.6400003434
2025-09-12,86.3389663696,335.4200134277,650.2055664062,14.7600002289,-0.0043264622,0.0019696316,-0.0003345925,0.0500001908
2025-09-15,86.5405426025,338.9100036621,653.6671142578,15.6899995804,0.0023319863,0.0103510783,0.0053096534,0.9299993515
2025-09-16,86.7229156494,339.5899963379,652.7670898438,16.3600006104,0.0021051538,0.0020044006,-0.0013778337,0.6700010300
2025-09-17,86.5021514893,336.9700012207,651.9561767578,15.7200002670,-0.0025488722,-0.0077450876,-0.0012430424,-0.6400003434
2025-09-18,85.6094741821,335.6199951172,655.0023803711,15.6999998093,-0.0103733296,-0.0040143562,0.0046615237,-0.0200004577
2025-09-19,85.4462890625,339.1799926758,658.2465209961,15.4499998093,-0.0019079763,0.0105513653,0.0049406433,-0.2500000000
2025-09-22,85.1391525269,345.0499877930,661.3607177734,16.1000003815,-0.0036009740,0.0171583804,0.0047198931,0.6500005722
2025-09-23,85.7342529297,346.4599914551,657.7605590820,16.6399993896,0.0069654234,0.0040780485,-0.0054584331,0.5399990081
2025-09-24,85.4079208374,343.3200073242,655.6678466797,16.1800003052,-0.0038135835,-0.0091043690,-0.0031866437,-0.4599990844
2025-09-25,85.4079208374,344.7500000000,652.6429443359,16.7399997711,0.0000000000,0.0041565385,-0.0046241425,0.5599994659
2025-09-26,85.3311157227,346.7399902344,656.3818969727,15.2899999619,-0.0008996785,0.0057556747,0.0057125926,-1.4499998092
2025-09-29,86.0317993164,352.4599914551,658.2266845703,16.1200008392,0.0081778196,0.0163619250,0.0028065978,0.8300008773
2025-09-30,85.7822570801,355.4700012207,660.7060546875,16.2800006866,-0.0029047962,0.0085037445,0.0037596656,0.1599998474
2025-10-01,86.0037994385,356.0299987793,662.9574584961,16.2900009155,0.0025792836,0.0015741326,0.0034017799,0.0100002289
2025-10-02,86.2542419434,354.7900085449,663.7210693359,16.6299991608,0.0029077619,-0.0034889043,0.0011511620,0.3399982453
2025-10-03,86.0904769897,357.6400146484,663.7113037109,16.6499996185,-0.0019004354,0.0080008456,-0.0000147136,0.0200004577
2025-10-06,85.4066085815,364.3800048828,666.0914916992,16.3700008392,-0.0079753196,0.0186703577,0.0035797647,-0.2799987793
2025-10-07,85.8978347778,366.2600097656,663.6220092773,17.2399997711,0.0057351407,0.0051461978,-0.0037143118,0.8699989319
2025-10-08,85.9652633667,372.2999877930,667.5791625977,16.2999992371,0.0007846780,0.0163564577,0.0059452546,-0.9400005340
2025-10-09,85.8978347778,365.4299926758,665.6452026367,16.4300003052,-0.0007846780,-0.0186252258,-0.0029011791,0.1300010681
2025-10-10,87.2848434448,369.1199951172,647.6542358398,21.6599998474,0.0160182108,0.0100470589,-0.0273998325,5.2299995422
2025-10-13,87.2366638184,378.0899963379,657.5919189453,19.0300006866,-0.0005521340,0.0240104716,0.0152275877,-2.6299991608
2025-10-14,87.5160140991,380.7900085449,656.7885742188,20.8099994659,0.0031970957,0.0071158117,-0.0012223931,1.7799987793
2025-10-15,87.3233642578,387.3900146484,659.7044067383,20.6399993896,-0.0022037360,0.0171839108,0.0044297043,-0.1700000763
2025-10-16,87.9783401489,396.4500122070,655.2116699219,25.3099994659,0.0074725907,0.0231179852,-0.0068335225,4.6700000763
2025-10-17,87.8434906006,388.9899902344,658.9308471680,20.7800006866,-0.0015339344,-0.0189963493,0.0056602494,-4.5299987793
2025-10-20,88.1806182861,403.1499938965,665.7840576172,18.2299995422,0.0038304764,0.0357550747,0.0103467872,-2.5500011444
2025-10-21,88.6140518188,377.2399902344,665.7741088867,17.8700008392,0.0049032519,-0.0664271222,-0.0000149430,-0.3599987030
2025-10-22,88.6718292236,377.2799987793,662.3127441406,18.6000003815,0.0006517993,0.0001060503,-0.0052125696,0.7299995423
2025-10-23,88.0650329590,378.7900085449,666.2402954102,17.2999992371,-0.0068666903,0.0039943703,0.0059125418,-1.3000011444
2025-10-24,88.1035537720,377.5199890137,671.6851806641,16.3700008392,0.0004373176,-0.0033584660,0.0081393402,-0.9299983979
2025-10-27,88.4021301270,367.0100097656,679.6094970703,15.7899999619,0.0033831957,-0.0282343961,0.0117286146,-0.5800008773
2025-10-28,88.6333160400,364.3800048828,681.4145507812,16.4200000763,0.0026117487,-0.0071918297,0.0026524950,0.6300001144
2025-10-29,87.7375411987,363.0000000000,681.7418212891,16.9200000763,-0.0101579428,-0.0037944583,0.0004801658,0.5000000000
2025-10-30,87.2270355225,370.1300048828,674.2440185547,16.9099998474,-0.0058355484,0.0194514742,-0.0110589343,-0.0100002289
2025-10-31,86.9669876099,368.1199951172,676.4556884766,17.4400005341,-0.0029857294,-0.0054453498,0.0032748536,0.5300006867
2025-11-03,86.7494812012,368.7799987793,677.7251586914,17.1700000763,-0.0025041555,0.0017912983,0.0018748908,-0.2700004578
2025-11-04,86.9428253174,362.3200073242,669.6916503906,19.0000000000,0.0022262839,-0.0176724375,-0.0119244519,1.8299999237
2025-11-05,85.9954757690,366.5100097656,672.0124511719,18.0100002289,-0.0109560348,0.0114980133,0.0034594857,-0.9899997711
2025-11-06,86.7688217163,366.0700073242,664.8022460938,19.5000000000,0.0089526728,-0.0012012408,-0.0107872467,1.4899997711
2025-11-07,86.5851440430,368.3099975586,665.4567260742,19.0799999237,-0.0021191063,0.0061003763,0.0009839889,-0.4200000763
2025-11-10,86.5658187866,378.3800048828,675.8406982422,17.6000003815,-0.0002232186,0.0269740263,0.0154837837,-1.4799995422
2025-11-11,86.9621582031,379.8699951172,677.3879394531,17.2800006866,0.0045680254,0.0039300815,0.0022867413,-0.3199996949
2025-11-12,87.1168212891,385.9899902344,677.7647705078,17.5100002289,0.0017769305,0.0159823610,0.0005561455,0.2299995423
2025-11-13,86.4014739990,382.8699951172,666.5180053711,20.0000000000,-0.0082452555,-0.0081159439,-0.0167331275,2.4899997711
2025-11-14,85.9084854126,375.9599914551,666.4088134766,19.8299999237,-0.0057221293,-0.0182127612,-0.0001638378,-0.1700000763
2025-11-17,86.1211471558,371.6499938965,660.2003173828,22.3799991608,0.0024723863,-0.0115301973,-0.0093600161,2.5499992371
2025-11-18,86.0921401978,374.3500061035,654.6562500000,24.6900005341,-0.0003368725,0.0072386702,-0.0084330114,2.3100013733
2025-11-19,85.9181442261,374.9599914551,657.1853027344,23.6599998474,-0.0020230887,0.0016281258,0.0038557337,-1.0300006867
2025-11-20,86.2564773560,374.8500061035,647.1683349609,26.4200000763,0.0039301212,-0.0002933686,-0.0153595841,2.7600002289
2025-11-21,86.5174789429,374.2699890137,653.6148681641,23.4300003052,0.0030213094,-0.0015485295,0.0099118531,-2.9899997711
2025-11-24,87.0104980469,380.2000122070,663.2351684570,20.5200004578,0.0056823164,0.0157200294,0.0146113395,-2.9099998474
2025-11-25,87.2328033447,380.0799865723,669.4735107422,18.5599994659,0.0025516667,-0.0003157406,0.0093619678,-1.9600009919
2025-11-26,87.6194915771,383.1199951172,674.0952148438,17.1900005341,0.0044230345,0.0079665217,0.0068797706,-1.3699989318
2025-11-28,87.2038269043,387.8800048828,677.7747192383,16.3500003815,-0.0047552633,0.0123477827,0.0054435910,-0.8400001526
2025-12-01,86.1182479858,389.7500000000,674.6803588867,17.2399997711,-0.0125268881,0.0048094819,-0.0045759239,0.8899993896
2025-12-02,86.1570358276,387.2399902344,675.9299926758,16.5900001526,0.0004503007,-0.0064608773,0.0018504732,-0.6499996185
2025-12-03,86.3995742798,386.8800048828,678.2706298828,16.0799999237,0.0028111193,-0.0009300506,0.0034568579,-0.5100002289
2025-12-04,85.9339218140,387.1300048828,678.7665405273,15.7799997330,-0.0054040986,0.0006459865,0.0007308726,-0.3000001907
2025-12-05,85.5361633301,386.4400024414,680.0557861328,15.4099998474,-0.0046394005,-0.0017839436,0.0018975932,-0.3699998856
2025-12-08,85.2548370361,385.4200134277,678.0127563477,16.6599998474,-0.0032943955,-0.0026429394,-0.0030087308,1.2500000000
2025-12-09,85.3421401978,387.3999938965,677.4276123047,16.9300003052,0.0010235019,0.0051240516,-0.0008634007,0.2700004578
2025-12-10,85.6719894409,389.0499877930,681.9203491211,15.7700004578,0.0038575719,0.0042501035,0.0066101591,-1.1599998474
2025-12-11,85.5555725098,393.2399902344,683.5072021484,14.8500003815,-0.0013597922,0.0107122490,0.0023243324,-0.9200000763
2025-12-12,84.7309570312,395.4400024414,676.1581420898,15.7399997711,-0.0096851105,0.0055789875,-0.0108102066,0.8899993896
2025-12-15,84.7891769409,395.7999877930,675.1365966797,16.5000000000,0.0006868790,0.0009099272,-0.0015119508,0.7600002289
2025-12-16,85.2548370361,395.8900146484,673.2918701172,16.4799995422,0.0054769497,0.0002274296,-0.0027361151,-0.0200004578
2025-12-17,85.1772308350,399.2900085449,665.8832397461,17.6200008392,-0.0009106996,0.0085515594,-0.0110645813,1.1400012970
2025-12-18,85.5846862793,398.5700073242,670.9114990234,16.8700008392,0.0047722141,-0.0018048314,0.0075228946,-0.7500000000
2025-12-19,85.2652359009,399.0199890137,676.9923095703,14.9099998474,-0.0037395481,0.0011283535,0.0090226792,-1.9600009918
2025-12-22,85.0801925659,408.2300109863,681.2098388672,14.0799999237,-0.0021725668,0.0228192546,0.0062104788,-0.8299999237
2025-12-23,85.2165527344,413.6400146484,684.3233032227,14.0000000000,0.0016014422,0.0131652978,0.0045600794,-0.0799999237
2025-12-24,85.7327117920,411.9299926758,686.7305297852,13.4700002670,0.0060387581,-0.0041426515,0.0035115019,-0.5299997330
2025-12-26,85.4502716064,416.7399902344,686.6608886719,13.6000003815,-0.0032998659,0.0116090885,-0.0001014148,0.1300001145
2025-12-29,85.7716674805,398.6000061035,684.2138671875,14.1999998093,0.0037541480,-0.0445040796,-0.0035700184,0.5999994278
2025-12-30,85.5671539307,398.8900146484,683.3782958984,14.3299999237,-0.0023872424,0.0007273033,-0.0012219599,0.1300001144
2025-12-31,84.8854064941,396.3099975586,678.3152465820,14.9499998093,-0.0079993057,-0.0064889993,-0.0074364348,0.6199998856
2026-01-02,84.7588043213,398.2799987793,679.5585937500,14.5100002289,-0.0014925614,0.0049585453,0.0018313152,-0.4399995804
2026-01-05,85.1775817871,408.7600097656,684.0845947266,14.8999996185,0.0049286480,0.0259729382,0.0066381259,0.3899993896
2026-01-06,85.0022811890,413.1799926758,688.1529541016,14.7500000000,-0.0020601810,0.0107551050,0.0059295438,-0.1499996185
2026-01-07,85.4989776611,409.2300109863,685.9347534180,15.3800001144,0.0058263250,-0.0096059436,-0.0032286187,0.6300001144
2026-01-08,85.0704574585,411.4899902344,685.8651123047,15.4499998093,-0.0050245943,0.0055073227,-0.0001015325,0.0699996949
2026-01-09,85.6353225708,414.4700012207,690.4010009766,14.4899997711,0.0066180205,0.0072159038,0.0065916105,-0.9600000382
2026-01-12,85.3820953369,422.2300109863,691.4852294922,15.1199998856,-0.0029614226,0.0185496167,0.0015692012,0.6300001145
2026-01-13,85.5281982422,421.6300048828,690.1026000977,15.9799995422,0.0017097032,-0.0014220515,-0.0020015084,0.8599996566
2026-01-14,86.0248947144,425.9400024414,686.7105712891,16.7500000000,0.0057906022,0.0101703332,-0.0049273725,0.7700004578
2026-01-15,86.0054016113,423.3299865723,688.5806884766,15.8400001526,-0.0002266241,-0.0061465120,0.0027195961,-0.9099998474
2026-01-16,85.5087127686,421.2900085449,688.0037231445,15.8599996567,-0.0057918292,-0.0048305321,-0.0008382564,0.0199995041
2026-01-20,84.3887176514,437.2300109863,673.9981689453,20.0900001526,-0.0131845589,0.0371379446,-0.0205668553,4.2300004959
2026-01-21,85.0315017700,443.6000061035,681.7768554688,16.8999996185,0.0075880813,0.0144638717,0.0114750187,-3.1900005341
2026-01-22,85.4015808105,451.7900085449,685.3379516602,15.6400003433,0.0043428144,0.0182942198,0.0052096638,-1.2599992752
2026-01-23,85.6353225708,458.0000000000,685.5865478516,16.0900001526,0.0027332336,0.0136516951,0.0003626694,0.4499998093
2026-01-26,86.0443496704,464.7000122070,689.0681152344,16.1499996185,0.0047650123,0.0145228782,0.0050653810,0.0599994659
2026-01-27,85.5087127686,476.1000061035,691.8134765625,16.3500003815,-0.0062445827,0.0242358667,0.0039762496,0.2000007630
2026-01-28,85.3139343262,494.5599975586,691.7438354492,16.3500003815,-0.0022804766,0.0380405444,-0.0001006696,0.0000000000
2026-01-29,85.3334045410,495.8999938965,690.3711547852,16.8799991608,0.0002281924,0.0027058077,-0.0019863486,0.5299987793
2026-01-30,84.8561935425,444.9500122070,688.3121337891,17.4400005341,-0.0056080072,-0.1084123374,-0.0029869406,0.5600013733
2026-02-02,84.6137466431,427.1300048828,691.7338867188,16.3400001526,-0.0028612398,-0.0408735158,0.0049589070,-1.1000003815
2026-02-03,84.8190383911,454.2900085449,685.8850097656,18.0000000000,0.0024232836,0.0616473515,-0.0084913355,1.6599998474
2026-02-04,84.6039657593,453.9700012207,682.5626831055,18.6399993896,-0.0025388848,-0.0007046602,-0.0048556232,0.6399993896
2026-02-05,85.5229415894,441.8800048828,674.0379638672,21.7700004578,0.0108035205,-0.0269927562,-0.0125679307,3.1300010682
2026-02-06,85.5815887451,455.4599914551,686.9692382812,20.3700008392,0.0006855126,0.0302695154,0.0190030788,-1.3999996186
2026-02-09,85.5620422363,467.0299987793,690.2816162109,17.3600006104,-0.0002284223,0.0250856143,0.0048101394,-3.0100002288
2026-02-10,86.5494537354,462.3999938965,688.4613037109,17.7900009155,0.0114742171,-0.0099631887,-0.0026405409,0.4300003051
2026-02-11,86.0899658203,467.6300048828,688.3021850586,17.6499996185,-0.0053231064,0.0112470912,-0.0002311489,-0.1400012970
2026-02-12,87.2338027954,451.3900146484,677.6687011719,20.8199996948,0.0131990389,-0.0353456521,-0.0155694368,3.1700000763
2026-02-13,87.7128295898,462.6199951172,678.1461181641,20.6000003815,0.0054762757,0.0245742289,0.0007042511,-0.2199993133
2026-02-17,87.8594818115,448.2000122070,679.2402954102,20.2900009155,0.0016705625,-0.0316663836,0.0016121828,-0.3099994660
2026-02-18,87.5270767212,458.2799987793,682.6621093750,19.6200008392,-0.0037905469,0.0222407598,0.0050250608,-0.6700000763
2026-02-19,87.6150665283,459.5599975586,680.8616943359,20.2299995422,0.0010047817,0.0027891563,-0.0026408282,0.6099987030
2026-02-20,87.4097747803,468.6199951172,685.7855834961,19.0900001526,-0.0023458595,0.0195226904,0.0072058249,-1.1399993896
2026-02-23,87.7323760986,481.2799987793,678.7827758789,21.0100002289,0.0036838840,0.0266570237,-0.0102638597,1.9200000763
2026-02-24,87.8888015747,474.6099853516,683.7164916992,19.5499992371,0.0017813970,-0.0139558355,0.0072421872,-1.4600009918
2026-02-25,87.8985900879,473.4200134277,689.4859008789,17.9300003052,0.0001113676,-0.0025104112,0.0084029028,-1.6199989319
2026-02-26,88.2505187988,477.4800109863,685.6561889648,18.6299991608,0.0039958099,0.0085393251,-0.0055699289,0.6999988556
2026-02-27,88.7882156372,483.7500000000,682.3637084961,19.8600006104,0.0060743599,0.0130459471,-0.0048135072,1.2300014496
2026-03-02,87.8966064453,490.0000000000,682.7516479492,21.4400005341,-0.0100927375,0.0128371468,0.0005683614,1.5799999237
2026-03-03,87.7200469971,468.1400146484,676.7337036133,23.5699996948,-0.0020107376,-0.0456379633,-0.0088533262,2.1299991607
2026-03-04,87.4453964233,471.7999877930,681.5083007812,21.1499996185,-0.0031359016,0.0077877133,0.0070305834,-2.4200000763
2026-03-05,87.0922851562,466.1300048828,677.7084350586,23.7500000000,-0.0040462523,-0.0120905654,-0.0055912726,2.6000003815
2026-03-06,86.7685852051,473.5100097656,668.8256225586,29.4899997711,-0.0037236708,0.0157084767,-0.0131937864,5.7399997711
2026-03-09,87.5238723755,472.5299987793,674.6845092773,25.5000000000,0.0086669487,-0.0020718180,0.0087218157,-3.9899997711
2026-03-10,86.5920333862,477.8599853516,673.6002807617,24.9300003052,-0.0107037652,0.0112165375,-0.0016083082,-0.5699996948
2026-03-11,85.4738311768,476.2399902344,672.7548217773,24.2299995422,-0.0129975571,-0.0033958636,-0.0012559229,-0.7000007630
2026-03-12,85.3070755005,466.8800048828,662.5390625000,27.2900009155,-0.0019528615,-0.0198496325,-0.0153014385,3.0600013733
2026-03-13,84.8852996826,460.8399963379,658.7890014648,27.1900005341,-0.0049564698,-0.0130213726,-0.0056762150,-0.1000003814
2026-03-16,85.5424880981,460.4299926758,665.4934082031,23.5100002289,0.0077122596,-0.0008900837,0.0101254294,-3.6800003052
2026-03-17,85.7779083252,459.2699890137,667.2440185547,22.3700008392,0.0027483053,-0.0025225711,0.0026270912,-1.1399993897
2026-03-18,85.2972640991,444.7399902344,657.9335327148,25.0900001526,-0.0056191145,-0.0321484287,-0.0140519118,2.7199993134
2026-03-19,85.8171386719,426.4100036621,656.3121337891,24.0599994659,0.0060763579,-0.0420884865,-0.0024674226,-1.0300006867
2026-03-20,84.1888732910,413.3800048828,646.9034423828,26.7800006866,-0.0191559716,-0.0310340547,-0.0144394451,2.7200012207
2026-03-23,84.7381668091,404.0400085449,653.6959228516,26.1499996185,0.0065033455,-0.0228533745,0.0104452492,-0.6300010681
2026-03-24,84.3654327393,404.1300048828,651.5015869141,26.9500007629,-0.0044083588,0.0002227164,-0.0033624612,0.8000011444
2026-03-25,85.1795654297,416.2900085449,655.1322021484,25.3299999237,0.0096038097,0.0296455328,0.0055572183,-1.6200008392
2026-03-26,84.4635238647,400.6400146484,643.4323730469,27.4400005341,-0.0084417918,-0.0383188483,-0.0180201215,2.1100006104
2026-03-27,84.0025024414,414.7000122070,632.4606323242,31.0499992371,-0.0054731816,0.0344920917,-0.0171989518,3.6099987030
2026-03-30,85.1207122803,414.5799865723,630.3460693359,30.6100006104,0.0132238041,-0.0002894695,-0.0033489923,-0.4399986267
2026-03-31,85.0324325562,430.2900085449,648.6688842773,25.2500000000,-0.0010376503,0.0371934927,0.0286534078,-5.3600006104
2026-04-01,84.9487228394,437.8200073242,653.5562744141,24.5400009155,-0.0009849295,0.0173484639,0.0075062489,-0.7099990845
2026-04-02,85.4706726074,429.4100036621,654.1447753906,23.8700008392,0.0061254929,-0.0193957017,0.0009000544,-0.6700000763
2026-04-06,85.3328018188,427.6499938965,657.2368164062,24.1700000763,-0.0016143796,-0.0041070923,0.0047157086,0.2999992371
2026-04-07,85.3229522705,431.8099975586,657.5260009766,25.7800006866,-0.0001154318,0.0096805813,0.0004399038,1.6100006103
2026-04-08,85.5986862183,434.5299987793,674.2729492188,21.0400009155,0.0032264398,0.0062793134,0.0251506896,-4.7399997711
2026-04-09,85.3820343018,437.9100036621,678.1628417969,19.4899997711,-0.0025342276,0.0077484338,0.0057524406,-1.5500011444
2026-04-10,85.1752243042,437.1300048828,677.7140502930,19.2299995422,-0.0024251105,-0.0017827733,-0.0006619945,-0.2600002289
2026-04-13,85.4312820435,435.3599853516,684.3369750977,19.1200008392,0.0030017370,-0.0040574035,0.0097250057,-0.1099987030
2026-04-14,85.8842849731,445.0899963379,692.6755371094,18.3600006104,0.0052885327,0.0221032593,0.0121112392,-0.7600002288
2026-04-15,85.5100631714,440.4599914551,698.1414184570,18.1700000763,-0.0043667997,-0.0104568847,0.0078599983,-0.1900005341
2026-04-16,84.9684219360,440.0799865723,699.8569946289,17.9400005341,-0.0063543861,-0.0008631179,0.0024543333,-0.2299995422
2026-04-17,85.7464065552,445.9299926758,708.3152465820,17.4799995422,0.0091144983,0.0132054745,0.0120132373,-0.4600009919
2026-04-20,85.7267150879,442.0899963379,706.8988037109,18.8700008392,-0.0002296741,-0.0086484996,-0.0020017373,1.3900012970
2026-04-21,85.2540054321,429.5700073242,702.2708129883,19.5000000000,-0.0055294054,-0.0287287476,-0.0065684178,0.6299991608
2026-04-22,85.4214248657,435.2600097656,709.3825073242,18.9200000763,0.0019618464,0.0131588507,0.0100757805,-0.5799999237
2026-04-23,85.2343139648,431.0400085449,706.6295776367,19.3099994659,-0.0021928472,-0.0097426631,-0.0038882905,0.3899993896
2026-04-24,85.3918838501,433.2500000000,712.1054687500,18.7099990845,0.0018469606,0.0051140155,0.0077194376,-0.6000003814
2026-04-27,84.9684219360,429.8900146484,713.3322753906,18.0200004578,-0.0049713786,-0.0077855325,0.0017213055,-0.6899986267
2026-04-28,85.0570602417,421.9100036621,709.8612060547,17.8299999237,0.0010426474,-0.0187373663,-0.0048778698,-0.1900005341
2026-04-29,84.3972320557,417.4100036621,709.7515258789,18.8099994659,-0.0077877227,-0.0107230689,-0.0001545213,0.9799995422
2026-04-30,84.3184585571,423.6600036621,716.8132934570,16.8899993896,-0.0009338018,0.0148622944,0.0099004618,-1.9200000763
2026-05-01,84.6199264526,423.1799926758,718.7982177734,16.9899997711,0.0035689724,-0.0011336523,0.0027652684,0.1000003815
2026-05-04,83.9774398804,414.7099914551,716.1649780273,18.2900009155,-0.0076215862,-0.0202181430,-0.0036701188,1.3000011444
2026-05-05,84.4420089722,418.2699890137,721.9102172852,17.3799991608,0.0055168245,0.0085476706,0.0079902217,-0.9100017547
2026-05-06,85.0844955444,430.9599914551,731.9443359375,17.3899993896,0.0075798136,0.0298881278,0.0138036889,0.0100002288
2026-05-07,84.6594619751,431.6799926758,729.7001342773,17.0799999237,-0.0050079480,0.0016692975,-0.0030707925,-0.3099994659
2026-05-08,85.0844955444,433.7699890137,735.7246093750,17.1900005341,0.0050079480,0.0048298583,0.0082222019,0.1100006104
2026-05-11,84.5705032349,434.6499938965,737.4002685547,18.3799991608,-0.0060592837,0.0020266811,0.0022749733,1.1899986267
2026-05-12,84.0070877075,432.9299926758,736.2831420898,17.9899997711,-0.0066843715,-0.0039650603,-0.0015161013,-0.3899993897
2026-05-13,83.8192977905,430.5000000000,740.4025268555,17.8700008392,-0.0022379079,-0.0056287113,0.0055792448,-0.1199989319
2026-05-14,83.9379043579,427.2099914551,746.2474975586,17.2600002289,0.0014140268,-0.0076716483,0.0078633178,-0.6100006103
2026-05-15,82.6924819946,417.2900085449,737.2706298828,18.4300003052,-0.0149486007,-0.0234942314,-0.0121022818,1.1700000763
2026-05-18,82.5936279297,418.4299926758,736.7519531250,17.8199996948,-0.0011961571,0.0027281502,-0.0007037569,-0.6100006104
2026-05-19,82.0598754883,411.5000000000,731.8446044922,18.0599994659,-0.0064833642,-0.0167005743,-0.0066830701,0.2399997711
2026-05-20,82.9395828247,417.3999938965,739.3452758789,17.4400005341,0.0106632553,0.0142359599,0.0101968298,-0.6199989318
2026-05-21,83.2459945679,416.9899902344,740.8114624023,16.7600002289,0.0036875894,-0.0009827627,0.0019811240,-0.6800003052
2026-05-22,83.7006759644,413.8200073242,743.7239990234,16.7000007629,0.0054470391,-0.0076311029,0.0039238407,-0.0599994660
2026-05-26,84.1158218384,414.0000000000,748.6613159180,17.0100002289,0.0049476270,0.0004348595,0.0066167026,0.3099994660
2026-05-27,84.3135070801,408.4899902344,748.5316162109,16.2900009155,0.0023473980,-0.0133985635,-0.0001732572,-0.7199993134
2026-05-28,84.7484207153,412.7699890137,752.6609497070,15.7399997711,0.0051450330,0.0104231002,0.0055014180,-0.5500011444
2026-05-29,84.7681961060,417.1199951172,754.5361328125,15.3199996948,0.0002333151,0.0104834280,0.0024883064,-0.4200000763
2026-06-01,84.8138427734,411.2600097656,756.5908203125,16.0499992371,0.0005383432,-0.0141482968,0.0027194125,0.7299995423
2026-06-02,84.9924545288,411.9500122070,757.6182250977,15.7700004578,0.0021037126,0.0016763708,0.0013570186,-0.2799987793
2026-06-03,84.6550674438,407.8699951172,752.3018798828,16.0599994659,-0.0039775120,-0.0099535282,-0.0070419185,0.2899990081
2026-06-04,84.8436050415,411.2699890137,755.1445922852,15.3999996185,0.0022246508,0.0083014222,0.0037715645,-0.6599998474
2026-06-05,84.4069824219,396.2399902344,735.6547851562,21.5100002289,-0.0051594927,-0.0372298428,-0.0261482771,6.1100006104
2026-06-08,83.9703674316,397.2699890137,737.3204345703,18.9200000763,-0.0051861604,0.0025960590,0.0022616132,-2.5900001526
2026-06-09,84.4665298462,390.7799987793,735.1560668945,19.8700008392,0.0058913915,-0.0164713840,-0.0029397674,0.9500007629
2026-06-10,84.2283630371,374.5799865723,723.5659179688,22.2199993134,-0.0028236417,-0.0423393762,-0.0158911608,2.3499984742
2026-06-11,85.3199310303,386.3200073242,735.8642578125,19.4400005341,0.0128763675,0.0308606981,0.0168540176,-2.7799987793
2026-06-12,85.1115341187,386.5400085449,739.8439941406,17.6800003052,-0.0024455228,0.0005693171,0.0053936758,-1.7600002289
2026-06-15,85.0619201660,396.5499877930,752.8903808594,16.2000007629,-0.0005830986,0.0255667281,0.0174802954,-1.4799995423
2026-06-16,85.5283126831,397.6300048828,748.4019775391,16.4099998474,0.0054679998,0.0027198312,-0.0059794039,0.2099990845
2026-06-17,85.6672439575,388.6000061035,739.0560302734,18.4400005341,0.0016230714,-0.0229713843,-0.0125664996,2.0300006867
2026-06-18,86.0840148926,387.1199951172,746.7399902344,16.3999996185,0.0048532017,-0.0038158428,0.0103433154,-2.0400009156
2026-06-22,85.4290771484,384.5899963379,744.3900146484,17.2800006866,-0.0076372121,-0.0065568876,-0.0031519418,0.8800010681
2026-06-23,85.5382308960,377.3200073242,733.5800170898,19.4899997711,0.0012768963,-0.0190841691,-0.0146284297,2.2099990845
2026-06-24,86.7091674805,365.9200134277,733.2399902344,18.6299991608,0.0135961952,-0.0306788862,-0.0004636245,-0.8600006103
2026-06-25,86.6794052124,369.4599914551,734.2999877930,18.8899993896,-0.0003433014,0.0096276900,0.0014445913,0.2600002288
2026-06-26,86.6893310547,373.6300048828,728.9899902344,18.4099998474,0.0001145056,0.0112235590,-0.0072576467,-0.4799995422
2026-06-29,86.7786407471,368.5799865723,741.0000000000,17.6499996185,0.0010296967,-0.0136082680,0.0163406242,-0.7600002289
2026-06-30,85.7565383911,368.3800048828,746.7700195312,16.4500007629,-0.0118481844,-0.0005427206,0.0077566403,-1.1999988556
2026-07-01,85.1768798828,370.6000061035,745.7600097656,16.5900001526,-0.0067822985,0.0060083030,-0.0013534199,0.1399993897
2026-07-02,85.1669235229,378.1300048828,744.7800292969,16.1499996185,-0.0001168972,0.0201147344,-0.0013149336,-0.4400005341
2026-07-06,85.1071548462,382.1300048828,751.2800292969,15.5699996948,-0.0007020291,0.0105228129,0.0086895454,-0.5799999237
2026-07-07,84.2107772827,377.4899902344,747.7100219727,16.1299991608,-0.0105881985,-0.0122168252,-0.0047632258,0.5599994660
2026-07-08,84.0215377808,374.4500122070,745.4000244141,16.8999996185,-0.0022497412,-0.0080857371,-0.0030942119,0.7700004577
2026-07-09,84.1510086060,378.1799926758,751.7100219727,15.8400001526,0.0015397382,0.0099119381,0.0084296207,-1.0599994659
2026-07-10,84.1310958862,377.0100097656,754.9500122070,15.0299997330,-0.0002366588,-0.0030985152,0.0043008976,-0.8100004196
2026-07-13,83.6331024170,367.1300048828,749.1699829102,17.1599998474,-0.0059368439,-0.0265557161,-0.0076856338,2.1300001144
2026-07-14,83.7426605225,372.1499938965,751.8300170898,16.5000000000,0.0013091277,0.0135809603,0.0035443531,-0.6599998474
2026-07-15,83.9020156860,372.3500061035,754.8099975586,15.6700000763,0.0019011067,0.0005373061,0.0039558014,-0.8299999237
2026-07-16,83.8721313477,364.9599914551,750.7199707031,16.7299995422,-0.0003562449,-0.0200465534,-0.0054333517,1.0599994659
2026-07-17,84.1808853149,368.4100036621,743.2899780273,18.7700004578,0.0036744870,0.0094087232,-0.0099464584,2.0400009156
2026-07-20,83.5534210205,367.6000061035,742.0900268555,18.6499996185,-0.0074816802,-0.0022010513,-0.0016156828,-0.1200008393
2026-07-21,83.3243484497,374.8099975586,748.2800292969,17.0499992371,-0.0027453952,0.0194238173,0.0083067128,-1.6000003814
2026-07-22,83.1052246094,379.1199951172,747.4099731445,16.6399993896,-0.0026332335,0.0114335404,-0.0011634179,-0.4099998475
2026-07-23,82.8363037109,371.5199890137,738.1799926758,18.7000007629,-0.0032411553,-0.0202500958,-0.0124261734,2.0600013733
2026-07-24,82.9159851074,371.8999938965,738.9299926758,18.5799999237,0.0009614516,0.0010223156,0.0010154966,-0.1200008392
2026-07-27,83.4139785767,374.6300048828,739.0900268555,18.6700000763,0.0059880366,0.0073139007,0.0002165521,0.0900001526
2026-07-28,83.9020156860,369.3699951172,740.8599853516,18.2099990845,0.0058337339,-0.0141400468,0.0023919177,-0.4600009918
2026-07-29,82.5175933838,371.0799865723,729.4600219727,20.6599998474,-0.0166381143,0.0046187981,-0.0155070893,2.4500007629
2026-07-30,82.4677963257,377.1600036621,741.6900024414,17.0900001526,-0.0006036542,0.0162518737,0.0166268049,-3.5699996948
2026-07-31,81.9199981689,371.5400085449,747.0300292969,15.9899997711,-0.0066647306,-0.0150129573,0.0071740148,-1.1000003815
2026-08-03,82.1900024414,371.7099914551,757.6699829102,15.8599996567,0.0032905309,0.0004574044,0.0141425279,-0.1300001144
2026-08-04,82.8199996948,374.1600036621,771.3300170898,16.5000000000,0.0076359046,0.0065695658,0.0178684076,0.6400003433
2026-08-05,83.0000000000,389.6400146484,769.7899780273,15.8100004196,0.0021710334,0.0405397503,-0.0019985979,-0.6899995804
2026-08-06,82.5199966431,389.6700134277,768.5599975586,15.1499996185,-0.0057999603,0.0000769880,-0.0015990909,-0.6600008011
2026-08-07,82.7600021362,398.4700012207,773.2600097656,14.8999996185,0.0029042312,0.0223319546,0.0060967256,-0.2500000000
2026-08-10,82.0599975586,402.5400085449,773.0300292969,15.4600000381,-0.0084942214,0.0101622759,-0.0002974610,0.5600004196
2026-08-11,82.1900024414,400.9599914551,770.5599975586,15.2799997330,0.0015830126,-0.0039328416,-0.0032003755,-0.1800003051
2026-08-12,82.1100006104,404.9200134277,772.4899902344,14.5500001907,-0.0009738507,0.0098278995,0.0025015310,-0.7299995423
2026-08-13,82.5899963379,398.9599914551,777.8800048828,14.6300001144,0.0058287443,-0.0148284101,0.0069532259,0.0799999237
2026-08-14,82.0400009155,401.4800109863,776.3400268555,14.2500000000,-0.0066816191,0.0062966065,-0.0019816738,-0.3800001144
2026-08-17,81.3499984741,405.4899902344,772.6699829102,15.1899995804,-0.0084461295,0.0099384419,-0.0047385760,0.9399995804
