Date,TLT,GLD,SPY,VIX
1990-01-02,,,,17.2399997711
1990-01-03,,,,18.1900005341
1990-01-04,,,,19.2199993134
1990-01-05,,,,20.1100006104
1990-01-08,,,,20.2600002289
1990-01-09,,,,22.2000007629
1990-01-10,,,,22.4400005341
1990-01-11,,,,20.0499992371
1990-01-12,,,,24.6399993896
1990-01-15,,,,26.3400001526
1990-01-16,,,,24.1800003052
1990-01-17,,,,24.1599998474
1990-01-18,,,,24.3400001526
1990-01-19,,,,22.5000000000
1990-01-22,,,,26.7000007629
1990-01-23,,,,24.7199993134
1990-01-24,,,,25.3899993896
1990-01-25,,,,25.6299991608
1990-01-26,,,,26.2800006866
1990-01-29,,,,26.4400005341
1990-01-30,,,,27.2500000000
1990-01-31,,,,25.3600006104
1990-02-01,,,,24.8700008392
1990-02-02,,,,24.3199996948
1990-02-05,,,,24.5400009155
1990-02-06,,,,24.6900005341
1990-02-07,,,,24.2900009155
1990-02-08,,,,23.7700004578
1990-02-09,,,,23.6900005341
1990-02-12,,,,24.3799991608
1990-02-13,,,,23.7600002289
1990-02-14,,,,22.0499992371
1990-02-15,,,,19.7099990845
1990-02-16,,,,20.7800006866
1990-02-20,,,,22.7800006866
1990-02-21,,,,23.8899993896
1990-02-22,,,,22.5400009155
1990-02-23,,,,23.6900005341
1990-02-26,,,,23.5599994659
1990-02-27,,,,22.6900005341
1990-02-28,,,,21.9899997711
1990-03-01,,,,21.8999996185
1990-03-02,,,,21.3400001526
1990-03-05,,,,22.0300006866
1990-03-06,,,,20.5499992371
1990-03-07,,,,19.1000003815
1990-03-08,,,,19.7399997711
1990-03-09,,,,20.2999992371
1990-03-12,,,,20.0699996948
1990-03-13,,,,21.0499992371
1990-03-14,,,,19.6499996185
1990-03-15,,,,18.8099994659
1990-03-16,,,,17.6200008392
1990-03-19,,,,18.2900009155
1990-03-20,,,,19.0599994659
1990-03-21,,,,20.1000003815
1990-03-22,,,,22.7399997711
1990-03-23,,,,20.4599990845
1990-03-26,,,,19.5900001526
1990-03-27,,,,21.0100002289
1990-03-28,,,,19.7700004578
1990-03-29,,,,18.4599990845
1990-03-30,,,,19.7299995422
1990-04-02,,,,22.8400001526
1990-04-03,,,,20.4400005341
1990-04-04,,,,22.0300006866
1990-04-05,,,,21.2099990845
1990-04-06,,,,21.7600002289
1990-04-09,,,,22.2999992371
1990-04-10,,,,21.6900005341
1990-04-11,,,,17.7299995422
1990-04-12,,,,19.7999992371
1990-04-16,,,,20.7500000000
1990-04-17,,,,20.3799991608
1990-04-18,,,,22.6700000763
1990-04-19,,,,22.4599990845
1990-04-20,,,,23.3299999237
1990-04-23,,,,24.1599998474
1990-04-24,,,,21.7000007629
1990-04-25,,,,20.8600006104
1990-04-26,,,,20.2500000000
1990-04-27,,,,22.1900005341
1990-04-30,,,,19.5200004578
1990-05-01,,,,18.4300003052
1990-05-02,,,,19.3199996948
1990-05-03,,,,17.8099994659
1990-05-04,,,,17.2800006866
1990-05-07,,,,17.6499996185
1990-05-08,,,,18.4899997711
1990-05-09,,,,18.6399993896
1990-05-10,,,,18.5900001526
1990-05-11,,,,19.8099994659
1990-05-14,,,,20.1399993896
1990-05-15,,,,19.4899997711
1990-05-16,,,,17.7099990845
1990-05-17,,,,17.2700004578
1990-05-18,,,,17.2000007629
1990-05-21,,,,16.7199993134
1990-05-22,,,,17.8400001526
1990-05-23,,,,17.1800003052
1990-05-24,,,,17.7000007629
1990-05-25,,,,17.3199996948
1990-05-29,,,,18.7500000000
1990-05-30,,,,17.4400005341
1990-05-31,,,,17.3700008392
1990-06-01,,,,17.0900001526
1990-06-04,,,,18.3899993896
1990-06-05,,,,18.9699993134
1990-06-06,,,,17.4200000763
1990-06-07,,,,16.8799991608
1990-06-08,,,,17.5799999237
1990-06-11,,,,16.3400001526
1990-06-12,,,,16.6000003815
1990-06-13,,,,17.3799991608
1990-06-14,,,,17.3999996185
1990-06-15,,,,15.8999996185
1990-06-18,,,,17.7099990845
1990-06-19,,,,15.2299995422
1990-06-20,,,,15.2700004578
1990-06-21,,,,14.7200002670
1990-06-22,,,,19.3600006104
1990-06-25,,,,17.0599994659
1990-06-26,,,,16.2900009155
1990-06-27,,,,16.0000000000
1990-06-28,,,,16.1800003052
1990-06-29,,,,15.5000000000
1990-07-02,,,,16.2600002289
1990-07-03,,,,16.1100006104
1990-07-05,,,,17.2500000000
1990-07-06,,,,16.4099998474
1990-07-09,,,,16.6599998474
1990-07-10,,,,16.9200000763
1990-07-11,,,,16.6800003052
1990-07-12,,,,17.0599994659
1990-07-13,,,,17.0900001526
1990-07-16,,,,16.7500000000
1990-07-17,,,,16.6599998474
1990-07-18,,,,18.8999996185
1990-07-19,,,,18.5599994659
1990-07-20,,,,15.6300001144
1990-07-23,,,,23.6800003052
1990-07-24,,,,21.7900009155
1990-07-25,,,,20.1900005341
1990-07-26,,,,20.2600002289
1990-07-27,,,,21.1200008392
1990-07-30,,,,21.1599998474
1990-07-31,,,,21.1100006104
1990-08-01,,,,21.6399993896
1990-08-02,,,,20.4300003052
1990-08-03,,,,28.7399997711
1990-08-06,,,,35.9099998474
1990-08-07,,,,32.7500000000
1990-08-08,,,,28.2700004578
1990-08-09,,,,24.3899993896
1990-08-10,,,,25.7500000000
1990-08-13,,,,25.7399997711
1990-08-14,,,,24.1800003052
1990-08-15,,,,23.3099994659
1990-08-16,,,,27.1599998474
1990-08-17,,,,27.5300006866
1990-08-20,,,,26.4599990845
1990-08-21,,,,28.8999996185
1990-08-22,,,,30.5499992371
1990-08-23,,,,36.4700012207
1990-08-24,,,,33.9300003052
1990-08-27,,,,29.6299991608
1990-08-28,,,,29.1200008392
1990-08-29,,,,27.3799991608
1990-08-30,,,,29.8899993896
1990-08-31,,,,29.8999996185
1990-09-04,,,,29.5799999237
1990-09-05,,,,28.5200004578
1990-09-06,,,,30.1900005341
1990-09-07,,,,28.7299995422
1990-09-10,,,,29.3400001526
1990-09-11,,,,28.3799991608
1990-09-12,,,,28.1200008392
1990-09-13,,,,29.3299999237
1990-09-14,,,,30.5599994659
1990-09-17,,,,29.5499992371
1990-09-18,,,,28.8199996948
1990-09-19,,,,27.8799991608
1990-09-20,,,,28.6599998474
1990-09-21,,,,30.0400009155
1990-09-24,,,,30.5599994659
1990-09-25,,,,28.8099994659
1990-09-26,,,,28.1900005341
1990-09-27,,,,28.6700000763
1990-09-28,,,,29.1100006104
1990-10-01,,,,28.0599994659
1990-10-02,,,,27.2800006866
1990-10-03,,,,27.8999996185
1990-10-04,,,,27.5100002289
1990-10-05,,,,27.8500003815
1990-10-08,,,,28.0400009155
1990-10-09,,,,30.7099990845
1990-10-10,,,,31.1900005341
1990-10-11,,,,33.9799995422
1990-10-12,,,,31.9400005341
1990-10-15,,,,31.6399993896
1990-10-16,,,,31.4500007629
1990-10-17,,,,31.3700008392
1990-10-18,,,,29.6000003815
1990-10-19,,,,27.8600006104
1990-10-22,,,,27.2700004578
1990-10-23,,,,27.5699996948
1990-10-24,,,,28.2800006866
1990-10-25,,,,29.0400009155
1990-10-26,,,,30.7500000000
1990-10-29,,,,31.5400009155
1990-10-30,,,,30.5200004578
1990-10-31,,,,30.0400009155
1990-11-01,,,,30.2500000000
1990-11-02,,,,30.0300006866
1990-11-05,,,,29.8500003815
1990-11-06,,,,29.1100006104
1990-11-07,,,,30.8700008392
1990-11-08,,,,30.7900009155
1990-11-09,,,,26.9599990845
1990-11-12,,,,25.6000003815
1990-11-13,,,,24.5799999237
1990-11-14,,,,22.8899993896
1990-11-15,,,,22.5699996948
1990-11-16,,,,21.3400001526
1990-11-19,,,,20.9500007629
1990-11-20,,,,20.0900001526
1990-11-21,,,,21.0900001526
1990-11-23,,,,20.9799995422
1990-11-26,,,,22.7600002289
1990-11-27,,,,22.8600006104
1990-11-28,,,,22.9599990845
1990-11-29,,,,23.9099998474
1990-11-30,,,,22.1599998474
1990-12-03,,,,22.2900009155
1990-12-04,,,,22.0300006866
1990-12-05,,,,20.9400005341
1990-12-06,,,,22.6200008392
1990-12-07,,,,22.5900001526
1990-12-10,,,,23.5799999237
1990-12-11,,,,23.7500000000
1990-12-12,,,,21.2800006866
1990-12-13,,,,23.0499992371
1990-12-14,,,,23.8500003815
1990-12-17,,,,24.8500003815
1990-12-18,,,,23.1100006104
1990-12-19,,,,23.0799999237
1990-12-20,,,,23.1299991608
1990-12-21,,,,22.6599998474
1990-12-24,,,,24.0300006866
1990-12-26,,,,24.1800003052
1990-12-27,,,,24.8099994659
1990-12-28,,,,25.0499992371
1990-12-31,,,,26.3799991608
1991-01-02,,,,26.6200008392
1991-01-03,,,,27.9300003052
1991-01-04,,,,27.1900005341
1991-01-07,,,,28.9500007629
1991-01-08,,,,30.3799991608
1991-01-09,,,,33.2999992371
1991-01-10,,,,31.3299999237
1991-01-11,,,,32.6300010681
1991-01-14,,,,36.2000007629
1991-01-15,,,,36.1599998474
1991-01-16,,,,33.2000007629
1991-01-17,,,,27.4500007629
1991-01-18,,,,25.3899993896
1991-01-21,,,,24.3299999237
1991-01-22,,,,24.8999996185
1991-01-23,,,,23.9200000763
1991-01-24,,,,22.8600006104
1991-01-25,,,,22.2000007629
1991-01-28,,,,23.0499992371
1991-01-29,,,,23.1700000763
1991-01-30,,,,21.3700008392
1991-01-31,,,,20.9099998474
1991-02-01,,,,21.0400009155
1991-02-04,,,,21.8600006104
1991-02-05,,,,21.4599990845
1991-02-06,,,,22.6800003052
1991-02-07,,,,23.6000003815
1991-02-08,,,,23.3799991608
1991-02-11,,,,22.5599994659
1991-02-12,,,,22.2600002289
1991-02-13,,,,20.8600006104
1991-02-14,,,,21.4799995422
1991-02-15,,,,19.5699996948
1991-02-19,,,,19.8400001526
1991-02-20,,,,22.2600002289
1991-02-21,,,,20.7800006866
1991-02-22,,,,21.0100002289
1991-02-25,,,,22.8600006104
1991-02-26,,,,20.3799991608
1991-02-27,,,,21.2600002289
1991-02-28,,,,21.2299995422
1991-03-01,,,,21.2299995422
1991-03-04,,,,20.8600006104
1991-03-05,,,,20.4500007629
1991-03-06,,,,20.5499992371
1991-03-07,,,,21.0499992371
1991-03-08,,,,20.8099994659
1991-03-11,,,,20.8799991608
1991-03-12,,,,18.8199996948
1991-03-13,,,,16.0900001526
1991-03-14,,,,14.9399995804
1991-03-15,,,,14.8999996185
1991-03-18,,,,15.7899999619
1991-03-19,,,,16.1100006104
1991-03-20,,,,16.0400009155
1991-03-21,,,,16.8600006104
1991-03-22,,,,16.4899997711
1991-03-25,,,,16.7600002289
1991-03-26,,,,16.3099994659
1991-03-27,,,,16.5499992371
1991-03-28,,,,16.8799991608
1991-04-01,,,,17.4200000763
1991-04-02,,,,17.3999996185
1991-04-03,,,,17.6100006104
1991-04-04,,,,18.0100002289
1991-04-05,,,,17.6299991608
1991-04-08,,,,17.4099998474
1991-04-09,,,,20.1200008392
1991-04-10,,,,19.7299995422
1991-04-11,,,,17.2399997711
1991-04-12,,,,18.4500007629
1991-04-15,,,,16.5000000000
1991-04-16,,,,15.8199996948
1991-04-17,,,,15.4700002670
1991-04-18,,,,16.2600002289
1991-04-19,,,,15.6800003052
1991-04-22,,,,16.7800006866
1991-04-23,,,,17.0200004578
1991-04-24,,,,16.7199993134
1991-04-25,,,,17.1499996185
1991-04-26,,,,17.2700004578
1991-04-29,,,,18.2700004578
1991-04-30,,,,18.2399997711
1991-05-01,,,,17.7700004578
1991-05-02,,,,17.5200004578
1991-05-03,,,,17.2399997711
1991-05-06,,,,17.9200000763
1991-05-07,,,,17.4599990845
1991-05-08,,,,17.7800006866
1991-05-09,,,,17.1700000763
1991-05-10,,,,17.5400009155
1991-05-13,,,,17.6599998474
1991-05-14,,,,18.0000000000
1991-05-15,,,,18.3799991608
1991-05-16,,,,17.2399997711
1991-05-17,,,,16.6399993896
1991-05-20,,,,17.1000003815
1991-05-21,,,,16.0699996948
1991-05-22,,,,16.1599998474
1991-05-23,,,,16.1100006104
1991-05-24,,,,15.2299995422
1991-05-28,,,,15.6700000763
1991-05-29,,,,15.8999996185
1991-05-30,,,,16.0200004578
1991-05-31,,,,15.9300003052
1991-06-03,,,,16.8700008392
1991-06-04,,,,16.1700000763
1991-06-05,,,,16.3999996185
1991-06-06,,,,16.9300003052
1991-06-07,,,,16.9799995422
1991-06-10,,,,17.4699993134
1991-06-11,,,,17.3199996948
1991-06-12,,,,17.7199993134
1991-06-13,,,,16.9899997711
1991-06-14,,,,15.9799995422
1991-06-17,,,,15.5000000000
1991-06-18,,,,16.1399993896
1991-06-19,,,,17.4400005341
1991-06-20,,,,16.7500000000
1991-06-21,,,,16.5100002289
1991-06-24,,,,18.2800006866
1991-06-25,,,,17.8500003815
1991-06-26,,,,17.9799995422
1991-06-27,,,,17.8700008392
1991-06-28,,,,19.5499992371
1991-07-01,,,,18.6399993896
1991-07-02,,,,17.6299991608
1991-07-03,,,,19.4699993134
1991-07-05,,,,18.3500003815
1991-07-08,,,,20.2900009155
1991-07-09,,,,19.7600002289
1991-07-10,,,,19.1900005341
1991-07-11,,,,17.3899993896
1991-07-12,,,,18.2900009155
1991-07-15,,,,17.7800006866
1991-07-16,,,,17.4899997711
1991-07-17,,,,17.5200004578
1991-07-18,,,,15.7700004578
1991-07-19,,,,15.5000000000
1991-07-22,,,,16.8999996185
1991-07-23,,,,16.5799999237
1991-07-24,,,,16.4099998474
1991-07-25,,,,15.7399997711
1991-07-26,,,,15.4499998093
1991-07-29,,,,15.6700000763
1991-07-30,,,,15.4700002670
1991-07-31,,,,15.1800003052
1991-08-01,,,,15.4700002670
1991-08-02,,,,15.2600002289
1991-08-05,,,,15.9200000763
1991-08-06,,,,15.5399999619
1991-08-07,,,,15.5600004196
1991-08-08,,,,15.9799995422
1991-08-09,,,,15.4499998093
1991-08-12,,,,15.2600002289
1991-08-13,,,,14.7299995422
1991-08-14,,,,15.0900001526
1991-08-15,,,,15.1899995804
1991-08-16,,,,16.0100002289
1991-08-19,,,,21.1900005341
1991-08-20,,,,18.8600006104
1991-08-21,,,,15.6199998856
1991-08-22,,,,14.5900001526
1991-08-23,,,,14.4099998474
1991-08-26,,,,14.8100004196
1991-08-27,,,,15.4600000381
1991-08-28,,,,15.3100004196
1991-08-29,,,,14.8199996948
1991-08-30,,,,14.4600000381
1991-09-03,,,,16.5699996948
1991-09-04,,,,17.1800003052
1991-09-05,,,,17.3099994659
1991-09-06,,,,16.7600002289
1991-09-09,,,,17.7299995422
1991-09-10,,,,18.2199993134
1991-09-11,,,,17.9599990845
1991-09-12,,,,16.2099990845
1991-09-13,,,,17.8799991608
1991-09-16,,,,17.8199996948
1991-09-17,,,,17.6800003052
1991-09-18,,,,17.5599994659
1991-09-19,,,,17.5599994659
1991-09-20,,,,17.0799999237
1991-09-23,,,,16.3799991608
1991-09-24,,,,16.0400009155
1991-09-25,,,,15.6800003052
1991-09-26,,,,15.3500003815
1991-09-27,,,,16.3099994659
1991-09-30,,,,15.8500003815
1991-10-01,,,,14.8100004196
1991-10-02,,,,15.8100004196
1991-10-03,,,,17.0400009155
1991-10-04,,,,15.6300001144
1991-10-07,,,,18.5799999237
1991-10-08,,,,17.8099994659
1991-10-09,,,,18.5400009155
1991-10-10,,,,17.7999992371
1991-10-11,,,,17.6000003815
1991-10-14,,,,16.7099990845
1991-10-15,,,,16.2199993134
1991-10-16,,,,14.8500003815
1991-10-17,,,,16.3199996948
1991-10-18,,,,15.8699998856
1991-10-21,,,,16.6599998474
1991-10-22,,,,16.5499992371
1991-10-23,,,,16.2600002289
1991-10-24,,,,15.6199998856
1991-10-25,,,,15.7500000000
1991-10-28,,,,15.4499998093
1991-10-29,,,,15.5500001907
1991-10-30,,,,15.4600000381
1991-10-31,,,,15.4799995422
1991-11-01,,,,15.6000003815
1991-11-04,,,,16.3500003815
1991-11-05,,,,16.4799995422
1991-11-06,,,,16.4699993134
1991-11-07,,,,15.9700002670
1991-11-08,,,,15.4300003052
1991-11-11,,,,14.8900003433
1991-11-12,,,,14.0399999619
1991-11-13,,,,13.9499998093
1991-11-14,,,,13.9600000381
1991-11-15,,,,21.1800003052
1991-11-18,,,,18.2800006866
1991-11-19,,,,20.3400001526
1991-11-20,,,,20.3999996185
1991-11-21,,,,19.1100006104
1991-11-22,,,,21.2000007629
1991-11-25,,,,21.9200000763
1991-11-26,,,,19.7999992371
1991-11-27,,,,19.8400001526
1991-11-29,,,,20.2600002289
1991-12-02,,,,20.1800003052
1991-12-03,,,,19.7000007629
1991-12-04,,,,19.5400009155
1991-12-05,,,,20.1900005341
1991-12-06,,,,19.0400009155
1991-12-09,,,,19.7399997711
1991-12-10,,,,19.8899993896
1991-12-11,,,,20.5699996948
1991-12-12,,,,19.0799999237
1991-12-13,,,,17.8799991608
1991-12-16,,,,17.6200008392
1991-12-17,,,,18.1200008392
1991-12-18,,,,17.7800006866
1991-12-19,,,,17.9599990845
1991-12-20,,,,17.6499996185
1991-12-23,,,,16.6100006104
1991-12-24,,,,15.6700000763
1991-12-26,,,,15.4399995804
1991-12-27,,,,15.6999998093
1991-12-30,,,,17.6299991608
1991-12-31,,,,19.3099994659
1992-01-02,,,,18.9500007629
1992-01-03,,,,18.7500000000
1992-01-06,,,,18.9599990845
1992-01-07,,,,19.2299995422
1992-01-08,,,,18.7199993134
1992-01-09,,,,18.9599990845
1992-01-10,,,,18.4500007629
1992-01-13,,,,18.0100002289
1992-01-14,,,,17.0100002289
1992-01-15,,,,17.3899993896
1992-01-16,,,,17.6399993896
1992-01-17,,,,16.3199996948
1992-01-20,,,,16.4200000763
1992-01-21,,,,17.9200000763
1992-01-22,,,,16.7500000000
1992-01-23,,,,16.4599990845
1992-01-24,,,,16.2399997711
1992-01-27,,,,16.6700000763
1992-01-28,,,,17.6700000763
1992-01-29,,,,17.6200008392
1992-01-30,,,,17.4899997711
1992-01-31,,,,17.3999996185
1992-02-03,,,,18.2000007629
1992-02-04,,,,17.9599990845
1992-02-05,,,,18.2199993134
1992-02-06,,,,18.7900009155
1992-02-07,,,,18.5100002289
1992-02-10,,,,18.5599994659
1992-02-11,,,,17.7000007629
1992-02-12,,,,17.3700008392
1992-02-13,,,,17.4500007629
1992-02-14,,,,17.0300006866
1992-02-18,,,,18.2199993134
1992-02-19,,,,17.1599998474
1992-02-20,,,,16.7199993134
1992-02-21,,,,16.8700008392
1992-02-24,,,,17.1299991608
1992-02-25,,,,16.3500003815
1992-02-26,,,,16.6399993896
1992-02-27,,,,16.5100002289
1992-02-28,,,,16.6800003052
1992-03-02,,,,16.8799991608
1992-03-03,,,,17.2600002289
1992-03-04,,,,17.8899993896
1992-03-05,,,,18.4699993134
1992-03-06,,,,19.7500000000
1992-03-09,,,,19.6800003052
1992-03-10,,,,18.6800003052
1992-03-11,,,,19.7900009155
1992-03-12,,,,19.7199993134
1992-03-13,,,,18.3500003815
1992-03-16,,,,18.4599990845
1992-03-17,,,,16.7900009155
1992-03-18,,,,16.6900005341
1992-03-19,,,,16.5200004578
1992-03-20,,,,16.8199996948
1992-03-23,,,,16.7299995422
1992-03-24,,,,16.3199996948
1992-03-25,,,,16.1900005341
1992-03-26,,,,16.2900009155
1992-03-27,,,,16.0200004578
1992-03-30,,,,15.9700002670
1992-03-31,,,,16.1800003052
1992-04-01,,,,16.4799995422
1992-04-02,,,,17.0599994659
1992-04-03,,,,16.7199993134
1992-04-06,,,,16.7199993134
1992-04-07,,,,18.8099994659
1992-04-08,,,,20.1499996185
1992-04-09,,,,17.8899993896
1992-04-10,,,,16.8500003815
1992-04-13,,,,16.9899997711
1992-04-14,,,,15.9799995422
1992-04-15,,,,15.1499996185
1992-04-16,,,,14.8500003815
1992-04-20,,,,15.9300003052
1992-04-21,,,,16.5300006866
1992-04-22,,,,15.9600000381
1992-04-23,,,,15.8299999237
1992-04-24,,,,15.7100000381
1992-04-27,,,,16.4899997711
1992-04-28,,,,16.2399997711
1992-04-29,,,,15.9499998093
1992-04-30,,,,15.5299997330
1992-05-01,,,,16.6100006104
1992-05-04,,,,16.9200000763
1992-05-05,,,,16.6599998474
1992-05-06,,,,16.8099994659
1992-05-07,,,,16.5400009155
1992-05-08,,,,15.6499996185
1992-05-11,,,,15.1700000763
1992-05-12,,,,15.6800003052
1992-05-13,,,,15.1899995804
1992-05-14,,,,15.4899997711
1992-05-15,,,,14.8199996948
1992-05-18,,,,14.6199998856
1992-05-19,,,,13.5699996948
1992-05-20,,,,13.6199998856
1992-05-21,,,,13.9200000763
1992-05-22,,,,13.7299995422
1992-05-26,,,,14.9200000763
1992-05-27,,,,13.9899997711
1992-05-28,,,,13.7700004578
1992-05-29,,,,13.8599996567
1992-06-01,,,,14.4300003052
1992-06-02,,,,14.5699996948
1992-06-03,,,,14.3500003815
1992-06-04,,,,13.6599998474
1992-06-05,,,,14.6499996185
1992-06-08,,,,15.1899995804
1992-06-09,,,,15.9700002670
1992-06-10,,,,16.6200008392
1992-06-11,,,,16.2900009155
1992-06-12,,,,14.9499998093
1992-06-15,,,,14.7600002289
1992-06-16,,,,15.2200002670
1992-06-17,,,,18.0799999237
1992-06-18,,,,18.2000007629
1992-06-19,,,,16.3099994659
1992-06-22,,,,16.6599998474
1992-06-23,,,,14.5299997330
1992-06-24,,,,14.3999996185
1992-06-25,,,,14.3999996185
1992-06-26,,,,14.6700000763
1992-06-29,,,,13.2100000381
1992-06-30,,,,13.3500003815
1992-07-01,,,,13.3400001526
1992-07-02,,,,13.8800001144
1992-07-06,,,,14.8699998856
1992-07-07,,,,15.8299999237
1992-07-08,,,,15.5299997330
1992-07-09,,,,14.6000003815
1992-07-10,,,,13.6999998093
1992-07-13,,,,14.0100002289
1992-07-14,,,,13.5000000000
1992-07-15,,,,12.5200004578
1992-07-16,,,,12.2700004578
1992-07-17,,,,12.6000003815
1992-07-20,,,,12.6599998474
1992-07-21,,,,12.6000003815
1992-07-22,,,,13.5699996948
1992-07-23,,,,13.3299999237
1992-07-24,,,,13.3699998856
1992-07-27,,,,13.8999996185
1992-07-28,,,,13.0500001907
1992-07-29,,,,13.4399995804
1992-07-30,,,,13.5000000000
1992-07-31,,,,13.1700000763
1992-08-03,,,,13.8299999237
1992-08-04,,,,13.5799999237
1992-08-05,,,,13.8199996948
1992-08-06,,,,14.2299995422
1992-08-07,,,,13.9399995804
1992-08-10,,,,14.5100002289
1992-08-11,,,,15.0900001526
1992-08-12,,,,14.8800001144
1992-08-13,,,,15.3400001526
1992-08-14,,,,14.6599998474
1992-08-17,,,,14.6099996567
1992-08-18,,,,13.8400001526
1992-08-19,,,,14.3500003815
1992-08-20,,,,14.4799995422
1992-08-21,,,,15.0100002289
1992-08-24,,,,16.1900005341
1992-08-25,,,,15.6199998856
1992-08-26,,,,14.5000000000
1992-08-27,,,,13.6599998474
1992-08-28,,,,13.1400003433
1992-08-31,,,,13.5799999237
1992-09-01,,,,13.3999996185
1992-09-02,,,,12.7299995422
1992-09-03,,,,12.8800001144
1992-09-04,,,,12.9799995422
1992-09-08,,,,13.6499996185
1992-09-09,,,,13.3599996567
1992-09-10,,,,12.9200000763
1992-09-11,,,,12.4700002670
1992-09-14,,,,13.0000000000
1992-09-15,,,,13.6300001144
1992-09-16,,,,14.7200002670
1992-09-17,,,,14.3100004196
1992-09-18,,,,13.7399997711
1992-09-21,,,,13.4499998093
1992-09-22,,,,13.8800001144
1992-09-23,,,,13.8299999237
1992-09-24,,,,13.4399995804
1992-09-25,,,,14.8000001907
1992-09-28,,,,15.1899995804
1992-09-29,,,,14.9700002670
1992-09-30,,,,14.2799997330
1992-10-01,,,,16.3099994659
1992-10-02,,,,17.7900009155
1992-10-05,,,,20.0100002289
1992-10-06,,,,19.9500007629
1992-10-07,,,,21.0200004578
1992-10-08,,,,19.2600002289
1992-10-09,,,,20.5100002289
1992-10-12,,,,19.4899997711
1992-10-13,,,,17.8999996185
1992-10-14,,,,18.4200000763
1992-10-15,,,,17.1100006104
1992-10-16,,,,17.0100002289
1992-10-19,,,,17.3099994659
1992-10-20,,,,16.8700008392
1992-10-21,,,,16.6200008392
1992-10-22,,,,15.8400001526
1992-10-23,,,,16.4599990845
1992-10-26,,,,16.3199996948
1992-10-27,,,,16.2399997711
1992-10-28,,,,15.9499998093
1992-10-29,,,,15.4700002670
1992-10-30,,,,16.1499996185
1992-11-02,,,,16.6700000763
1992-11-03,,,,17.3299999237
1992-11-04,,,,16.2800006866
1992-11-05,,,,15.3800001144
1992-11-06,,,,14.6899995804
1992-11-09,,,,14.2299995422
1992-11-10,,,,14.3699998856
1992-11-11,,,,13.9899997711
1992-11-12,,,,14.3699998856
1992-11-13,,,,14.6099996567
1992-11-16,,,,14.8599996567
1992-11-17,,,,15.0100002289
1992-11-18,,,,14.5500001907
1992-11-19,,,,14.3299999237
1992-11-20,,,,13.6700000763
1992-11-23,,,,13.3999996185
1992-11-24,,,,12.6599998474
1992-11-25,,,,12.5000000000
1992-11-27,,,,12.5799999237
1992-11-30,,,,13.0100002289
1992-12-01,,,,12.8000001907
1992-12-02,,,,12.5600004196
1992-12-03,,,,12.0299997330
1992-12-04,,,,11.8100004196
1992-12-07,,,,12.0000000000
1992-12-08,,,,11.7299995422
1992-12-09,,,,12.5799999237
1992-12-10,,,,12.7500000000
1992-12-11,,,,12.3400001526
1992-12-14,,,,12.6599998474
1992-12-15,,,,12.4099998474
1992-12-16,,,,12.5799999237
1992-12-17,,,,12.1400003433
1992-12-18,,,,11.6599998474
1992-12-21,,,,11.6499996185
1992-12-22,,,,11.7500000000
1992-12-23,,,,11.5100002289
1992-12-24,,,,11.5699996948
1992-12-28,,,,12.2200002670
1992-12-29,,,,12.2899999619
1992-12-30,,,,12.6000003815
1992-12-31,,,,12.5699996948
1993-01-04,,,,13.3599996567
1993-01-05,,,,13.3500003815
1993-01-06,,,,13.3699998856
1993-01-07,,,,14.7200002670
1993-01-08,,,,13.7700004578
1993-01-11,,,,12.8599996567
1993-01-12,,,,12.7799997330
1993-01-13,,,,12.4200000763
1993-01-14,,,,11.9899997711
1993-01-15,,,,11.5699996948
1993-01-18,,,,11.4899997711
1993-01-19,,,,12.0600004196
1993-01-20,,,,12.1499996185
1993-01-21,,,,11.6899995804
1993-01-22,,,,11.3000001907
1993-01-25,,,,11.3800001144
1993-01-26,,,,11.4499998093
1993-01-27,,,,12.0100002289
1993-01-28,,,,12.0399999619
1993-01-29,,,24.1132717133,12.4200000763
1993-02-01,,,24.2847652435,12.3299999237
1993-02-02,,,24.3362007141,12.2500000000
1993-02-03,,,24.5934677124,12.1199998856
1993-02-04,,,24.6963787079,12.2899999619
1993-02-05,,,24.6792240143,12.8999996185
1993-02-08,,,24.6792240143,13.2200002670
1993-02-09,,,24.5077075958,13.4799995422
1993-02-10,,,24.5420036316,13.4300003052
1993-02-11,,,24.6620693207,12.6899995804
1993-02-12,,,24.4734210968,12.3800001144
1993-02-16,,,23.8560009003,15.7600002289
1993-02-17,,,23.8388633728,15.8999996185
1993-02-18,,,23.8217086792,15.5600004196
1993-02-19,,,23.9074764252,15.0200004578
1993-02-22,,,23.9932136536,14.6999998093
1993-02-23,,,23.9760532379,15.0399999619
1993-02-24,,,24.2847652435,14.7200002670
1993-02-25,,,24.3362007141,13.7600002289
1993-02-26,,,24.3705139160,13.1599998474
1993-03-01,,,24.3019123077,13.6000003815
1993-03-02,,,24.6620693207,12.4899997711
1993-03-03,,,24.7649726868,13.1300001144
1993-03-04,,,24.6277694702,13.4399995804
1993-03-05,,,24.5591659546,14.0799999237
1993-03-08,,,25.1079883575,16.2199993134
1993-03-09,,,25.0222244263,14.1700000763
1993-03-10,,,25.0736675262,13.9099998474
1993-03-11,,,25.0050678253,14.2600002289
1993-03-12,,,24.7478199005,15.6599998474
1993-03-15,,,24.8678627014,14.7399997711
1993-03-16,,,24.8678627014,14.5100002289
1993-03-17,,,24.7135276794,14.5299997330
1993-03-18,,,24.8678627014,14.1700000763
1993-03-19,,,24.8302440643,13.2299995422
1993-03-22,,,24.6923847198,13.6599998474
1993-03-23,,,24.7440872192,13.0200004578
1993-03-24,,,24.7440872192,12.4399995804
1993-03-25,,,24.8991680145,12.0799999237
1993-03-26,,,24.7613201141,12.2100000381
1993-03-29,,,24.8646965027,12.6300001144
1993-03-30,,,24.9336185455,12.2299995422
1993-03-31,,,24.9163894653,12.5299997330
1993-04-01,,,24.8302440643,13.0200004578
1993-04-02,,,24.3133010864,14.5000000000
1993-04-05,,,24.4339084625,14.1199998856
1993-04-06,,,24.3650074005,14.2399997711
1993-04-07,,,24.4511451721,13.6400003433
1993-04-08,,,24.4166889191,12.8299999237
1993-04-12,,,24.7613201141,11.9300003052
1993-04-13,,,24.8130149841,11.6999998093
1993-04-14,,,24.7785396576,11.7600002289
1993-04-15,,,24.7785396576,10.9600000381
1993-04-16,,,24.7785396576,11.2899999619
1993-04-19,,,24.6751651764,12.0600004196
1993-04-20,,,24.5545330048,11.9399995804
1993-04-21,,,24.5373001099,12.1099996567
1993-04-22,,,24.2271537781,12.6800003052
1993-04-23,,,24.1237602234,13.3599996567
1993-04-26,,,23.9342136383,15.2500000000
1993-04-27,,,24.1926841736,13.9300003052
1993-04-28,,,24.1409893036,13.1199998856
1993-04-29,,,24.2443752289,12.8000001907
1993-04-30,,,24.2788410187,12.4200000763
1993-05-03,,,24.4339084625,12.8999996185
1993-05-04,,,24.5200729370,12.1400003433
1993-05-05,,,24.5890026093,12.3800001144
1993-05-06,,,24.5028591156,13.2200002670
1993-05-07,,,24.4511451721,13.0100002289
1993-05-10,,,24.5028591156,13.7200002670
1993-05-11,,,24.6062202454,13.3500003815
1993-05-12,,,24.5717735291,13.5600004196
1993-05-13,,,24.2788410187,14.7600002289
1993-05-14,,,24.2616004944,14.3900003433
1993-05-17,,,24.3477764130,14.1300001144
1993-05-18,,,24.3305320740,14.1899995804
1993-05-19,,,24.8302440643,14.2899999619
1993-05-20,,,24.8991680145,13.9799995422
1993-05-21,,,24.6751651764,14.5100002289
1993-05-24,,,24.7785396576,14.1000003815
1993-05-25,,,24.8302440643,14.0399999619
1993-05-26,,,25.1404018402,12.8800001144
1993-05-27,,,25.0542488098,13.1000003815
1993-05-28,,,24.9336185455,13.4700002670
1993-06-01,,,25.1748619080,13.6700000763
1993-06-02,,,25.1404018402,13.4799995422
1993-06-03,,,25.0542488098,13.5399999619
1993-06-04,,,24.9680805206,12.8599996567
1993-06-07,,,24.8819370270,14.0699996948
1993-06-08,,,24.6579189301,14.7399997711
1993-06-09,,,24.7440872192,13.9600000381
1993-06-10,,,24.7613201141,13.3100004196
1993-06-11,,,24.8646965027,12.7100000381
1993-06-14,,,24.8302440643,12.3299999237
1993-06-15,,,24.7785396576,11.9899997711
1993-06-16,,,24.8302440643,11.8699998856
1993-06-17,,,24.9163894653,11.6599998474
1993-06-18,,,24.7111949921,12.2399997711
1993-06-21,,,24.7632675171,12.2500000000
1993-06-22,,,24.7806110382,11.6499996185
1993-06-23,,,24.5550212860,12.0399999619
1993-06-24,,,24.8847522736,12.2500000000
1993-06-25,,,24.8673801422,11.2500000000
1993-06-28,,,25.1450366974,11.1099996567
1993-06-29,,,25.0235805511,11.2899999619
1993-06-30,,,25.0235805511,11.2600002289
1993-07-01,,,24.9541492462,11.5100002289
1993-07-02,,,24.8153343201,11.3299999237
1993-07-06,,,24.5550212860,13.8699998856
1993-07-07,,,24.6244258881,13.0500001907
1993-07-08,,,24.9020862579,12.2399997711
1993-07-09,,,24.9715042114,10.8000001907
1993-07-12,,,24.9541492462,10.8500003815
1993-07-13,,,24.9368095398,11.0200004578
1993-07-14,,,25.0235805511,10.7799997330
1993-07-15,,,24.9194488525,10.6000003815
1993-07-16,,,24.8500404358,10.9600000381
1993-07-19,,,24.8326740265,11.4600000381
1993-07-20,,,24.9020862579,11.0500001907
1993-07-21,,,24.8847522736,11.9700002670
1993-07-22,,,24.7111949921,11.6899995804
1993-07-23,,,24.8326740265,11.3199996948
1993-07-26,,,24.9715042114,11.3199996948
1993-07-27,,,24.9541492462,11.3400001526
1993-07-28,,,24.9020862579,11.3699998856
1993-07-29,,,25.0409240723,11.2500000000
1993-07-30,,,24.9020862579,11.7299995422
1993-08-02,,,24.9715042114,11.4700002670
1993-08-03,,,24.9888534546,11.4899997711
1993-08-04,,,24.9888534546,11.7100000381
1993-08-05,,,24.9368095398,12.0299997330
1993-08-06,,,24.9715042114,12.3299999237
1993-08-09,,,25.1103286743,12.3900003433
1993-08-10,,,25.0929851532,12.3100004196
1993-08-11,,,25.0929851532,12.0699996948
1993-08-12,,,25.0235805511,12.3800001144
1993-08-13,,,25.0582733154,12.1899995804
1993-08-16,,,25.1971015930,12.0100002289
1993-08-17,,,25.2838821411,11.5900001526
1993-08-18,,,25.4227027893,11.5200004578
1993-08-19,,,25.4227027893,11.6300001144
1993-08-20,,,25.4400577545,11.6199998856
1993-08-23,,,25.3880004883,12.1499996185
1993-08-24,,,25.6656455994,11.8000001907
1993-08-25,,,25.6830043793,12.1000003815
1993-08-26,,,25.7003479004,12.1400003433
1993-08-27,,,25.6830043793,11.9099998474
1993-08-30,,,25.7871112823,11.7399997711
1993-08-31,,,25.8565254211,11.8500003815
1993-09-01,,,25.8218364716,11.4799995422
1993-09-02,,,25.7350597382,11.8699998856
1993-09-03,,,25.7524185181,11.1599998474
1993-09-07,,,25.5788745880,12.8999996185
1993-09-08,,,25.4921207428,13.2399997711
1993-09-09,,,25.5441722870,12.6700000763
1993-09-10,,,25.7697525024,11.6999998093
1993-09-13,,,25.7871112823,12.1599998474
1993-09-14,,,25.6830043793,13.1499996185
1993-09-15,,,25.7524185181,12.6999998093
1993-09-16,,,25.6482906342,13.3599996567
1993-09-17,,,25.5985660553,13.3900003433
1993-09-20,,,25.3890209198,14.6000003815
1993-09-21,,,25.3017024994,17.2999992371
1993-09-22,,,25.5112609863,13.7500000000
1993-09-23,,,25.6509437561,13.3599996567
1993-09-24,,,25.5810966492,12.4700002670
1993-09-27,,,25.8604831696,12.4899997711
1993-09-28,,,25.8080959320,12.1899995804
1993-09-29,,,25.7207965851,12.6300001144
1993-09-30,,,25.6684017181,12.9899997711
1993-10-01,,,25.7906188965,11.8299999237
1993-10-04,,,25.8255577087,12.8500003815
1993-10-05,,,25.7906188965,12.9700002670
1993-10-06,,,25.7731819153,12.6800003052
1993-10-07,,,25.7033405304,13.1400003433
1993-10-08,,,25.7382354736,12.0399999619
1993-10-11,,,25.7906188965,12.2600002289
1993-10-12,,,25.8255577087,12.4099998474
1993-10-13,,,25.8255577087,11.3800001144
1993-10-14,,,26.1573295593,11.0000000000
1993-10-15,,,26.2970161438,10.8699998856
1993-10-18,,,26.2271747589,11.3299999237
1993-10-19,,,26.0350933075,11.6099996567
1993-10-20,,,26.0700321198,11.3199996948
1993-10-21,,,26.0350933075,11.1999998093
1993-10-22,,,25.9128646851,11.4799995422
1993-10-25,,,25.9827175140,11.8299999237
1993-10-26,,,25.9652557373,11.8299999237
1993-10-27,,,25.9827175140,12.0100002289
1993-10-28,,,26.1747837067,11.8800001144
1993-10-29,,,26.1747837067,11.4600000381
1993-11-01,,,26.2446441650,11.7799997330
1993-11-02,,,26.2271747589,11.7399997711
1993-11-03,,,25.8954315186,13.2600002289
1993-11-04,,,25.6160182953,14.6800003052
1993-11-05,,,25.7382354736,14.9700002670
1993-11-08,,,25.7731819153,14.3100004196
1993-11-09,,,25.7906188965,13.9399995804
1993-11-10,,,25.9827175140,13.7200002670
1993-11-11,,,25.9128646851,13.8800001144
1993-11-12,,,26.0350933075,13.3299999237
1993-11-15,,,26.0176200867,14.4600000381
1993-11-16,,,26.1398754120,15.1099996567
1993-11-17,,,26.0001811981,15.5699996948
1993-11-18,,,25.9303340912,14.6499996185
1993-11-19,,,25.8779335022,15.0299997330
1993-11-22,,,25.7207965851,15.8999996185
1993-11-23,,,25.8604831696,14.2700004578
1993-11-24,,,25.9652557373,13.5100002289
1993-11-26,,,25.9827175140,13.7700004578
1993-11-29,,,25.8779335022,14.1199998856
1993-11-30,,,25.8954315186,13.7600002289
1993-12-01,,,25.9303340912,13.8299999237
1993-12-02,,,26.0001811981,13.5100002289
1993-12-03,,,26.1049499512,12.6899995804
1993-12-06,,,26.1922531128,12.8400001526
1993-12-07,,,26.1747837067,12.4099998474
1993-12-08,,,26.1747837067,12.4600000381
1993-12-09,,,26.0874881744,12.4300003052
1993-12-10,,,26.0350933075,12.6000003815
1993-12-13,,,26.1922531128,10.9799995422
1993-12-14,,,26.0001811981,11.1300001144
1993-12-15,,,25.9652557373,11.0299997330
1993-12-16,,,26.0525531769,10.8999996185
1993-12-17,,,26.1957225800,11.0799999237
1993-12-20,,,26.2308883667,10.7500000000
1993-12-21,,,26.1430110931,10.0799999237
1993-12-22,,,26.3188095093,9.3100004196
1993-12-23,,,26.3012161255,9.4799995422
1993-12-27,,,26.4418830872,9.6999998093
1993-12-28,,,26.4946155548,9.8199996948
1993-12-29,,,26.4594669342,10.4600000381
1993-12-30,,,26.3539791107,10.6899995804
1993-12-31,,,26.2133102417,11.6599998474
1994-01-03,,,26.1430110931,12.5699996948
1994-01-04,,,26.2484779358,11.9099998474
1994-01-05,,,26.3012161255,10.9399995804
1994-01-06,,,26.3012161255,11.2700004578
1994-01-07,,,26.4594669342,10.9600000381
1994-01-10,,,26.7759189606,10.7399997711
1994-01-11,,,26.7231807709,11.2899999619
1994-01-12,,,26.6352539062,11.6499996185
1994-01-13,,,26.5649318695,12.0799999237
1994-01-14,,,26.6704330444,11.1499996185
1994-01-17,,,26.6704330444,11.8800001144
1994-01-18,,,26.7055873871,11.6300001144
1994-01-19,,,26.6352539062,11.7600002289
1994-01-20,,,26.7055873871,11.1599998474
1994-01-21,,,26.6528358459,11.0900001526
1994-01-24,,,26.5473575592,11.6000003815
1994-01-25,,,26.5473575592,11.3800001144
1994-01-26,,,26.6176795959,11.1700000763
1994-01-27,,,26.8638229370,10.3000001907
1994-01-28,,,26.9341335297,9.9399995804
1994-01-31,,,27.1275405884,10.6300001144
1994-02-01,,,26.9868965149,10.6499996185
1994-02-02,,,27.1626968384,10.6099996567
1994-02-03,,,27.0396270752,10.7500000000
1994-02-04,,,26.4243049622,15.2500000000
1994-02-07,,,26.5473575592,13.9600000381
1994-02-08,,,26.5649318695,13.6599998474
1994-02-09,,,26.6704330444,13.3000001907
1994-02-10,,,26.4418830872,14.2399997711
1994-02-11,,,26.5297698975,14.4600000381
1994-02-14,,,26.5649318695,14.2799997330
1994-02-15,,,26.7055873871,13.3999996185
1994-02-16,,,26.6880054474,13.1300001144
1994-02-17,,,26.5297698975,13.7899999619
1994-02-18,,,26.3715515137,14.6999998093
1994-02-22,,,26.6352539062,13.5200004578
1994-02-23,,,26.5649318695,13.9099998474
1994-02-24,,,26.2133102417,15.9600000381
1994-02-25,,,26.3363800049,14.8000001907
1994-02-28,,,26.3363800049,14.8699998856
1994-03-01,,,26.2308883667,15.8299999237
1994-03-02,,,26.2660713196,16.0799999237
1994-03-03,,,26.1957225800,16.3600006104
1994-03-04,,,26.2660713196,16.0000000000
1994-03-07,,,26.4067153931,14.2600002289
1994-03-08,,,26.3012161255,16.2299995422
1994-03-09,,,26.4243049622,14.4099998474
1994-03-10,,,26.2133102417,16.5499992371
1994-03-11,,,26.3539791107,14.8699998856
1994-03-14,,,26.3891239166,16.6100006104
1994-03-15,,,26.3715515137,14.7799997330
1994-03-16,,,26.5825252533,14.5100002289
1994-03-17,,,26.5825252533,12.7600002289
1994-03-18,,,26.5767307281,13.3199996948
1994-03-21,,,26.5059909821,14.3400001526
1994-03-22,,,26.5767307281,13.3900003433
1994-03-23,,,26.5590305328,12.3100004196
1994-03-24,,,26.2407493591,13.4300003052
1994-03-25,,,25.9932231903,13.6700000763
1994-03-28,,,26.0285720825,14.8999996185
1994-03-29,,,25.5157852173,16.4899997711
1994-03-30,,,25.1621360779,18.5900001526
1994-03-31,,,25.2328433990,20.4500007629
1994-04-04,,,24.8438472748,23.8700008392
1994-04-05,,,25.3566341400,18.1299991608
1994-04-06,,,25.3566341400,17.3799991608
1994-04-07,,,25.4804267883,16.9799995422
1994-04-08,,,25.2859096527,16.9200000763
1994-04-11,,,25.3920059204,16.6100006104
1994-04-12,,,25.3566341400,16.4200000763
1994-04-13,,,25.2240142822,17.0200004578
1994-04-14,,,25.2328433990,16.2700004578
1994-04-15,,,25.2328433990,15.9799995422
1994-04-18,,,25.0648746490,17.2199993134
1994-04-19,,,25.1002311707,16.9300003052
1994-04-20,,,25.0737209320,17.0100002289
1994-04-21,,,25.4096794128,14.9300003052
1994-04-22,,,25.3831520081,14.9399995804
1994-04-25,,,25.6483936310,14.2600002289
1994-04-26,,,25.6218681335,13.8000001907
1994-04-28,,,25.4362201691,14.5100002289
1994-04-29,,,25.5157852173,13.7700004578
1994-05-02,,,25.6749191284,14.1099996567
1994-05-03,,,25.6483936310,13.8100004196
1994-05-04,,,25.6041984558,14.2899999619
1994-05-05,,,25.5688171387,14.5600004196
1994-05-06,,,25.3212585449,15.0799999237
1994-05-09,,,25.1002311707,16.1599998474
1994-05-10,,,25.2947425842,15.1899995804
1994-05-11,,,25.0648746490,15.5500001907
1994-05-12,,,25.1886405945,15.4600000381
1994-05-13,,,25.1886405945,14.5399999619
1994-05-16,,,25.1974906921,14.6700000763
1994-05-17,,,25.5688171387,14.0799999237
1994-05-18,,,25.7544898987,12.5500001907
1994-05-19,,,25.8782672882,12.3299999237
1994-05-20,,,25.7810173035,12.7899999619
1994-05-23,,,25.7368049622,13.4899997711
1994-05-24,,,25.8429031372,12.7299995422
1994-05-25,,,25.9136219025,12.4300003052
1994-05-26,,,25.9313106537,12.5000000000
1994-05-27,,,25.9578399658,12.4899997711
1994-05-31,,,25.9224796295,13.0299997330
1994-06-01,,,26.0374069214,12.7200002670
1994-06-02,,,26.0108871460,12.7299995422
1994-06-03,,,26.1611900330,12.1899995804
1994-06-06,,,26.1523399353,13.0299997330
1994-06-07,,,26.1169834137,13.0500001907
1994-06-08,,,25.9047889709,13.3199996948
1994-06-09,,,26.0462455750,13.2100000381
1994-06-10,,,26.0904560089,12.6899995804
1994-06-13,,,26.1258182526,11.9200000763
1994-06-14,,,26.3291835785,11.6000003815
1994-06-15,,,26.2230796814,11.5200004578
1994-06-16,,,26.2761058807,11.2200002670
1994-06-17,,,26.1294479370,12.3100004196
1994-06-20,,,25.9069652557,13.9600000381
1994-06-21,,,25.6844825745,14.6999998093
1994-06-22,,,25.7823619843,14.0200004578
1994-06-23,,,25.6310634613,14.1199998856
1994-06-24,,,25.0970802307,16.7199993134
1994-06-27,,,25.5331745148,15.5299997330
1994-06-28,,,25.4085693359,15.0399999619
1994-06-29,,,25.4886665344,14.4200000763
1994-06-30,,,25.3284893036,14.9700002670
1994-07-01,,,25.3818874359,14.3599996567
1994-07-05,,,25.5153827667,14.9200000763
1994-07-06,,,25.4797916412,14.6999998093
1994-07-07,,,25.5865764618,14.0100002289
1994-07-08,,,25.5776767731,13.2600002289
1994-07-11,,,25.4886665344,13.8299999237
1994-07-12,,,25.5242824554,13.3999996185
1994-07-13,,,25.5687694550,12.4200000763
1994-07-14,,,25.8446674347,11.6400003433
1994-07-15,,,25.8535690308,11.2799997330
1994-07-18,,,25.8980674744,11.4399995804
1994-07-19,,,25.8446674347,11.6499996185
1994-07-20,,,25.7289676666,11.6999998093
1994-07-21,,,25.7823619843,11.6499996185
1994-07-22,,,25.8268680573,11.2200002670
1994-07-25,,,25.8624649048,11.4600000381
1994-07-26,,,25.8357543945,11.6599998474
1994-07-27,,,25.8357543945,11.9300003052
1994-07-28,,,25.8891487122,12.0299997330
1994-07-29,,,26.1472530365,11.1300001144
1994-08-01,,,26.2718429565,11.1700000763
1994-08-02,,,26.3074417114,11.2700004578
1994-08-03,,,26.3163471222,11.3500003815
1994-08-04,,,26.1650485992,12.1800003052
1994-08-05,,,26.0760478973,12.3400001526
1994-08-08,,,26.1383514404,12.4099998474
1994-08-09,,,26.1828479767,12.5399999619
1994-08-10,,,26.2807540894,11.9099998474
1994-08-11,,,26.1828479767,12.1300001144
1994-08-12,,,26.3875389099,11.0900001526
1994-08-15,,,26.3786392212,12.0600004196
1994-08-16,,,26.5655422211,11.3900003433
1994-08-17,,,26.5477333069,11.5399999619
1994-08-18,,,26.4587421417,12.0699996948
1994-08-19,,,26.4409427643,12.8299999237
1994-08-22,,,26.4142360687,12.6199998856
1994-08-23,,,26.5655422211,11.7500000000
1994-08-24,,,26.8503227234,11.5699996948
1994-08-25,,,26.7791404724,12.0200004578
1994-08-26,,,27.1618175507,12.1899995804
1994-08-29,,,27.1440162659,11.8199996948
1994-08-30,,,27.2152118683,11.2299995422
1994-08-31,,,27.1440162659,11.9700002670
1994-09-01,,,27.0550270081,11.8599996567
1994-09-02,,,26.9393100739,11.3999996185
1994-09-06,,,26.9482307434,11.6899995804
1994-09-07,,,26.9215164185,11.8100004196
1994-09-08,,,27.0550270081,11.8599996567
1994-09-09,,,26.7702293396,13.1199998856
1994-09-12,,,26.6901321411,14.0100002289
1994-09-13,,,26.7702293396,13.7700004578
1994-09-14,,,26.7969341278,13.0900001526
1994-09-15,,,27.1351127625,11.8800001144
1994-09-16,,,26.9420032501,12.8000001907
1994-09-19,,,26.9688701630,13.0600004196
1994-09-20,,,26.4584980011,14.4499998093
1994-09-21,,,26.4584980011,14.4899997711
1994-09-22,,,26.3958091736,13.8900003433
1994-09-23,,,26.3062839508,14.5299997330
1994-09-26,,,26.4405937195,14.5600004196
1994-09-27,,,26.4226989746,14.1300001144
1994-09-28,,,26.6286315918,13.2500000000
1994-09-29,,,26.4943103790,13.9700002670
1994-09-30,,,26.4584980011,14.2799997330
1994-10-03,,,26.3958091736,15.4399995804
1994-10-04,,,26.0018615723,16.6599998474
1994-10-05,,,26.0108032227,15.9200000763
1994-10-06,,,25.9302215576,16.2399997711
1994-10-07,,,26.0466194153,14.9200000763
1994-10-10,,,26.3241958618,14.7200002670
1994-10-11,,,26.7181644440,13.5500001907
1994-10-12,,,26.7539806366,14.5100002289
1994-10-13,,,26.8435020447,14.8999996185
1994-10-14,,,26.9599208832,13.3199996948
1994-10-17,,,26.9061851501,14.7600002289
1994-10-18,,,26.8435020447,14.5900001526
1994-10-19,,,26.9688701630,15.1300001144
1994-10-20,,,26.7897701263,15.9899997711
1994-10-21,,,26.6823387146,15.9099998474
1994-10-24,,,26.4584980011,16.9699993134
1994-10-25,,,26.4853649139,16.1299991608
1994-10-26,,,26.5838603973,15.6999998093
1994-10-27,,,26.7450141907,15.6700000763
1994-10-28,,,27.3091182709,14.5600004196
1994-10-31,,,27.2106208801,14.5600004196
1994-11-01,,,26.9061851501,14.8400001526
1994-11-02,,,26.7539806366,15.3400001526
1994-11-03,,,26.8972377777,15.5799999237
1994-11-04,,,26.5480289459,16.7500000000
1994-11-07,,,26.6286315918,17.3700008392
1994-11-08,,,26.8345642090,16.2999992371
1994-11-09,,,26.8793201447,16.4200000763
1994-11-10,,,26.6912803650,16.0000000000
1994-11-11,,,26.5927963257,16.5000000000
1994-11-14,,,26.8435020447,16.6800003052
1994-11-15,,,26.7539806366,16.6599998474
1994-11-16,,,26.8435020447,15.5600004196
1994-11-17,,,26.6644363403,15.9099998474
1994-11-18,,,26.6286315918,16.0000000000
1994-11-21,,,26.3599967957,16.1299991608
1994-11-22,,,25.7869434357,17.2399997711
1994-11-23,,,25.9302215576,18.4099998474
1994-11-25,,,26.0555820465,17.4400005341
1994-11-28,,,26.1719837189,16.8299999237
1994-11-29,,,26.1630287170,16.1499996185
1994-11-30,,,26.1272106171,15.9499998093
1994-12-01,,,25.8675441742,16.6900005341
1994-12-02,,,26.1093082428,16.5499992371
1994-12-05,,,26.1361618042,16.1000003815
1994-12-06,,,26.1540584564,16.0499992371
1994-12-07,,,25.9660377502,16.2800006866
1994-12-08,,,25.7153320312,18.1499996185
1994-12-09,,,25.8138160706,16.0400009155
1994-12-12,,,25.9839553833,15.4600000381
1994-12-13,,,26.0824337006,14.4799995422
1994-12-14,,,26.2167415619,13.0299997330
1994-12-15,,,26.2973327637,12.8699998856
1994-12-16,,,26.4257774353,12.7899999619
1994-12-19,,,26.4618625641,13.0200004578
1994-12-20,,,26.3806552887,12.9799995422
1994-12-21,,,26.6604309082,12.0500001907
1994-12-22,,,26.5791950226,12.4200000763
1994-12-23,,,26.6062736511,11.8199996948
1994-12-27,,,26.7506809235,12.0699996948
1994-12-28,,,26.6153087616,12.8100004196
1994-12-29,,,26.6333675385,12.8599996567
1994-12-30,,,26.3174705505,13.1999998093
1995-01-03,,,26.4438114166,14.2500000000
1995-01-04,,,26.5701808929,13.5299997330
1995-01-05,,,26.5701808929,13.5000000000
1995-01-06,,,26.5972614288,13.1300001144
1995-01-09,,,26.6243247986,13.3299999237
1995-01-10,,,26.6514072418,12.5200004578
1995-01-11,,,26.6694545746,12.1499996185
1995-01-12,,,26.6784801483,12.8299999237
1995-01-13,,,26.9943523407,11.1000003815
1995-01-16,,,27.1568088531,11.1400003433
1995-01-17,,,27.1658363342,11.7899999619
1995-01-18,,,27.1387653351,11.5699996948
1995-01-19,,,26.9853382111,11.8599996567
1995-01-20,,,26.8860683441,12.1499996185
1995-01-23,,,26.9672946930,12.7899999619
1995-01-24,,,27.0033988953,11.9399995804
1995-01-25,,,27.0755939484,11.4600000381
1995-01-26,,,27.1026649475,11.2500000000
1995-01-27,,,27.2109718323,11.2500000000
1995-01-30,,,27.0936393738,12.2600002289
1995-01-31,,,27.2019386292,11.9600000381
1995-02-01,,,27.1929206848,11.7299995422
1995-02-02,,,27.3553771973,11.1300001144
1995-02-03,,,27.7434425354,10.9799995422
1995-02-06,,,27.8607711792,11.2200002670
1995-02-07,,,27.8968811035,11.1700000763
1995-02-08,,,27.8968811035,11.4200000763
1995-02-09,,,27.8968811035,11.6300001144
1995-02-10,,,27.9329833984,11.2799997330
1995-02-13,,,27.9420070648,11.4099998474
1995-02-14,,,27.9781112671,11.4300003052
1995-02-15,,,28.1315460205,11.5200004578
1995-02-16,,,28.0954246521,11.6099996567
1995-02-17,,,27.9871234894,11.7100000381
1995-02-21,,,27.9781112671,12.0500001907
1995-02-22,,,28.1856803894,11.3900003433
1995-02-23,,,28.2308082581,11.1499996185
1995-02-24,,,28.3030147552,10.8400001526
1995-02-27,,,28.0773773193,12.5100002289
1995-02-28,,,28.3120326996,11.7500000000
1995-03-01,,,28.1315460205,11.6499996185
1995-03-02,,,28.1676292419,12.0200004578
1995-03-03,,,28.1766452789,11.4499998093
1995-03-06,,,28.1947135925,12.1700000763
1995-03-07,,,27.9781112671,14.2200002670
1995-03-08,,,28.0503082275,13.7200002670
1995-03-09,,,28.0412864685,13.3599996567
1995-03-10,,,28.4564342499,12.3800001144
1995-03-13,,,28.4293708801,12.1499996185
1995-03-14,,,28.6369495392,12.1000003815
1995-03-15,,,28.5828151703,12.4200000763
1995-03-16,,,28.7542667389,11.9499998093
1995-03-17,,,28.7828845978,11.8000001907
1995-03-20,,,28.7828845978,11.3400001526
1995-03-21,,,28.7102737427,11.5299997330
1995-03-22,,,28.7375183105,11.2899999619
1995-03-23,,,28.7556705475,11.4300003052
1995-03-24,,,29.1639842987,11.1899995804
1995-03-27,,,29.2819519043,11.8299999237
1995-03-28,,,29.2819519043,11.3299999237
1995-03-29,,,29.2728900909,12.5100002289
1995-03-30,,,29.2184410095,12.6199998856
1995-03-31,,,29.1004734039,13.3699998856
1995-04-03,,,29.1730537415,13.5000000000
1995-04-04,,,29.3636169434,12.6199998856
1995-04-05,,,29.3636169434,12.9600000381
1995-04-06,,,29.4724998474,12.8100004196
1995-04-07,,,29.4452838898,12.8500003815
1995-04-10,,,29.4997158051,12.7899999619
1995-04-11,,,29.3999023438,12.7299995422
1995-04-12,,,29.4997158051,12.0399999619
1995-04-13,,,29.6630668640,11.4799995422
1995-04-17,,,29.4906578064,12.3299999237
1995-04-18,,,29.3908576965,12.9600000381
1995-04-19,,,29.3636169434,13.0900001526
1995-04-20,,,29.4089756012,12.1000003815
1995-04-21,,,29.5541648865,11.8599996567
1995-04-24,,,29.8989810944,11.9200000763
1995-04-25,,,29.8173370361,12.4099998474
1995-04-26,,,29.8445434570,12.2799997330
1995-04-27,,,29.9171333313,11.9300003052
1995-04-28,,,29.9625167847,11.7500000000
1995-05-01,,,29.8808498383,12.1400003433
1995-05-02,,,29.9443359375,11.8800001144
1995-05-03,,,30.3617668152,11.6899995804
1995-05-04,,,30.3436012268,12.6400003433
1995-05-05,,,30.3073120117,12.0600004196
1995-05-08,,,30.5251007080,12.2200002670
1995-05-09,,,30.4978733063,12.7500000000
1995-05-10,,,30.5341758728,13.0799999237
1995-05-11,,,30.6158428192,12.9799995422
1995-05-12,,,30.6339950562,11.8400001526
1995-05-15,,,30.7791671753,12.3800001144
1995-05-16,,,30.7973117828,12.1999998093
1995-05-17,,,30.6793556213,12.3599996567
1995-05-18,,,30.2347164154,13.1300001144
1995-05-19,,,30.2528743744,12.8100004196
1995-05-22,,,30.5886096954,11.6800003052
1995-05-23,,,30.8698959351,11.5500001907
1995-05-24,,,30.8517436981,11.2600002289
1995-05-25,,,30.8789863586,11.6300001144
1995-05-26,,,30.5251007080,12.1999998093
1995-05-30,,,30.5160160065,12.5200004578
1995-05-31,,,31.1512145996,12.8500003815
1995-06-01,,,31.0695285797,12.2100000381
1995-06-02,,,31.0967617035,12.9799995422
1995-06-05,,,31.2873115540,13.4499998093
1995-06-06,,,31.2328701019,13.0000000000
1995-06-07,,,31.0695285797,12.8400001526
1995-06-08,,,30.9969329834,12.8900003433
1995-06-09,,,30.8154582977,12.7600002289
1995-06-12,,,30.9878635406,11.9099998474
1995-06-13,,,31.3236045837,11.2899999619
1995-06-14,,,31.2963886261,11.2899999619
1995-06-15,,,31.4324970245,11.2299995422
1995-06-16,,,31.5258235931,10.7500000000
1995-06-19,,,31.8817806244,11.2100000381
1995-06-20,,,31.7996463776,11.1599998474
1995-06-21,,,31.7813816071,11.3199996948
1995-06-22,,,32.2012557983,11.4399995804
1995-06-23,,,32.1373329163,11.1199998856
1995-06-26,,,31.7540111542,11.8000001907
1995-06-27,,,31.6901149750,12.3699998856
1995-06-28,,,31.8544101715,11.7399997711
1995-06-29,,,31.7996463776,11.5900001526
1995-06-30,,,31.7813816071,11.3800001144
1995-07-03,,,31.9000530243,11.5699996948
1995-07-05,,,32.0186958313,12.1000003815
1995-07-06,,,32.4294357300,11.5200004578
1995-07-07,,,32.5754737854,11.7700004578
1995-07-10,,,32.5937118530,12.1899995804
1995-07-11,,,32.4385375977,12.2500000000
1995-07-12,,,32.8401451111,12.3100004196
1995-07-13,,,32.7671318054,12.5600004196
1995-07-14,,,32.7397766113,12.0799999237
1995-07-17,,,32.9222831726,12.2600002289
1995-07-18,,,32.6393585205,12.6800003052
1995-07-19,,,32.2833938599,13.4899997711
1995-07-20,,,32.4020309448,12.7799997330
1995-07-21,,,32.3655433655,12.3699998856
1995-07-24,,,32.6028366089,12.5500001907
1995-07-25,,,32.8492965698,12.7700004578
1995-07-26,,,32.8219032288,13.1800003052
1995-07-27,,,33.0957145691,13.1800003052
1995-07-28,,,32.8857994080,13.1800003052
1995-07-31,,,32.8036422729,13.4899997711
1995-08-01,,,32.7488937378,13.5600004196
1995-08-02,,,32.6758651733,13.6599998474
1995-08-03,,,32.6667366028,13.7799997330
1995-08-04,,,32.7032775879,13.2100000381
1995-08-07,,,32.7762603760,13.1000003815
1995-08-08,,,32.7762603760,13.0600004196
1995-08-09,,,32.7671318054,12.7500000000
1995-08-10,,,32.6941223145,13.0000000000
1995-08-11,,,32.5115737915,12.8999996185
1995-08-14,,,32.8036422729,13.2399997711
1995-08-15,,,32.7397766113,12.3500003815
1995-08-16,,,32.8310394287,12.4499998093
1995-08-17,,,32.7762603760,12.1300001144
1995-08-18,,,32.8127708435,12.0299997330
1995-08-21,,,32.7215003967,13.4200000763
1995-08-22,,,32.7853775024,12.6000003815
1995-08-23,,,32.6667366028,13.1700000763
1995-08-24,,,32.7032775879,12.9399995804
1995-08-25,,,32.8857994080,12.3299999237
1995-08-28,,,32.7671318054,12.4799995422
1995-08-29,,,32.8492965698,12.6499996185
1995-08-30,,,32.9222831726,12.0299997330
1995-08-31,,,32.9496994019,11.5200004578
1995-09-01,,,33.0957145691,11.2899999619
1995-09-05,,,33.4060401917,11.6499996185
1995-09-06,,,33.4699249268,11.6499996185
1995-09-07,,,33.4881935120,11.8500003815
1995-09-08,,,33.6159782410,11.1599998474
1995-09-11,,,33.7072601318,11.5100002289
1995-09-12,,,33.8624191284,11.4600000381
1995-09-13,,,34.0175895691,11.3500003815
1995-09-14,,,34.3279075623,11.1000003815
1995-09-15,,,34.3184242249,11.5799999237
1995-09-18,,,34.1899757385,12.3400001526
1995-09-19,,,34.3551368713,12.6700000763
1995-09-20,,,34.5203170776,12.3500003815
1995-09-21,,,34.2358436584,12.5000000000
1995-09-22,,,34.2450180054,12.4600000381
1995-09-25,,,34.1899757385,13.2200002670
1995-09-26,,,34.1807975769,12.8999996185
1995-09-27,,,34.1532707214,12.8999996185
1995-09-28,,,34.4101982117,12.4600000381
1995-09-29,,,34.3459548950,12.7399997711
1995-10-02,,,34.1716232300,13.9499998093
1995-10-03,,,34.2083358765,14.5000000000
1995-10-04,,,34.1716232300,14.8599996567
1995-10-05,,,34.2725677490,15.7399997711
1995-10-06,,,34.3000831604,13.9799995422
1995-10-09,,,34.0156402588,14.8500003815
1995-10-10,,,33.9972724915,14.9700002670
1995-10-11,,,34.1073913574,14.5699996948
1995-10-12,,,34.3184242249,14.2399997711
1995-10-13,,,34.4285469055,13.6700000763
1995-10-16,,,34.2633781433,14.6199998856
1995-10-17,,,34.4927902222,14.0299997330
1995-10-18,,,34.5937232971,14.0500001907
1995-10-19,,,34.7588729858,13.5500001907
1995-10-20,,,34.5478477478,13.4600000381
1995-10-23,,,34.4744224548,14.1700000763
1995-10-24,,,34.5111427307,13.8500003815
1995-10-25,,,34.2266731262,14.4899997711
1995-10-26,,,33.9146842957,15.5900001526
1995-10-27,,,34.1716232300,14.6300001144
1995-10-30,,,34.3918418884,14.2600002289
1995-10-31,,,34.2450180054,13.8299999237
1995-11-01,,,34.5203170776,13.4099998474
1995-11-02,,,34.7405281067,13.1899995804
1995-11-03,,,34.7864112854,12.2600002289
1995-11-06,,,34.6671295166,12.7399997711
1995-11-07,,,34.5386657715,13.0500001907
1995-11-08,,,34.8506584167,12.1599998474
1995-11-09,,,34.9791145325,12.4600000381
1995-11-10,,,34.9607696533,12.9700002670
1995-11-13,,,34.9240493774,13.1999998093
1995-11-14,,,34.6946640015,13.3800001144
1995-11-15,,,35.0433464050,12.9499998093
1995-11-16,,,35.2360343933,12.5699996948
1995-11-17,,,35.3461608887,12.4899997711
1995-11-20,,,35.1626434326,12.3699998856
1995-11-21,,,35.4470901489,11.7399997711
1995-11-22,,,35.3369979858,11.8100004196
1995-11-24,,,35.4287414551,11.8699998856
1995-11-27,,,35.4378967285,12.4300003052
1995-11-28,,,35.8141288757,11.5699996948
1995-11-29,,,35.8508377075,11.6499996185
1995-11-30,,,35.7682723999,11.5799999237
1995-12-01,,,35.8141288757,11.1099996567
1995-12-04,,,36.2545661926,10.6599998474
1995-12-05,,,36.4931602478,11.6499996185
1995-12-06,,,36.5757675171,12.6999998093
1995-12-07,,,36.3830451965,12.7399997711
1995-12-08,,,36.5023422241,11.1199998856
1995-12-11,,,36.6583175659,11.0600004196
1995-12-12,,,36.5482215881,10.6300001144
1995-12-13,,,36.7776184082,10.3599996567
1995-12-14,,,36.5115242004,11.0699996948
1995-12-15,,,36.5248832703,11.4399995804
1995-12-18,,,35.8231964111,14.5500001907
1995-12-19,,,36.2017440796,13.1599998474
1995-12-20,,,35.8508987427,12.1999998093
1995-12-21,,,36.0355415344,10.7700004578
1995-12-22,,,36.1648063660,11.5100002289
1995-12-26,,,36.3402252197,11.4899997711
1995-12-27,,,36.3217773438,11.9799995422
1995-12-28,,,36.2848396301,12.2500000000
1995-12-29,,,36.3310012817,12.5200004578
1996-01-02,,,36.7187690735,12.1899995804
1996-01-03,,,36.8203315735,12.1000003815
1996-01-04,,,36.4694671631,13.7799997330
1996-01-05,,,36.3956222534,13.5799999237
1996-01-08,,,36.5341186523,13.1099996567
1996-01-09,,,35.9062843323,15.2100000381
1996-01-10,,,35.4354133606,16.3999996185
1996-01-11,,,35.6477775574,14.6899995804
1996-01-12,,,35.5923843384,14.2299995422
1996-01-15,,,35.5185050964,14.9899997711
1996-01-16,,,35.9524497986,14.0900001526
1996-01-17,,,35.8416595459,14.2500000000
1996-01-18,,,35.9616966248,13.5799999237
1996-01-19,,,36.2017440796,12.6999998093
1996-01-22,,,36.2109527588,13.3400001526
1996-01-23,,,36.2940521240,13.5600004196
1996-01-24,,,36.5895156860,12.5399999619
1996-01-25,,,36.4602470398,12.9399995804
1996-01-26,,,36.7741737366,12.0000000000
1996-01-29,,,36.9219131470,12.1899995804
1996-01-30,,,37.2358322144,12.4200000763
1996-01-31,,,37.6235885620,12.5299997330
1996-02-01,,,37.7620849609,12.6499996185
1996-02-02,,,37.6051101685,13.2299995422
1996-02-05,,,37.9097976685,13.4600000381
1996-02-06,,,38.2698631287,14.5900001526
1996-02-07,,,38.4914779663,14.1099996567
1996-02-08,,,38.9069290161,13.8900003433
1996-02-09,,,38.8977127075,14.6300001144
1996-02-12,,,39.1931610107,14.6899995804
1996-02-13,,,39.1100540161,14.9399995804
1996-02-14,,,38.7684555054,15.5900001526
1996-02-15,,,38.5283927917,16.1299991608
1996-02-16,,,38.3714485168,15.3699998856
1996-02-20,,,37.9929122925,16.7999992371
1996-02-21,,,38.4637641907,14.4700002670
1996-02-22,,,39.0731239319,14.5600004196
1996-02-23,,,38.9623451233,14.7799997330
1996-02-26,,,38.4083862305,16.3799991608
1996-02-27,,,38.2883453369,16.6299991608
1996-02-28,,,38.1129302979,16.7199993134
1996-02-29,,,37.7435989380,17.0400009155
1996-03-01,,,38.3437385559,16.7199993134
1996-03-04,,,38.5653228760,16.6700000763
1996-03-05,,,38.9253997803,16.1000003815
1996-03-06,,,38.5837974548,16.5599994659
1996-03-07,,,38.7776679993,16.4899997711
1996-03-08,,,37.5220146179,20.7000007629
1996-03-11,,,37.9559822083,19.3999996185
1996-03-12,,,37.6605186462,19.0900001526
1996-03-13,,,37.9190406799,18.1299991608
1996-03-14,,,38.0852279663,16.9300003052
1996-03-15,,,38.0596237183,16.5400009155
1996-03-18,,,38.7922630310,17.3099994659
1996-03-19,,,38.7088012695,18.3500003815
1996-03-20,,,38.6624336243,18.6599998474
1996-03-21,,,38.5696868896,17.7399997711
1996-03-22,,,38.6716995239,17.0499992371
1996-03-25,,,38.5975036621,17.8400001526
1996-03-26,,,38.7829818726,17.7999992371
1996-03-27,,,38.4305839539,17.8899993896
1996-03-28,,,38.5789756775,18.1599998474
1996-03-29,,,38.3934745789,18.8799991608
1996-04-01,,,38.8386077881,17.8999996185
1996-04-02,,,38.9128112793,16.4500007629
1996-04-03,,,38.9128112793,16.3299999237
1996-04-04,,,38.8849983215,16.1800003052
1996-04-08,,,38.2172813416,18.7199993134
1996-04-09,,,38.0689125061,17.3199996948
1996-04-10,,,37.3919067383,20.2199993134
1996-04-11,,,37.3455581665,19.6499996185
1996-04-12,,,37.8185119629,17.3799991608
1996-04-15,,,38.1338119507,16.8299999237
1996-04-16,,,38.2450942993,16.4500007629
1996-04-17,,,38.1523818970,17.0699996948
1996-04-18,,,38.2080116272,16.4099998474
1996-04-19,,,38.3007545471,15.1199998856
1996-04-22,,,38.5975036621,15.3800001144
1996-04-23,,,38.7180671692,15.0100002289
1996-04-24,,,38.5789756775,14.9099998474
1996-04-25,,,38.7551689148,14.7200002670
1996-04-26,,,38.8386077881,14.7500000000
1996-04-29,,,38.8386077881,15.4499998093
1996-04-30,,,38.8108062744,15.8299999237
1996-05-01,,,38.8942718506,16.0699996948
1996-05-02,,,38.2265663147,18.6200008392
1996-05-03,,,38.1709289551,16.7000007629
1996-05-06,,,38.1338119507,16.9200000763
1996-05-07,,,37.9761657715,16.8700008392
1996-05-08,,,38.4491310120,15.7799997330
1996-05-09,,,38.4213104248,16.9899997711
1996-05-10,,,38.8015365601,15.6099996567
1996-05-13,,,39.3857841492,15.1599998474
1996-05-14,,,39.6269187927,14.8999996185
1996-05-15,,,39.5805282593,15.5900001526
1996-05-16,,,39.6639900208,15.7100000381
1996-05-17,,,39.8773040771,15.1300001144
1996-05-20,,,40.1462478638,15.8000001907
1996-05-21,,,40.0905876160,16.0000000000
1996-05-22,,,40.4708213806,15.5000000000
1996-05-23,,,40.3038825989,16.1700000763
1996-05-24,,,40.4615669250,15.5399999619
1996-05-28,,,40.0535087585,16.9200000763
1996-05-29,,,39.7845458984,17.1499996185
1996-05-30,,,39.9885749817,16.0200004578
1996-05-31,,,39.6918258667,16.0699996948
1996-06-03,,,39.8030967712,16.8600006104
1996-06-04,,,40.0813064575,16.1800003052
1996-06-05,,,40.4337120056,16.0400009155
1996-06-06,,,40.1369590759,16.8400001526
1996-06-07,,,40.1369590759,16.1000003815
1996-06-10,,,40.0071334839,16.7800006866
1996-06-11,,,39.9700279236,16.6800003052
1996-06-12,,,39.8958396912,17.0000000000
1996-06-13,,,39.8958396912,17.1200008392
1996-06-14,,,39.7289085388,18.6399993896
1996-06-17,,,39.7010841370,17.4599990845
1996-06-18,,,39.3765144348,17.4500007629
1996-06-19,,,39.5527114868,17.5400009155
1996-06-20,,,39.5248908997,16.9699993134
1996-06-21,,,39.8648414612,15.8000001907
1996-06-24,,,39.9394264221,15.9099998474
1996-06-25,,,39.8928108215,15.4300003052
1996-06-26,,,39.6224632263,15.2299995422
1996-06-27,,,39.9021415710,14.1899995804
1996-06-28,,,40.0419845581,13.6800003052
1996-07-01,,,40.3869285583,13.7799997330
1996-07-02,,,40.2377624512,14.1899995804
1996-07-03,,,40.1538391113,14.2100000381
1996-07-05,,,39.1283416748,16.0900001526
1996-07-08,,,38.9698257446,16.4200000763
1996-07-09,,,39.1283416748,15.4899997711
1996-07-10,,,39.2868080139,15.5100002289
1996-07-11,,,38.4943771362,17.8099994659
1996-07-12,,,38.5223350525,17.0900001526
1996-07-15,,,37.3849563599,20.1100006104
1996-07-16,,,37.4781684875,20.1000003815
1996-07-17,,,37.9256782532,19.2199993134
1996-07-18,,,38.4477462769,17.9300003052
1996-07-19,,,38.1680793762,17.2600002289
1996-07-22,,,37.8883743286,20.4099998474
1996-07-23,,,37.4035758972,21.5499992371
1996-07-24,,,37.4781684875,21.4400005341
1996-07-25,,,37.8137969971,19.3899993896
1996-07-26,,,38.0189018250,17.4500007629
1996-07-29,,,37.5993881226,20.0900001526
1996-07-30,,,37.9629669189,20.5300006866
1996-07-31,,,38.2426528931,19.4599990845
1996-08-01,,,38.8766136169,18.7600002289
1996-08-02,,,39.7156791687,16.1900005341
1996-08-05,,,39.4826049805,17.3600006104
1996-08-06,,,39.6038017273,16.9300003052
1996-08-07,,,39.7063713074,16.2399997711
1996-08-08,,,39.6411018372,16.0400009155
1996-08-09,,,39.5105552673,15.7700004578
1996-08-12,,,39.7995834351,15.5699996948
1996-08-13,,,39.4826049805,16.4099998474
1996-08-14,,,39.6224632263,15.9600000381
1996-08-15,,,39.5478744507,15.4600000381
1996-08-16,,,39.8834838867,14.8100004196
1996-08-19,,,39.9021415710,15.2700004578
1996-08-20,,,39.8741645813,14.7299995422
1996-08-21,,,39.7343215942,14.5200004578
1996-08-22,,,40.1072311401,13.7100000381
1996-08-23,,,39.8928108215,14.1800003052
1996-08-26,,,39.6970214844,15.3800001144
1996-08-27,,,39.8461990356,15.1099996567
1996-08-28,,,39.7809371948,15.1000003815
1996-08-29,,,39.3893661499,16.2199993134
1996-08-30,,,38.9791679382,17.0100002289
1996-09-03,,,39.2308921814,18.4699993134
1996-09-04,,,39.2681808472,18.6399993896
1996-09-05,,,38.7926940918,20.5100002289
1996-09-06,,,39.3427581787,17.1000003815
1996-09-09,,,39.8088912964,16.3600006104
1996-09-10,,,39.7902565002,16.2500000000
1996-09-11,,,40.0140037537,16.0599994659
1996-09-12,,,40.2936897278,15.9700002670
1996-09-13,,,40.9090118408,15.1999998093
1996-09-16,,,41.0581855774,15.4300003052
1996-09-17,,,40.9649314880,15.7399997711
1996-09-18,,,40.8623886108,15.8599996567
1996-09-19,,,41.0208702087,16.0300006866
1996-09-20,,,41.1664123535,15.6499996185
1996-09-23,,,41.1570281982,16.4599990845
1996-09-24,,,41.1476593018,16.4500007629
1996-09-25,,,41.1757583618,16.2199993134
1996-09-26,,,41.1570281982,16.1100006104
1996-09-27,,,41.1945152283,16.1000003815
1996-09-30,,,41.1570281982,16.9500007629
1996-10-01,,,41.3819274902,17.0499992371
1996-10-02,,,41.6630630493,16.7800006866
1996-10-03,,,41.6255760193,16.7700004578
1996-10-04,,,42.1878395081,14.8000001907
1996-10-07,,,42.2346725464,15.1099996567
1996-10-08,,,42.0660133362,15.5799999237
1996-10-09,,,41.7380142212,16.0900001526
1996-10-10,,,41.6536560059,16.2600002289
1996-10-11,,,42.1690826416,15.0699996948
1996-10-14,,,42.2252922058,15.1300001144
1996-10-15,,,42.1690826416,15.8299999237
1996-10-16,,,42.3752212524,15.6000003815
1996-10-17,,,42.4876861572,15.4099998474
1996-10-18,,,42.7126045227,15.0799999237
1996-10-21,,,42.6563796997,15.9799995422
1996-10-22,,,42.3564796448,16.3999996185
1996-10-23,,,42.4970397949,16.4500007629
1996-10-24,,,42.1316070557,16.8899993896
1996-10-25,,,42.1690826416,17.2900009155
1996-10-28,,,41.8879432678,18.3400001526
1996-10-29,,,42.2252922058,18.2800006866
1996-10-30,,,42.0847473145,18.4799995422
1996-10-31,,,42.4876861572,18.1100006104
1996-11-01,,,42.3377609253,17.8899993896
1996-11-04,,,42.6188812256,18.0400009155
1996-11-05,,,42.8625335693,17.6499996185
1996-11-06,,,43.6871795654,16.9699993134
1996-11-07,,,43.7902526855,17.2099990845
1996-11-08,,,44.0339088440,15.7799997330
1996-11-11,,,43.9870491028,14.0399999619
1996-11-12,,,43.8558464050,15.3599996567
1996-11-13,,,44.0526199341,14.8900003433
1996-11-14,,,44.3431243896,13.7899999619
1996-11-15,,,44.3993415833,14.3599996567
1996-11-18,,,44.4087371826,15.1199998856
1996-11-19,,,44.7273368835,15.2299995422
1996-11-20,,,44.8023109436,15.9399995804
1996-11-21,,,44.7367057800,15.7700004578
1996-11-22,,,45.0834083557,14.9200000763
1996-11-25,,,45.6550750732,15.9099998474
1996-11-26,,,45.5051040649,16.9699993134
1996-11-27,,,45.4207839966,16.9599990845
1996-11-29,,,45.5894584656,17.1399993896
1996-12-02,,,45.6082038879,17.9300003052
1996-12-03,,,44.8303985596,18.6800003052
1996-12-04,,,44.9522438049,17.9300003052
1996-12-05,,,44.8303985596,18.1399993896
1996-12-06,,,44.5680503845,18.8199996948
1996-12-09,,,45.2239875793,17.7500000000
1996-12-10,,,45.0084686279,17.8799991608
1996-12-11,,,44.5961418152,19.6800003052
1996-12-12,,,43.8558464050,20.4500007629
1996-12-13,,,43.9683036804,21.0900001526
1996-12-16,,,43.4060478210,21.9899997711
1996-12-17,,,43.7527618408,20.7700004578
1996-12-18,,,44.0995025635,19.4200000763
1996-12-19,,,45.0084686279,18.7700004578
1996-12-20,,,45.1072387695,18.8500003815
1996-12-23,,,44.9942359924,19.5000000000
1996-12-24,,,45.3238258362,18.6800003052
1996-12-26,,,45.6722450256,18.5900001526
1996-12-27,,,45.7287330627,19.1299991608
1996-12-30,,,45.3332672119,19.5100002289
1996-12-31,,,44.5045204163,20.9200000763
1997-01-02,,,44.6175384521,21.1399993896
1997-01-03,,,45.2579116821,19.1299991608
1997-01-06,,,44.8623809814,19.8899993896
1997-01-07,,,45.4085540771,19.3500003815
1997-01-08,,,45.0130805969,20.2399997711
1997-01-09,,,45.3897552490,20.9099998474
1997-01-10,,,45.8794479370,19.6299991608
1997-01-13,,,45.8135185242,19.8400001526
1997-01-14,,,46.3879432678,19.2700004578
1997-01-15,,,46.2749481201,19.3999996185
1997-01-16,,,46.4632911682,19.6100006104
1997-01-17,,,46.7457809448,18.6299991608
1997-01-20,,,46.8022804260,18.6000003815
1997-01-21,,,47.1789436340,17.8099994659
1997-01-22,,,47.5179443359,17.0900001526
1997-01-23,,,46.8587875366,18.4699993134
1997-01-24,,,46.2561111450,19.3299999237
1997-01-27,,,46.1242561340,20.1599998474
1997-01-28,,,46.2561111450,20.7399997711
1997-01-29,,,46.7081069946,20.2299995422
1997-01-30,,,47.3107986450,19.4699993134
1997-01-31,,,47.2543106079,19.4699993134
1997-02-03,,,47.3955421448,19.5799999237
1997-02-04,,,47.6874923706,19.4300003052
1997-02-05,,,46.7928543091,21.0599994659
1997-02-06,,,47.1036186218,20.1599998474
1997-02-07,,,47.7439765930,18.8999996185
1997-02-10,,,47.2919654846,20.6499996185
1997-02-11,,,47.8381423950,19.9699993134
1997-02-12,,,48.5161781311,19.4799995422
1997-02-13,,,49.0435409546,19.2299995422
1997-02-14,,,48.9305114746,19.1800003052
1997-02-18,,,49.3448600769,19.7000007629
1997-02-19,,,49.0152664185,20.6100006104
1997-02-20,,,48.4220237732,21.4099998474
1997-02-21,,,48.4408302307,20.5499992371
1997-02-24,,,49.0152664185,19.8400001526
1997-02-25,,,49.0529403687,19.9799995422
1997-02-26,,,48.5726776123,20.7399997711
1997-02-27,,,47.8475685120,21.0799999237
1997-02-28,,,47.7063217163,21.1000003815
1997-03-03,,,48.0265121460,20.8899993896
1997-03-04,,,47.7628135681,20.6200008392
1997-03-05,,,48.5726776123,19.4899997711
1997-03-06,,,48.2901535034,20.4799995422
1997-03-07,,,48.7233543396,19.3199996948
1997-03-10,,,49.2318344116,19.0000000000
1997-03-11,,,48.9681777954,19.2500000000
1997-03-12,,,48.5349960327,19.6100006104
1997-03-13,,,47.7816200256,19.7900009155
1997-03-14,,,48.0265121460,19.8099994659
1997-03-17,,,48.1583175659,20.9500007629
1997-03-18,,,47.6403999329,21.2600002289
1997-03-19,,,47.4803199768,21.7399997711
1997-03-20,,,47.2354469299,21.2199993134
1997-03-21,,,47.4541664124,19.6900005341
1997-03-24,,,48.1158523560,20.0599994659
1997-03-25,,,47.6432228088,19.2600002289
1997-03-26,,,47.8512153625,18.3199996948
1997-03-27,,,46.5844993591,20.5000000000
1997-03-31,,,45.6013755798,22.1399993896
1997-04-01,,,45.8944129944,20.8400001526
1997-04-02,,,45.0720024109,21.2999992371
1997-04-03,,,45.3177680969,21.1900005341
1997-04-04,,,45.8849830627,19.2299995422
1997-04-07,,,46.0645751953,18.5100002289
1997-04-08,,,46.3954467773,18.4400005341
1997-04-09,,,46.0173149109,18.5599994659
1997-04-10,,,45.8471565247,19.0100002289
1997-04-11,,,44.3913726807,19.7600002289
1997-04-14,,,44.9869384766,19.0900001526
1997-04-15,,,45.7526130676,18.2500000000
1997-04-16,,,46.2819824219,17.6399993896
1997-04-17,,,46.0929222107,18.7099990845
1997-04-18,,,46.3198165894,18.7500000000
1997-04-21,,,46.0173149109,20.1000003815
1997-04-22,,,47.0287818909,19.5200004578
1997-04-23,,,47.0760383606,20.4799995422
1997-04-24,,,46.8397102356,20.8299999237
1997-04-25,,,46.3008956909,21.1499996185
1997-04-28,,,46.7546577454,21.3400001526
1997-04-29,,,48.2293205261,19.8099994659
1997-04-30,,,48.4561920166,20.0599994659
1997-05-01,,,48.3994636536,19.8700008392
1997-05-02,,,49.2691535950,17.5100002289
1997-05-05,,,50.4413299561,20.1299991608
1997-05-06,,,50.4034881592,20.8500003815
1997-05-07,,,49.3069534302,21.3400001526
1997-05-08,,,49.6472740173,21.2600002289
1997-05-09,,,49.9875869751,20.1100006104
1997-05-12,,,50.8194503784,20.2500000000
1997-05-13,,,50.6114578247,20.8099994659
1997-05-14,,,50.7060203552,21.0900001526
1997-05-15,,,51.0463066101,19.9099998474
1997-05-16,,,50.3467712402,21.5699996948
1997-05-19,,,50.4980506897,21.4799995422
1997-05-20,,,51.1030578613,19.2600002289
1997-05-21,,,50.9896087646,19.2800006866
1997-05-22,,,50.8194503784,18.7700004578
1997-05-23,,,51.2920837402,18.0799999237
1997-05-27,,,51.5000801086,19.3600006104
1997-05-28,,,51.4905967712,19.2800006866
1997-05-29,,,51.1881179810,19.0200004578
1997-05-30,,,51.5189476013,19.1900005341
1997-06-02,,,51.2920837402,20.8500003815
1997-06-03,,,51.1219520569,20.0100002289
1997-06-04,,,51.0652198792,20.1000003815
1997-06-05,,,51.2542762756,20.3600006104
1997-06-06,,,52.2563018799,18.9400005341
1997-06-09,,,52.5209999084,19.4599990845
1997-06-10,,,52.6816864014,19.0400009155
1997-06-11,,,52.8045845032,18.8500003815
1997-06-12,,,53.8255004883,18.5100002289
1997-06-13,,,54.2792587280,19.2700004578
1997-06-16,,,54.2981567383,19.7700004578
1997-06-17,,,54.2225151062,20.1700000763
1997-06-18,,,54.0334472656,20.4500007629
1997-06-19,,,54.5912132263,20.1000003815
1997-06-20,,,54.4051856995,20.2000007629
1997-06-23,,,53.0861053467,21.1900005341
1997-06-24,,,54.4336700439,20.7399997711
1997-06-25,,,54.0540695190,21.5000000000
1997-06-26,,,53.7883682251,21.8199996948
1997-06-27,,,53.9971199036,21.2199993134
1997-06-30,,,53.6365280151,21.5300006866
1997-07-01,,,54.2628555298,21.0000000000
1997-07-02,,,55.1549110413,19.7000007629
1997-07-03,,,55.9140777588,17.8199996948
1997-07-07,,,55.3446884155,19.1299991608
1997-07-08,,,55.9235572815,18.7600002289
1997-07-09,,,55.3067131042,20.3999996185
1997-07-10,,,55.5534629822,19.9200000763
1997-07-11,,,55.7432670593,19.0599994659
1997-07-14,,,55.9140777588,19.5799999237
1997-07-15,,,56.1987838745,19.0000000000
1997-07-16,,,56.9390106201,19.3600006104
1997-07-17,,,56.6542663574,20.5400009155
1997-07-18,,,55.4490699768,22.2800006866
1997-07-21,,,55.4585800171,23.5100002289
1997-07-22,,,56.9294815063,21.7700004578
1997-07-23,,,56.8820495605,21.2999992371
1997-07-24,,,57.1477661133,20.9599990845
1997-07-25,,,57.1098022461,20.8199996948
1997-07-28,,,57.0718345642,21.8400001526
1997-07-29,,,57.2616539001,22.0200004578
1997-07-30,,,57.9449310303,21.3899993896
1997-07-31,,,57.8879814148,21.4799995422
1997-08-01,,,57.6601905823,22.2900009155
1997-08-04,,,57.8120384216,21.9400005341
1997-08-05,,,57.8500289917,20.6399993896
1997-08-06,,,58.3244895935,20.0499992371
1997-08-07,,,57.8879814148,19.7700004578
1997-08-08,,,56.7112312317,22.4599990845
1997-08-11,,,57.1287841797,22.7700004578
1997-08-12,,,56.2177696228,23.7500000000
1997-08-13,,,56.0469398499,24.5200004578
1997-08-14,,,56.2556724548,23.1100006104
1997-08-15,,,54.5285453796,24.4500007629
1997-08-18,,,55.7432670593,24.3700008392
1997-08-19,,,56.3885612488,22.6399993896
1997-08-20,,,57.2426681519,21.0900001526
1997-08-21,,,56.2367248535,23.8299999237
1997-08-22,,,56.2177696228,24.7399997711
1997-08-25,,,56.0089759827,24.1000003815
1997-08-26,,,55.1833343506,24.7299995422
1997-08-27,,,55.5155029297,24.2600002289
1997-08-28,,,54.6709060669,24.5100002289
1997-08-29,,,54.8891830444,24.7600002289
1997-09-02,,,56.6732444763,24.5300006866
1997-09-03,,,56.3695716858,24.9500007629
1997-09-04,,,56.7301788330,25.2700004578
1997-09-05,,,56.5689048767,24.3099994659
1997-09-08,,,56.8156089783,24.3999996185
1997-09-09,,,56.8440818787,23.8899993896
1997-09-10,,,55.6673545837,24.6399993896
1997-09-11,,,55.3826560974,25.9899997711
1997-09-12,,,56.2746963501,25.1700000763
1997-09-15,,,56.1798019409,25.7399997711
1997-09-16,,,57.5842819214,23.7700004578
1997-09-17,,,57.5842819214,24.1000003815
1997-09-18,,,57.8310203552,23.4799995422
1997-09-19,,,57.9288749695,22.7399997711
1997-09-22,,,58.2526817322,22.0799999237
1997-09-23,,,57.9860038757,22.0000000000
1997-09-24,,,57.5097999573,22.6399993896
1997-09-25,,,57.1097526550,22.9599990845
1997-09-26,,,57.5859413147,22.2600002289
1997-09-29,,,58.1383934021,22.2299995422
1997-09-30,,,57.5288200378,22.9099998474
1997-10-01,,,58.2908134460,22.3199996948
1997-10-02,,,58.6146507263,22.2700004578
1997-10-03,,,58.9098739624,21.5400009155
1997-10-06,,,59.3004074097,21.6100006104
1997-10-07,,,59.8528175354,20.2900009155
1997-10-08,,,59.4337654114,20.7700004578
1997-10-09,,,59.2242012024,22.3099994659
1997-10-10,,,59.0527915955,19.7500000000
1997-10-13,,,59.1099281311,20.2600002289
1997-10-14,,,59.1289672852,19.9899997711
1997-10-15,,,58.9956130981,20.0499992371
1997-10-16,,,58.0621986389,20.5300006866
1997-10-17,,,57.4716835022,21.6900005341
1997-10-20,,,58.2908134460,20.7199993134
1997-10-21,,,59.4242324829,19.5300006866
1997-10-22,,,59.0336990356,19.8600006104
1997-10-23,,,57.8716926575,22.9899997711
1997-10-24,,,57.3002166748,23.1700000763
1997-10-27,,,53.1475067139,31.1200008392
1997-10-28,,,56.2144241333,31.2199993134
1997-10-29,,,56.0620422363,33.7500000000
1997-10-30,,,54.8238334656,38.2000007629
1997-10-31,,,56.1191902161,35.0900001526
1997-11-03,,,57.3002166748,32.0900001526
1997-11-04,,,57.3002166748,32.2400016785
1997-11-05,,,57.4906959534,32.1800003052
1997-11-06,,,57.2716636658,32.5699996948
1997-11-07,,,56.6525459290,36.2700004578
1997-11-10,,,56.3096809387,36.6300010681
1997-11-11,,,56.3287200928,36.3800010681
1997-11-12,,,55.1667098999,37.8400001526
1997-11-13,,,55.9667968750,36.6399993896
1997-11-14,,,56.7287406921,33.6599998474
1997-11-17,,,57.7764587402,31.5799999237
1997-11-18,,,57.4145393372,31.5499992371
1997-11-19,,,57.7002716064,29.9300003052
1997-11-20,,,58.5765151978,27.3199996948
1997-11-21,,,58.9765853882,26.6499996185
1997-11-24,,,57.9098243713,29.7999992371
1997-11-25,,,58.0621986389,28.9500007629
1997-11-26,,,58.2336387634,28.9500007629
1997-11-28,,,58.2908134460,27.4300003052
1997-12-01,,,59.7956924438,26.0100002289
1997-12-02,,,59.4337654114,25.6599998474
1997-12-03,,,59.6051864624,23.9200000763
1997-12-04,,,59.5480232239,23.8400001526
1997-12-05,,,60.3100509644,22.6499996185
1997-12-08,,,60.1385879517,23.2199993134
1997-12-09,,,59.7766189575,23.3600006104
1997-12-10,,,59.2623252869,24.5499992371
1997-12-11,,,58.2526817322,27.6299991608
1997-12-12,,,58.3669929504,27.9200000763
1997-12-15,,,58.9575347900,27.3700008392
1997-12-16,,,59.3194770813,26.1100006104
1997-12-17,,,59.0146560669,26.3299999237
1997-12-18,,,58.4432029724,27.1900005341
1997-12-19,,,58.0063896179,29.1800003052
1997-12-22,,,58.3793334961,28.5599994659
1997-12-23,,,57.3370018005,29.8600006104
1997-12-24,,,57.1648521423,30.2700004578
1997-12-26,,,57.3943557739,29.2700004578
1997-12-29,,,58.5227813721,26.7900009155
1997-12-30,,,59.4407501221,24.3799991608
1997-12-31,,,59.4025268555,24.0100002289
1998-01-02,,,59.7084846497,23.4200000763
1998-01-05,,,59.8423690796,24.3600006104
1998-01-06,,,58.8861007690,25.6599998474
1998-01-07,,,59.0391235352,25.0699996948
1998-01-08,,,58.5227813721,26.0100002289
1998-01-09,,,56.4955101013,28.6900005341
1998-01-12,,,57.5282478333,28.0200004578
1998-01-13,,,58.3315010071,25.1700000763
1998-01-14,,,58.5992279053,23.7500000000
1998-01-15,,,58.1115493774,23.4500007629
1998-01-16,,,58.9434738159,21.6499996185
1998-01-20,,,59.8997802734,21.6499996185
1998-01-21,,,59.3259925842,22.5300006866
1998-01-22,,,58.8000564575,23.1599998474
1998-01-23,,,58.7140426636,23.3199996948
1998-01-26,,,58.6757583618,23.9699993134
1998-01-27,,,59.2686309814,22.2700004578
1998-01-28,,,59.8041229248,22.0599994659
1998-01-29,,,60.1292724609,21.6499996185
1998-01-30,,,60.1675148010,21.4699993134
1998-02-02,,,61.1619911194,21.3600006104
1998-02-03,,,61.6210174561,20.6700000763
1998-02-04,,,61.5445022583,20.5499992371
1998-02-05,,,61.5062484741,21.2900009155
1998-02-06,,,62.1947784424,20.5100002289
1998-02-09,,,61.9843673706,21.5499992371
1998-02-10,,,62.5772781372,20.6599998474
1998-02-11,,,62.5198898315,20.3799991608
1998-02-12,,,62.7876510620,19.7299995422
1998-02-13,,,62.4242897034,19.8400001526
1998-02-17,,,62.7302856445,20.7600002289
1998-02-18,,,63.3040275574,19.6599998474
1998-02-19,,,62.9692802429,19.8799991608
1998-02-20,,,63.4378738403,19.0000000000
1998-02-23,,,63.6865310669,18.9899997711
1998-02-24,,,63.1892700195,19.3500003815
1998-02-25,,,63.9734191895,18.6200008392
1998-02-26,,,64.3367691040,18.6299991608
1998-02-27,,,64.3367691040,18.5499992371
1998-03-02,,,64.2029037476,19.1900005341
1998-03-03,,,64.5662994385,19.0400009155
1998-03-04,,,64.1455307007,19.5799999237
1998-03-05,,,63.5526695251,20.9300003052
1998-03-06,,,64.8340072632,19.1399993896
1998-03-09,,,64.6045303345,20.2299995422
1998-03-10,,,65.2165374756,19.4300003052
1998-03-11,,,65.5225219727,18.8899993896
1998-03-12,,,65.7902984619,18.2500000000
1998-03-13,,,65.5416793823,18.7099990845
1998-03-16,,,66.2492675781,18.5100002289
1998-03-17,,,66.4405288696,18.6599998474
1998-03-18,,,66.6891784668,18.2900009155
1998-03-19,,,66.8612747192,17.7600002289
1998-03-20,,,67.4370040894,18.6900005341
1998-03-23,,,67.2835617065,19.9799995422
1998-03-24,,,67.8589477539,20.5100002289
1998-03-25,,,67.6096267700,22.5400009155
1998-03-26,,,67.5712890625,22.8099994659
1998-03-27,,,67.2835617065,23.4699993134
1998-03-30,,,67.2451705933,24.6599998474
1998-03-31,,,67.4753799438,24.2199993134
1998-04-01,,,68.0219955444,23.3700008392
1998-04-02,,,68.7604293823,21.9799995422
1998-04-03,,,69.1056594849,21.8199996948
1998-04-06,,,68.5494155884,22.4699993134
1998-04-07,,,68.0890960693,23.6599998474
1998-04-08,,,67.7055206299,23.1700000763
1998-04-09,,,68.2425460815,21.5100002289
1998-04-13,,,68.0507583618,22.7700004578
1998-04-14,,,68.6261672974,21.6100006104
1998-04-15,,,68.8179626465,20.8899993896
1998-04-16,,,68.0124206543,22.0599994659
1998-04-17,,,68.9138565063,20.7600002289
1998-04-20,,,68.8946914673,20.3899993896
1998-04-21,,,69.2207412720,19.9099998474
1998-04-22,,,69.4125518799,19.4400005341
1998-04-23,,,68.7412719727,20.6000003815
1998-04-24,,,68.0124206543,21.9699993134
1998-04-27,,,66.7273559570,26.0900001526
1998-04-28,,,66.6314468384,24.1700000763
1998-04-29,,,67.0917205811,22.7800006866
1998-04-30,,,68.3384857178,21.1800003052
1998-05-01,,,69.1056594849,19.3400001526
1998-05-04,,,68.9330444336,20.3199996948
1998-05-05,,,68.4535446167,21.4599990845
1998-05-06,,,67.6479644775,22.7900009155
1998-05-07,,,67.1109161377,23.3899993896
1998-05-08,,,68.2042007446,20.5699996948
1998-05-11,,,67.9740829468,21.0499992371
1998-05-12,,,68.7028884888,20.9799995422
1998-05-13,,,68.8755187988,20.4400005341
1998-05-14,,,68.5302734375,19.6399993896
1998-05-15,,,68.1466293335,20.4400005341
1998-05-18,,,67.8781127930,21.6900005341
1998-05-19,,,68.3384857178,20.3899993896
1998-05-20,,,68.9905776978,19.8899993896
1998-05-21,,,68.5494155884,19.3799991608
1998-05-22,,,68.2808837891,18.9899997711
1998-05-26,,,67.1876754761,22.0699996948
1998-05-27,,,67.2835617065,22.5900001526
1998-05-28,,,67.5904617310,20.7399997711
1998-05-29,,,66.9191207886,21.3199996948
1998-06-01,,,67.2259902954,22.8299999237
1998-06-02,,,67.2835617065,22.0000000000
1998-06-03,,,66.2094650269,22.8500003815
1998-06-04,,,67.4370040894,21.2199993134
1998-06-05,,,68.7412719727,19.7800006866
1998-06-08,,,68.6645126343,20.5799999237
1998-06-09,,,68.8755187988,20.5200004578
1998-06-10,,,68.4343338013,21.4799995422
1998-06-11,,,67.1493148804,23.5699996948
1998-06-12,,,67.7822341919,22.7800006866
1998-06-15,,,65.9985122681,25.9400005341
1998-06-16,,,67.0150604248,24.7999992371
1998-06-17,,,68.4151840210,22.8899993896
1998-06-18,,,68.1082916260,22.3999996185
1998-06-19,,,67.7670364380,21.9200000763
1998-06-22,,,68.0941238403,21.9400005341
1998-06-23,,,68.9022750854,20.1700000763
1998-06-24,,,69.8258132935,20.0200004578
1998-06-25,,,69.7103805542,20.2500000000
1998-06-26,,,69.9990005493,19.3600006104
1998-06-29,,,70.2491302490,19.5699996948
1998-06-30,,,69.7681121826,19.7099990845
1998-07-01,,,70.5762176514,18.0000000000
1998-07-02,,,70.7109146118,17.6700000763
1998-07-06,,,71.4228210449,18.6299991608
1998-07-07,,,71.2881622314,18.6200008392
1998-07-08,,,71.8076553345,17.8199996948
1998-07-09,,,71.3266448975,18.1599998474
1998-07-10,,,71.7114410400,17.9200000763
1998-07-13,,,71.7307128906,18.2600002289
1998-07-14,,,72.5388336182,17.8799991608
1998-07-15,,,72.4041137695,17.8899993896
1998-07-16,,,72.9043807983,16.9699993134
1998-07-17,,,73.0005798340,16.2299995422
1998-07-20,,,73.0005798340,17.3400001526
1998-07-21,,,71.7307128906,20.1000003815
1998-07-22,,,71.7307128906,20.3199996948
1998-07-23,,,70.3068542480,23.0100002289
1998-07-24,,,70.2491302490,23.0100002289
1998-07-27,,,70.7494201660,23.1299991608
1998-07-28,,,69.5564575195,25.2500000000
1998-07-29,,,69.2870635986,24.7900009155
1998-07-30,,,70.3261108398,22.6599998474
1998-07-31,,,68.8253250122,24.7999992371
1998-08-03,,,68.5366897583,25.9799995422
1998-08-04,,,65.8814163208,31.0599994659
1998-08-05,,,66.7857513428,29.8299999237
1998-08-06,,,67.0743408203,28.2000007629
1998-08-07,,,67.1898193359,27.0200004578
1998-08-10,,,66.8050079346,28.7500000000
1998-08-11,,,65.8044128418,31.9099998474
1998-08-12,,,66.9204177856,28.5499992371
1998-08-13,,,66.1122970581,29.9200000763
1998-08-14,,,65.3426437378,34.3400001526
1998-08-17,,,66.7280502319,31.8600006104
1998-08-18,,,67.9595031738,28.3999996185
1998-08-19,,,67.7862777710,28.6900005341
1998-08-20,,,67.3822250366,30.0000000000
1998-08-21,,,66.8434371948,33.1399993896
1998-08-24,,,67.2667617798,31.7999992371
1998-08-25,,,67.4206924438,30.3299999237
1998-08-26,,,67.0358810425,31.1399993896
1998-08-27,,,63.8803329468,38.5499992371
1998-08-28,,,63.6494560242,39.5999984741
1998-08-31,,,59.1085739136,44.2799987793
1998-09-01,,,61.6099128723,36.4799995422
1998-09-02,,,61.1673164368,36.7599983215
1998-09-03,,,60.6863098145,41.4300003052
1998-09-04,,,60.1860809326,43.3100013733
1998-09-08,,,63.4185600281,37.9000015259
1998-09-09,,,61.8792762756,39.6599998474
1998-09-10,,,60.6478157043,45.2900009155
1998-09-11,,,62.6104545593,43.7400016785
1998-09-14,,,63.6879425049,38.5699996948
1998-09-15,,,64.0727539062,36.5800018311
1998-09-16,,,64.6499938965,35.9399986267
1998-09-17,,,62.8028182983,39.2299995422
1998-09-18,,,63.0825729370,38.6300010681
1998-09-21,,,63.0440025330,38.5800018311
1998-09-22,,,63.5653190613,36.6199989319
1998-09-23,,,66.1141128540,32.4700012207
1998-09-24,,,64.4921569824,34.6599998474
1998-09-25,,,64.4149017334,34.5499992371
1998-09-28,,,64.9941635132,34.8699989319
1998-09-29,,,64.8397445679,36.0800018311
1998-09-30,,,62.8702125549,40.9500007629
1998-10-01,,,61.0550956726,43.4799995422
1998-10-02,,,62.2329978943,40.4700012207
1998-10-05,,,60.9779205322,42.8100013733
1998-10-06,,,60.9199638367,41.2000007629
1998-10-07,,,60.0124511719,43.5099983215
1998-10-08,,,59.6842269897,45.7400016785
1998-10-09,,,60.8813858032,42.2000007629
1998-10-12,,,61.7695503235,40.0699996948
1998-10-13,,,61.5571594238,40.2299995422
1998-10-14,,,62.1364173889,38.9599990845
1998-10-15,,,65.4769058228,33.3400001526
1998-10-16,,,65.4962387085,34.8199996948
1998-10-19,,,65.7279586792,33.1300010681
1998-10-20,,,66.1141128540,33.1100006104
1998-10-21,,,65.8823928833,33.2099990845
1998-10-22,,,66.8671569824,31.5300006866
1998-10-23,,,66.0175704956,32.2700004578
1998-10-26,,,66.5002975464,32.3800010681
1998-10-27,,,66.1141128540,32.9500007629
1998-10-28,,,65.9982299805,32.4199981689
1998-10-29,,,67.6008987427,29.5000000000
1998-10-30,,,67.9677581787,28.0499992371
1998-11-02,,,69.1263122559,27.2600002289
1998-11-03,,,68.6242523193,27.7600002289
1998-11-04,,,69.3580322266,27.3700008392
1998-11-05,,,70.3041763306,26.0100002289
1998-11-06,,,70.5165863037,25.7000007629
1998-11-09,,,70.0145263672,28.0900001526
1998-11-10,,,69.8214187622,28.1700000763
1998-11-11,,,69.3580322266,28.4699993134
1998-11-12,,,69.2807922363,29.2800006866
1998-11-13,,,69.9566192627,29.0300006866
1998-11-16,,,70.4779281616,28.8999996185
1998-11-17,,,70.4779281616,27.9500007629
1998-11-18,,,70.9027557373,27.1299991608
1998-11-19,,,71.5206146240,25.5000000000
1998-11-20,,,72.0612792969,22.4699993134
1998-11-23,,,73.7604980469,21.8400001526
1998-11-24,,,73.2970809937,23.2800006866
1998-11-25,,,73.2970809937,22.1499996185
1998-11-27,,,73.8377532959,22.0900001526
1998-11-30,,,71.7523498535,26.0100002289
1998-12-01,,,72.6791839600,24.9699993134
1998-12-02,,,72.4667587280,25.4300003052
1998-12-03,,,71.2696228027,28.7000007629
1998-12-04,,,73.1426162720,25.3099994659
1998-12-07,,,73.4901809692,24.8999996185
1998-12-08,,,73.1618804932,25.5799999237
1998-12-09,,,73.2970809937,25.6599998474
1998-12-10,,,72.2254104614,26.8099994659
1998-12-11,,,72.3702316284,27.7199993134
1998-12-14,,,70.2848434448,31.3099994659
1998-12-15,,,72.0999069214,29.4200000763
1998-12-16,,,72.0033645630,29.9599990845
1998-12-17,,,73.1522521973,27.9599990845
1998-12-18,,,73.4630889893,25.0400009155
1998-12-21,,,74.4898452759,23.8600006104
1998-12-22,,,74.8191833496,22.7800006866
1998-12-23,,,76.3884201050,20.2099990845
1998-12-24,,,76.0590744019,21.4799995422
1998-12-28,,,75.8653869629,23.5000000000
1998-12-29,,,77.0664901733,22.1800003052
1998-12-30,,,76.4465332031,23.3400001526
1998-12-31,,,76.4465332031,24.4200000763
1999-01-04,,,76.2721557617,26.1700000763
1999-01-05,,,77.1439743042,24.4599990845
1999-01-06,,,79.0038299561,23.3400001526
1999-01-07,,,78.6163482666,24.3700008392
1999-01-08,,,79.1975479126,23.2800006866
1999-01-11,,,78.4419860840,25.4599990845
1999-01-12,,,77.0277481079,28.1000003815
1999-01-13,,,76.4853210449,30.1100006104
1999-01-14,,,75.1485366821,32.9799995422
1999-01-15,,,77.1052246094,29.2399997711
1999-01-19,,,77.6089248657,29.2399997711
1999-01-20,,,78.2288970947,28.6000003815
1999-01-21,,,76.1559600830,30.9200000763
1999-01-22,,,75.9815750122,31.9500007629
1999-01-25,,,76.7564849854,31.1299991608
1999-01-26,,,78.1513748169,29.2299995422
1999-01-27,,,77.2408142090,29.7299995422
1999-01-28,,,78.5388565063,28.1100006104
1999-01-29,,,79.1394042969,26.2500000000
1999-02-01,,,78.6745147705,27.6700000763
1999-02-02,,,78.1901397705,28.1599998474
1999-02-03,,,78.9843978882,27.8799991608
1999-02-04,,,77.8026580811,29.4799995422
1999-02-05,,,76.9115142822,29.6700000763
1999-02-08,,,77.0664901733,30.2700004578
1999-02-09,,,75.3422851562,31.3600006104
1999-02-10,,,75.8266067505,30.4500007629
1999-02-11,,,77.5701904297,27.4200000763
1999-02-12,,,76.6402740479,29.7600002289
1999-02-16,,,76.1753387451,29.6499996185
1999-02-17,,,76.0978317261,30.6499996185
1999-02-18,,,76.6983947754,30.4500007629
1999-02-19,,,77.0277481079,29.2999992371
1999-02-22,,,79.0812911987,25.8700008392
1999-02-23,,,79.0425567627,26.4899997711
1999-02-24,,,77.6476669312,27.2099990845
1999-02-25,,,76.9115142822,28.0100002289
1999-02-26,,,76.6015014648,27.8799991608
1999-03-01,,,76.8146209717,28.3700008392
1999-03-02,,,76.1365585327,29.2199993134
1999-03-03,,,76.5434036255,29.0400009155
1999-03-04,,,77.5120925903,26.6700000763
1999-03-05,,,79.0716094971,24.0799999237
1999-03-08,,,79.5850067139,24.5400009155
1999-03-09,,,79.3912353516,25.0200004578
1999-03-10,,,80.0887222290,24.7900009155
1999-03-11,,,80.9798431396,24.3700008392
1999-03-12,,,80.2049407959,24.8400001526
1999-03-15,,,81.3479690552,25.2399997711
1999-03-16,,,81.0379562378,25.1499996185
1999-03-17,,,80.6893081665,25.5699996948
1999-03-18,,,81.9872589111,24.1299991608
1999-03-19,,,80.5936660767,24.3199996948
1999-03-22,,,80.7490310669,25.0000000000
1999-03-23,,,78.4186172485,27.2700004578
1999-03-24,,,78.8652725220,26.6000003815
1999-03-25,,,80.4771575928,24.3299999237
1999-03-26,,,79.8945541382,24.0400009155
1999-03-29,,,81.5064468384,23.5400009155
1999-03-30,,,81.0791931152,22.7299995422
1999-03-31,,,79.7780532837,23.2600002289
1999-04-01,,,80.3800277710,22.0599994659
1999-04-05,,,82.2832260132,22.1900005341
1999-04-06,,,82.0890426636,22.6499996185
1999-04-07,,,82.7493057251,22.8099994659
1999-04-08,,,83.7980194092,22.5900001526
1999-04-09,,,83.8174057007,21.7700004578
1999-04-12,,,84.7107620239,21.9300003052
1999-04-13,,,84.1669769287,22.7299995422
1999-04-14,,,82.7493057251,24.9400005341
1999-04-15,,,82.4385986328,23.9300003052
1999-04-16,,,81.7394561768,23.8999996185
1999-04-19,,,80.4771575928,26.4200000763
1999-04-20,,,81.4869842529,25.0200004578
1999-04-21,,,83.8174057007,23.3099994659
1999-04-22,,,84.6136627197,22.6200008392
1999-04-23,,,84.4000015259,22.7600002289
1999-04-26,,,84.8855361938,23.5300006866
1999-04-27,,,85.2933273315,23.3600006104
1999-04-28,,,84.1281433105,24.3999996185
1999-04-29,,,83.4872589111,25.0599994659
1999-04-30,,,82.8075408936,25.0699996948
1999-05-03,,,84.3223495483,24.1499996185
1999-05-04,,,83.1182937622,25.6200008392
1999-05-05,,,83.7785568237,25.1900005341
1999-05-06,,,83.2639389038,27.4400005341
1999-05-07,,,83.8951034546,25.3600006104
1999-05-10,,,83.4775466919,26.6200008392
1999-05-11,,,84.3223495483,25.6200008392
1999-05-12,,,84.9826126099,26.1299991608
1999-05-13,,,85.3516159058,25.0200004578
1999-05-14,,,83.1377334595,26.8600006104
1999-05-17,,,83.3901824951,27.2800006866
1999-05-18,,,83.2348403931,27.2600002289
1999-05-19,,,83.8368377686,25.0799999237
1999-05-20,,,83.3319244385,24.4599990845
1999-05-21,,,82.8658523560,24.3999996185
1999-05-24,,,81.4869842529,27.6200008392
1999-05-25,,,80.1664123535,28.8999996185
1999-05-26,,,81.0597763062,27.5699996948
1999-05-27,,,79.8945541382,28.1200008392
1999-05-28,,,80.9141235352,25.3899993896
1999-06-01,,,80.6325378418,26.6200008392
1999-06-02,,,80.7102050781,26.2099990845
1999-06-03,,,81.1568756104,26.2000007629
1999-06-04,,,82.7881698608,23.4300003052
1999-06-07,,,83.0017700195,23.7800006866
1999-06-08,,,82.1860961914,24.0200004578
1999-06-09,,,82.1084671021,23.8999996185
1999-06-10,,,81.3510742188,25.3199996948
1999-06-11,,,80.6713485718,25.8999996185
1999-06-14,,,80.7490310669,26.5100002289
1999-06-15,,,81.2928009033,25.9099998474
1999-06-16,,,82.8464584351,22.3999996185
1999-06-17,,,83.6232376099,21.9500007629
1999-06-18,,,83.7198257446,21.7500000000
1999-06-21,,,83.9145812988,21.8099994659
1999-06-22,,,83.3302688599,21.7000007629
1999-06-23,,,82.9211883545,21.3199996948
1999-06-24,,,82.2979125977,23.0599994659
1999-06-25,,,82.0933761597,21.7600002289
1999-06-28,,,83.0965652466,22.6299991608
1999-06-29,,,83.8756790161,22.5100002289
1999-06-30,,,85.3950119019,21.0900001526
1999-07-01,,,86.0378189087,19.6900005341
1999-07-02,,,86.8948974609,18.6599998474
1999-07-06,,,86.8753814697,20.7299995422
1999-07-07,,,86.9922637939,20.3500003815
1999-07-08,,,87.0604553223,20.2399997711
1999-07-09,,,87.5766754150,17.9599990845
1999-07-12,,,87.1870651245,19.7299995422
1999-07-13,,,86.8753814697,19.9500007629
1999-07-14,,,87.3623428345,19.7099990845
1999-07-15,,,87.9175186157,18.6800003052
1999-07-16,,,88.3947296143,17.4200000763
1999-07-19,,,87.8103866577,19.0699996948
1999-07-20,,,86.0085678101,21.7900009155
1999-07-21,,,85.9111785889,21.4599990845
1999-07-22,,,84.7814712524,23.0499992371
1999-07-23,,,84.6158142090,23.3199996948
1999-07-26,,,83.9925460815,24.9799995422
1999-07-27,,,84.6937713623,23.2299995422
1999-07-28,,,84.9664840698,22.8500003815
1999-07-29,,,83.7782516479,24.5200004578
1999-07-30,,,82.7458877563,24.6399993896
1999-08-02,,,82.9407043457,25.5900001526
1999-08-03,,,82.5510787964,26.2700004578
1999-08-04,,,81.4213256836,27.3999996185
1999-08-05,,,82.1615447998,27.0100002289
1999-08-06,,,81.2655105591,26.6000003815
1999-08-09,,,81.0902023315,27.6599998474
1999-08-10,,,80.1941680908,28.4500007629
1999-08-11,,,81.1681518555,25.3899993896
1999-08-12,,,81.1193771362,25.0300006866
1999-08-13,,,82.9991226196,22.3099994659
1999-08-16,,,83.3692321777,23.0699996948
1999-08-17,,,83.9145812988,21.6700000763
1999-08-18,,,83.3108139038,23.2999992371
1999-08-19,,,82.6290435791,24.3899993896
1999-08-20,,,83.4665985107,22.9500007629
1999-08-23,,,85.0638351440,22.5499992371
1999-08-24,,,85.3755187988,22.3999996185
1999-08-25,,,86.2520370483,20.9599990845
1999-08-26,,,85.2197036743,21.2099990845
1999-08-27,,,84.1872940063,21.8299999237
1999-08-30,,,82.6290435791,24.6299991608
1999-08-31,,,82.3173446655,24.4500007629
1999-09-01,,,83.3302688599,22.9300003052
1999-09-02,,,82.3465805054,24.5300006866
1999-09-03,,,84.7522048950,20.9799995422
1999-09-07,,,84.4405441284,23.4400005341
1999-09-08,,,84.0315170288,23.8199996948
1999-09-09,,,83.9925460815,23.0100002289
1999-09-10,,,84.6937713623,22.0300006866
1999-09-13,,,84.1191406250,22.8899993896
1999-09-14,,,83.5639801025,23.7700004578
1999-09-15,,,82.2394790649,24.5599994659
1999-09-16,,,82.5608215332,25.2500000000
1999-09-17,,,83.6040115356,23.2999992371
1999-09-20,,,83.4868392944,24.0300006866
1999-09-21,,,81.7287750244,25.6499996185
1999-09-22,,,81.6408920288,25.1900005341
1999-09-23,,,79.9316711426,27.8400001526
1999-09-24,,,79.8535537720,27.7900009155
1999-09-27,,,80.3809661865,26.3999996185
1999-09-28,,,80.2246856689,26.0599994659
1999-09-29,,,79.2675704956,26.4899997711
1999-09-30,,,80.4786300659,25.4099998474
1999-10-01,,,80.3028564453,24.9300003052
1999-10-04,,,81.7287750244,24.4599990845
1999-10-05,,,81.6506500244,24.7900009155
1999-10-06,,,82.9008255005,22.0599994659
1999-10-07,,,82.4319839478,23.5799999237
1999-10-08,,,83.6821517944,20.4899997711
1999-10-11,,,83.5454559326,20.6299991608
1999-10-12,,,82.2562179565,22.8400001526
1999-10-13,,,80.1270446777,25.9599990845
1999-10-14,,,80.1074981689,26.0499992371
1999-10-15,,,78.0564727783,28.7500000000
1999-10-18,,,78.6229553223,28.1900005341
1999-10-19,,,79.3847427368,26.5599994659
1999-10-20,,,80.1661224365,23.8999996185
1999-10-21,,,80.6348953247,24.0200004578
1999-10-22,,,81.3185958862,21.6399993896
1999-10-25,,,80.9084091187,23.6000003815
1999-10-26,,,79.8926391602,24.2600002289
1999-10-27,,,81.3381500244,24.2000007629
1999-10-28,,,84.1119308472,21.3400001526
1999-10-29,,,85.6354904175,22.2000007629
1999-11-01,,,84.7369766235,22.0900001526
1999-11-02,,,84.1314315796,23.1000003815
1999-11-03,,,84.6978988647,23.1599998474
1999-11-04,,,85.3425064087,23.0000000000
1999-11-05,,,86.1824645996,21.6599998474
1999-11-08,,,86.2605819702,21.8700008392
1999-11-09,,,85.4499588013,22.7000007629
1999-11-10,,,86.0848464966,22.2600002289
1999-11-11,,,86.5731582642,22.0699996948
1999-11-12,,,87.3544921875,21.6499996185
1999-11-15,,,87.5595779419,22.7399997711
1999-11-16,,,88.2920913696,20.7299995422
1999-11-17,,,88.5264968872,20.9599990845
1999-11-18,,,89.1516418457,19.7600002289
1999-11-19,,,89.0734634399,19.1100006104
1999-11-22,,,89.0539093018,19.9799995422
1999-11-23,,,88.2725143433,21.0000000000
1999-11-24,,,88.7413940430,20.2600002289
1999-11-26,,,88.4092941284,22.3299999237
1999-11-29,,,88.0968170166,23.5699996948
1999-11-30,,,87.0614624023,24.1800003052
1999-12-01,,,87.7647094727,22.2299995422
1999-12-02,,,88.2920913696,21.7700004578
1999-12-03,,,89.9133758545,19.3199996948
1999-12-06,,,89.2492294312,20.5799999237
1999-12-07,,,88.5264968872,21.0900001526
1999-12-08,,,87.9600143433,21.2500000000
1999-12-09,,,88.3897705078,21.1900005341
1999-12-10,,,88.6827468872,21.4799995422
1999-12-13,,,88.8390426636,21.7199993134
1999-12-14,,,87.9795684814,23.0599994659
1999-12-15,,,88.4483718872,22.0300006866
1999-12-16,,,88.8390426636,21.9099998474
1999-12-17,,,89.4096069336,21.3500003815
1999-12-20,,,88.7633590698,23.7800006866
1999-12-21,,,90.1145248413,22.6599998474
1999-12-22,,,90.3494949341,22.4300003052
1999-12-23,,,91.7887039185,21.1200008392
1999-12-27,,,91.6614685059,23.0699996948
1999-12-28,,,91.6027069092,22.9699993134
1999-12-29,,,91.9943618774,23.0900001526
1999-12-30,,,91.8866653442,24.7600002289
1999-12-31,,,92.0335311890,24.6399993896
2000-01-03,,,91.1327438354,24.2099990845
2000-01-04,,,87.5689086914,27.0100002289
2000-01-05,,,87.7255630493,26.4099998474
2000-01-06,,,86.3156661987,25.7299995422
2000-01-07,,,91.3285827637,21.7199993134
2000-01-10,,,91.6418991089,21.7099990845
2000-01-11,,,90.5453338623,22.5000000000
2000-01-12,,,89.6445999146,22.8400001526
2000-01-13,,,90.8586120605,21.7099990845
2000-01-14,,,92.0922164917,19.6599998474
2000-01-18,,,91.3677597046,21.5000000000
2000-01-19,,,92.1118392944,21.7199993134
2000-01-20,,,90.7019653320,21.7500000000
2000-01-21,,,90.5061340332,20.8199996948
2000-01-24,,,87.9409332275,24.0699996948
2000-01-25,,,88.9395751953,23.0200004578
2000-01-26,,,88.2346572876,23.0300006866
2000-01-27,,,87.8822021484,23.5400009155
2000-01-28,,,85.1407623291,26.1399993896
2000-01-31,,,87.4514236450,24.9500007629
2000-02-01,,,88.3129959106,23.4500007629
2000-02-02,,,88.3912887573,23.1200008392
2000-02-03,,,89.7228927612,22.0100002289
2000-02-04,,,89.3507843018,21.5400009155
2000-02-07,,,89.2137756348,22.7900009155
2000-02-08,,,90.4278335571,21.2500000000
2000-02-09,,,88.5284423828,22.8999996185
2000-02-10,,,88.7046737671,23.0699996948
2000-02-11,,,86.9031372070,24.4200000763
2000-02-14,,,87.4122848511,24.3799991608
2000-02-15,,,88.4011459351,22.9200000763
2000-02-16,,,87.0989303589,23.5100002289
2000-02-17,,,86.6485671997,23.1700000763
2000-02-18,,,84.7883148193,26.0000000000
2000-02-22,,,84.5729217529,25.8600006104
2000-02-23,,,85.5715942383,23.8899993896
2000-02-24,,,83.8483886719,24.3799991608
2000-02-25,,,83.5448608398,25.2000007629
2000-02-28,,,85.2974472046,24.6800003052
2000-02-29,,,86.1198120117,23.3700008392
2000-03-01,,,86.7464675903,21.6399993896
2000-03-02,,,86.8052215576,21.0599994659
2000-03-03,,,88.4305267334,19.2099990845
2000-03-06,,,87.5689086914,21.5000000000
2000-03-07,,,85.8751144409,24.3099994659
2000-03-08,,,85.7674179077,23.8199996948
2000-03-09,,,88.2738342285,22.2099990845
2000-03-10,,,87.8039169312,21.2399997711
2000-03-13,,,86.8443908691,22.8500003815
2000-03-14,,,85.6107177734,24.4099998474
2000-03-15,,,87.6080474854,22.3400001526
2000-03-16,,,91.7006225586,20.7700004578
2000-03-17,,,92.3066864014,22.3700008392
2000-03-20,,,91.8355331421,22.9599990845
2000-03-21,,,93.7201385498,21.7000007629
2000-03-22,,,94.2894134521,21.4899997711
2000-03-23,,,95.8991699219,22.2600002289
2000-03-24,,,96.4685592651,23.3099994659
2000-03-27,,,95.4477157593,24.5300006866
2000-03-28,,,94.8980331421,24.8600006104
2000-03-29,,,94.9962005615,24.1000003815
2000-03-30,,,93.4060668945,25.4699993134
2000-03-31,,,94.4661331177,24.1100006104
2000-04-03,,,95.0158538818,24.0300006866
2000-04-04,,,94.3090515137,27.1200008392
2000-04-05,,,93.7201385498,28.4099998474
2000-04-06,,,94.5348129272,27.1499996185
2000-04-07,,,95.1335830688,24.3899993896
2000-04-10,,,94.7606048584,25.9899997711
2000-04-11,,,94.4857101440,27.2500000000
2000-04-12,,,91.8944091797,28.9799995422
2000-04-13,,,90.6183700562,29.3999996185
2000-04-14,,,85.4357528687,33.4900016785
2000-04-17,,,88.4196777344,28.9500007629
2000-04-18,,,90.7558135986,26.1200008392
2000-04-19,,,89.9116516113,27.0200004578
2000-04-20,,,90.3435516357,25.8500003815
2000-04-24,,,89.3619689941,27.3700008392
2000-04-25,,,93.0722961426,25.2399997711
2000-04-26,,,92.0220108032,26.9699993134
2000-04-27,,,91.7177200317,26.1900005341
2000-04-28,,,91.1484298706,26.2000007629
2000-05-01,,,92.3852081299,25.8799991608
2000-05-02,,,90.5398406982,28.5000000000
2000-05-03,,,88.4196777344,31.6299991608
2000-05-04,,,89.0871276855,30.7700004578
2000-05-05,,,90.1668701172,27.5300006866
2000-05-08,,,89.4895858765,28.2000007629
2000-05-09,,,88.7730407715,28.9300003052
2000-05-10,,,86.7705993652,29.8700008392
2000-05-11,,,88.7534332275,27.7600002289
2000-05-12,,,89.7153472900,26.0499992371
2000-05-15,,,91.2662506104,24.8600006104
2000-05-16,,,92.1496353149,24.3400001526
2000-05-17,,,91.1876754761,23.9799995422
2000-05-18,,,90.0687255859,23.9599990845
2000-05-19,,,88.6552658081,25.4400005341
2000-05-22,,,87.9877929688,26.0000000000
2000-05-23,,,86.6920928955,25.8700008392
2000-05-24,,,88.1055679321,24.3199996948
2000-05-25,,,86.5939407349,24.5799999237
2000-05-26,,,86.6920928955,24.4699993134
2000-05-30,,,89.5190353394,23.6200008392
2000-05-31,,,89.7153472900,23.6499996185
2000-06-01,,,91.2858505249,22.3600006104
2000-06-02,,,92.8759765625,21.4799995422
2000-06-05,,,92.4244842529,22.7099990845
2000-06-06,,,92.0121917725,23.0499992371
2000-06-07,,,92.6502304077,22.4799995422
2000-06-08,,,92.2870483398,22.7700004578
2000-06-09,,,92.0906829834,22.1399993896
2000-06-12,,,91.0110168457,22.3199996948
2000-06-13,,,92.7189712524,21.6700000763
2000-06-14,,,92.8759765625,21.4799995422
2000-06-15,,,93.0722961426,20.6800003052
2000-06-16,,,92.3074798584,20.5000000000
2000-06-19,,,93.4881820679,20.6299991608
2000-06-20,,,93.1537017822,20.8799991608
2000-06-21,,,93.1142959595,20.6100006104
2000-06-22,,,91.6975402832,22.0000000000
2000-06-23,,,90.9104461670,22.3400001526
2000-06-26,,,92.0812606812,22.4500007629
2000-06-27,,,91.4023666382,21.7999992371
2000-06-28,,,91.6581726074,20.2900009155
2000-06-29,,,90.7923583984,19.7000007629
2000-06-30,,,91.4811019897,19.5400009155
2000-07-03,,,92.7404785156,19.8299999237
2000-07-05,,,91.0678710938,21.1599998474
2000-07-06,,,91.7762680054,20.9400005341
2000-07-07,,,93.2521209717,19.2199993134
2000-07-10,,,93.0946426392,20.3299999237
2000-07-11,,,93.2914352417,20.1100006104
2000-07-12,,,93.9014511108,20.0300006866
2000-07-13,,,94.3146972656,20.0300006866
2000-07-14,,,95.2395629883,19.3199996948
2000-07-17,,,95.0820465088,19.4500007629
2000-07-18,,,94.3047943115,19.7500000000
2000-07-19,,,93.5472030640,19.6499996185
2000-07-20,,,94.8459701538,18.9400005341
2000-07-21,,,92.9962539673,18.9400005341
2000-07-24,,,92.4649963379,19.9200000763
2000-07-25,,,92.7601165771,19.3899993896
2000-07-26,,,91.8549880981,19.6700000763
2000-07-27,,,91.5401306152,19.6000003815
2000-07-28,,,89.4739456177,20.8400001526
2000-07-31,,,90.0446090698,20.7399997711
2000-08-01,,,90.5955657959,20.5499992371
2000-08-02,,,91.0482025146,20.0000000000
2000-08-03,,,91.6779022217,19.9899997711
2000-08-04,,,92.1698150635,18.6200008392
2000-08-07,,,93.2717208862,19.0300006866
2000-08-08,,,93.6259536743,18.7900009155
2000-08-09,,,92.8388595581,19.1800003052
2000-08-10,,,92.3862686157,19.1900005341
2000-08-11,,,92.8191909790,18.5499992371
2000-08-14,,,93.9998474121,17.8799991608
2000-08-15,,,93.9210586548,17.9799995422
2000-08-16,,,93.5865936279,18.0200004578
2000-08-17,,,94.5704650879,17.4799995422
2000-08-18,,,94.2556457520,17.0499992371
2000-08-21,,,94.7672424316,17.3500003815
2000-08-22,,,94.6098556519,17.4699993134
2000-08-23,,,94.9836807251,17.3799991608
2000-08-24,,,95.2788925171,17.0400009155
2000-08-25,,,95.2395629883,16.5300006866
2000-08-28,,,95.5642166138,16.5400009155
2000-08-29,,,95.5838699341,16.8899993896
2000-08-30,,,94.6688537598,17.6900005341
2000-08-31,,,95.9282760620,16.8400001526
2000-09-01,,,96.0266036987,17.5300006866
2000-09-05,,,95.2591857910,19.8199996948
2000-09-06,,,94.1769256592,20.7900009155
2000-09-07,,,94.9836807251,19.4200000763
2000-09-08,,,94.3343200684,18.4599990845
2000-09-11,,,94.1966094971,18.3999996185
2000-09-12,,,93.5078659058,18.5900001526
2000-09-13,,,93.7538909912,18.3199996948
2000-09-14,,,94.2261047363,18.2600002289
2000-09-15,,,92.1646575928,18.5200004578
2000-09-18,,,91.3164062500,20.2500000000
2000-09-19,,,92.1448898315,19.5400009155
2000-09-20,,,91.4643402100,19.9300003052
2000-09-21,,,90.0736007690,20.1800003052
2000-09-22,,,91.7109146118,20.7399997711
2000-09-25,,,91.0599212646,21.4099998474
2000-09-26,,,89.8960494995,21.8799991608
2000-09-27,,,90.3694305420,21.6700000763
2000-09-28,,,91.5334014893,19.4699993134
2000-09-29,,,90.6654129028,20.5699996948
2000-10-02,,,90.8035049438,21.2299995422
2000-10-03,,,89.9552307129,21.8500003815
2000-10-04,,,90.7048492432,21.5400009155
2000-10-05,,,91.0204696655,21.0300006866
2000-10-06,,,89.0477523804,22.7099990845
2000-10-09,,,88.3770523071,24.0200004578
2000-10-10,,,86.9172668457,24.8600006104
2000-10-11,,,86.1873397827,26.5699996948
2000-10-12,,,84.0371093750,30.5100002289
2000-10-13,,,86.8383407593,27.6000003815
2000-10-16,,,87.2328796387,26.7900009155
2000-10-17,,,85.0629196167,27.8400001526
2000-10-18,,,84.7473220825,28.7199993134
2000-10-19,,,87.9430618286,25.0900001526
2000-10-20,,,88.3179168701,24.2399997711
2000-10-23,,,88.7123870850,24.6900005341
2000-10-24,,,88.1205673218,24.2800006866
2000-10-25,,,86.0492553711,26.6499996185
2000-10-26,,,86.2859878540,28.6200008392
2000-10-27,,,87.9233322144,26.4699993134
2000-10-30,,,88.7123870850,25.4599990845
2000-10-31,,,90.2412338257,23.6299991608
2000-11-01,,,89.9354934692,24.2800006866
2000-11-02,,,90.0833969116,23.9200000763
2000-11-03,,,90.1327438354,23.6700000763
2000-11-06,,,90.7640151978,24.5200004578
2000-11-07,,,90.7442779541,24.9099998474
2000-11-08,,,88.7321243286,25.6599998474
2000-11-09,,,88.3967742920,27.2000007629
2000-11-10,,,86.2465133667,28.5300006866
2000-11-13,,,85.5758209229,29.0599994659
2000-11-14,,,87.8247299194,26.8099994659
2000-11-15,,,88.1008758545,26.1499996185
2000-11-16,,,86.7199630737,25.0499992371
2000-11-17,,,86.2563629150,24.8099994659
2000-11-20,,,85.0234680176,27.4300003052
2000-11-21,,,85.4574813843,26.6200008392
2000-11-22,,,83.4157028198,27.7099990845
2000-11-24,,,85.1220855713,26.0000000000
2000-11-27,,,85.8717269897,26.9300003052
2000-11-28,,,84.3921966553,27.6399993896
2000-11-29,,,84.2343902588,27.4899997711
2000-11-30,,,83.5044860840,29.6499996185
2000-12-01,,,83.4650115967,27.4799995422
2000-12-04,,,84.1752166748,27.7800006866
2000-12-05,,,86.9369812012,24.9899997711
2000-12-06,,,85.5462493896,25.0699996948
2000-12-07,,,84.3724899292,25.3400001526
2000-12-08,,,84.5697555542,22.4099998474
2000-12-11,,,87.5090560913,23.5100002289
2000-12-12,,,87.1342391968,24.8799991608
2000-12-13,,,85.9407653809,23.6299991608
2000-12-14,,,84.8459014893,24.8600006104
2000-12-15,,,82.9295196533,26.5499992371
2000-12-18,,,84.0376052856,27.7000007629
2000-12-19,,,82.3260498047,27.1700000763
2000-12-20,,,79.9416198730,31.7399997711
2000-12-21,,,80.4956588745,29.6599998474
2000-12-22,,,82.9097442627,27.5499992371
2000-12-26,,,83.8001708984,28.7299995422
2000-12-27,,,84.4135818481,28.1399993896
2000-12-28,,,84.6708450317,26.5699996948
2000-12-29,,,83.0680770874,26.8500003815
2001-01-02,,,81.5641937256,29.9899997711
2001-01-03,,,85.4821166992,26.6000003815
2001-01-04,,,84.5620269775,26.9699993134
2001-01-05,,,81.8016662598,28.6700000763
2001-01-08,,,82.4348602295,29.8400001526
2001-01-09,,,82.2171936035,27.9899997711
2001-01-10,,,83.6617050171,26.7999992371
2001-01-11,,,83.7408218384,25.7900009155
2001-01-12,,,83.5825424194,24.5599994659
2001-01-16,,,84.1167831421,25.2800006866
2001-01-17,,,84.5026321411,24.9300003052
2001-01-18,,,85.3436050415,23.3700008392
2001-01-19,,,84.8588256836,23.2399997711
2001-01-22,,,85.4227294922,23.2500000000
2001-01-23,,,86.0955352783,21.5699996948
2001-01-24,,,86.3527755737,22.0300006866
2001-01-25,,,86.1350936890,22.6399993896
2001-01-26,,,86.0361557007,22.5699996948
2001-01-29,,,86.4952468872,22.6100006104
2001-01-30,,,87.2550964355,22.5699996948
2001-01-31,,,86.7611770630,22.0200004578
2001-02-01,,,87.3374328613,21.6599998474
2001-02-02,,,85.3554840088,21.9500007629
2001-02-05,,,85.9823608398,22.1900005341
2001-02-06,,,85.7291183472,21.9799995422
2001-02-07,,,85.2858428955,21.6700000763
2001-02-08,,,84.2917098999,21.4599990845
2001-02-09,,,83.4812240601,22.0300006866
2001-02-12,,,84.4373245239,21.9200000763
2001-02-13,,,83.7471694946,21.3700008392
2001-02-14,,,83.6205215454,21.5200004578
2001-02-15,,,84.4309997559,20.2700004578
2001-02-16,,,82.5694198608,22.1200008392
2001-02-20,,,81.2966537476,24.6900005341
2001-02-21,,,79.5427017212,25.7500000000
2001-02-22,,,79.6630096436,26.7600002289
2001-02-23,,,79.1247711182,27.2099990845
2001-02-26,,,80.8091201782,25.4300003052
2001-02-27,,,80.0619354248,26.4899997711
2001-02-28,,,78.4852752686,28.3500003815
2001-03-01,,,78.8968429565,28.0799999237
2001-03-02,,,78.2699737549,27.4300003052
2001-03-05,,,78.9854812622,27.1200008392
2001-03-06,,,79.8339920044,25.8899993896
2001-03-07,,,80.4038772583,24.1200008392
2001-03-08,,,80.4925079346,24.2900009155
2001-03-09,,,78.1116561890,25.6200008392
2001-03-12,,,74.7683792114,30.3199996948
2001-03-13,,,75.9967651367,27.5499992371
2001-03-14,,,74.4960861206,29.6100006104
2001-03-15,,,74.5150985718,28.5599994659
2001-03-16,,,73.0205307007,29.9099998474
2001-03-19,,,74.5062026978,29.7800006866
2001-03-20,,,72.5062408447,30.9599990845
2001-03-21,,,71.2745437622,31.9300003052
2001-03-22,,,70.5507278442,32.8400001526
2001-03-23,,,72.6840438843,30.4500007629
2001-03-26,,,73.6109771729,29.0400009155
2001-03-27,,,75.1157226562,27.0400009155
2001-03-28,,,73.0395736694,28.5799999237
2001-03-29,,,73.3189392090,29.1700000763
2001-03-30,,,74.0871810913,28.6399993896
2001-04-02,,,72.5062408447,31.2099990845
2001-04-03,,,70.0872802734,34.7200012207
2001-04-04,,,70.3793182373,34.0699996948
2001-04-05,,,73.0459136963,29.9400005341
2001-04-06,,,71.9348297119,31.6900005341
2001-04-09,,,72.7347869873,31.9099998474
2001-04-10,,,74.0617599487,29.4400005341
2001-04-11,,,74.1125411987,28.4599990845
2001-04-12,,,75.4585723877,26.1200008392
2001-04-16,,,74.6649017334,26.3299999237
2001-04-17,,,75.7188491821,25.6100006104
2001-04-18,,,78.7283325195,24.1299991608
2001-04-19,,,79.7759323120,24.1599998474
2001-04-20,,,79.0457611084,25.3799991608
2001-04-23,,,77.6109008789,28.1599998474
2001-04-24,,,77.1918563843,28.4899997711
2001-04-25,,,78.2013244629,27.3999996185
2001-04-26,,,78.5505599976,25.9599990845
2001-04-27,,,79.8584594727,24.0200004578
2001-04-30,,,80.4171524048,25.4799995422
2001-05-01,,,80.6647720337,24.2000007629
2001-05-02,,,80.5187530518,24.2299995422
2001-05-03,,,79.4965667725,25.7800006866
2001-05-04,,,80.8489456177,23.9099998474
2001-05-07,,,80.1505126953,24.8600006104
2001-05-08,,,80.1124267578,24.4400005341
2001-05-09,,,79.7759323120,24.3500003815
2001-05-10,,,80.0108337402,24.0000000000
2001-05-11,,,79.4584732056,23.5400009155
2001-05-14,,,79.6171798706,24.2600002289
2001-05-15,,,79.9854660034,23.7099990845
2001-05-16,,,81.8710937500,21.8899993896
2001-05-17,,,81.9980773926,21.4699993134
2001-05-18,,,82.3727035522,21.2299995422
2001-05-21,,,83.5853500366,20.7600002289
2001-05-22,,,83.4774169922,21.3500003815
2001-05-23,,,82.0615615845,22.0799999237
2001-05-24,,,82.3028640747,20.5699996948
2001-05-25,,,81.3314437866,20.6000003815
2001-05-29,,,80.6838226318,22.1399993896
2001-05-30,,,79.5536804199,22.7600002289
2001-05-31,,,79.9664001465,22.6399993896
2001-06-01,,,80.4616088867,21.5900001526
2001-06-04,,,80.8489456177,21.3799991608
2001-06-05,,,81.7758941650,19.5799999237
2001-06-06,,,81.0965118408,20.3899993896
2001-06-07,,,81.3885879517,19.6700000763
2001-06-08,,,80.6329879761,19.9200000763
2001-06-11,,,80.0616378784,20.7000007629
2001-06-12,,,79.9219436646,20.7000007629
2001-06-13,,,79.2362518311,21.4500007629
2001-06-14,,,77.4584884644,23.1200008392
2001-06-15,,,77.5833282471,22.8099994659
2001-06-18,,,77.2076263428,23.1700000763
2001-06-19,,,77.5451049805,22.3400001526
2001-06-20,,,77.9525985718,21.7099990845
2001-06-21,,,78.8376235962,19.3799991608
2001-06-22,,,78.2200317383,20.0200004578
2001-06-25,,,77.5005416870,20.6700000763
2001-06-26,,,77.3922348022,21.2000007629
2001-06-27,,,77.3477172852,20.8799991608
2001-06-28,,,77.7743453979,20.0100002289
2001-06-29,,,78.0608520508,19.0599994659
2001-07-02,,,79.0350189209,18.7600002289
2001-07-03,,,79.0159149170,18.9200000763
2001-07-05,,,77.4750671387,20.0900001526
2001-07-06,,,75.8005371094,21.6299991608
2001-07-09,,,76.2143783569,22.4799995422
2001-07-10,,,75.2975234985,23.2500000000
2001-07-11,,,75.3739242554,24.0100002289
2001-07-12,,,77.1630706787,22.0900001526
2001-07-13,,,77.8316345215,21.1399993896
2001-07-16,,,76.8574829102,22.9099998474
2001-07-17,,,77.5769119263,22.6100006104
2001-07-18,,,77.0484695435,23.6000003815
2001-07-19,,,77.7233734131,22.5100002289
2001-07-20,,,77.2585678101,22.3400001526
2001-07-23,,,75.7368469238,23.7399997711
2001-07-24,,,75.0046081543,25.2399997711
2001-07-25,,,75.8323898315,24.0000000000
2001-07-26,,,76.6282272339,23.0100002289
2001-07-27,,,76.9211349487,22.0000000000
2001-07-30,,,76.9465637207,22.6900005341
2001-07-31,,,77.2649383545,21.6200008392
2001-08-01,,,77.7488708496,20.5599994659
2001-08-02,,,78.0671997070,20.0900001526
2001-08-03,,,77.6406097412,19.8899993896
2001-08-06,,,76.5963973999,21.8899993896
2001-08-07,,,76.8956298828,21.0100002289
2001-08-08,,,75.4694290161,22.3199996948
2001-08-09,,,75.6922836304,21.7500000000
2001-08-10,,,75.9533386230,20.5499992371
2001-08-13,,,75.9724273682,20.4200000763
2001-08-14,,,75.9406127930,20.4799995422
2001-08-15,,,75.2847595215,20.9099998474
2001-08-16,,,75.5458374023,21.5400009155
2001-08-17,,,74.3360595703,23.8400001526
2001-08-20,,,75.0237350464,22.8700008392
2001-08-21,,,73.7439193726,24.3999996185
2001-08-22,,,74.5080108643,22.4400005341
2001-08-23,,,74.2405853271,22.2299995422
2001-08-24,,,75.7814331055,19.7099990845
2001-08-27,,,75.3293380737,20.5599994659
2001-08-28,,,74.2278137207,22.0000000000
2001-08-29,,,73.5656661987,23.0300006866
2001-08-30,,,72.1521530151,25.4099998474
2001-08-31,,,72.6806106567,24.9200000763
2001-09-04,,,72.2158126831,25.8500003815
2001-09-05,,,72.3940811157,26.3500003815
2001-09-06,,,70.5285339355,28.6100006104
2001-09-07,,,69.2232971191,30.9899997711
2001-09-10,,,70.0701141357,31.8400001526
2001-09-17,,,66.4090194702,41.7599983215
2001-09-18,,,66.2498321533,38.8699989319
2001-09-19,,,64.9127273560,40.5600013733
2001-09-20,,,62.8498001099,43.7400016785
2001-09-21,,,62.1717262268,42.6599998474
2001-09-24,,,64.3574829102,37.7500000000
2001-09-25,,,65.0285263062,35.8100013733
2001-09-26,,,64.7984008789,35.2599983215
2001-09-27,,,65.3608322144,34.0000000000
2001-09-28,,,66.7476730347,31.9300003052
2001-10-01,,,66.6390151978,32.3199996948
2001-10-02,,,67.4762420654,31.1800003052
2001-10-03,,,68.6074676514,31.3400001526
2001-10-04,,,68.6650085449,31.9699993134
2001-10-05,,,68.5307617188,33.3899993896
2001-10-08,,,68.0834045410,35.1199989319
2001-10-09,,,67.7190933228,34.8300018311
2001-10-10,,,69.2274093628,31.6000003815
2001-10-11,,,70.3010864258,31.5000000000
2001-10-12,,,69.9815444946,35.2700004578
2001-10-15,,,69.8536987305,35.3100013733
2001-10-16,,,70.2947158813,32.8800010681
2001-10-17,,,68.7991867065,35.0800018311
2001-10-18,,,68.6521987915,34.9500007629
2001-10-19,,,68.6074676514,34.1100006104
2001-10-22,,,69.9623413086,32.2500000000
2001-10-23,,,69.6044464111,32.0000000000
2001-10-24,,,69.4191055298,30.9500007629
2001-10-25,,,70.6653671265,29.4599990845
2001-10-26,,,70.5055694580,28.4200000763
2001-10-29,,,68.6713562012,31.6399993896
2001-10-30,,,67.8469314575,33.4599990845
2001-10-31,,,67.6168594360,33.5600013733
2001-11-01,,,69.3488082886,32.3100013733
2001-11-02,,,69.8217086792,30.7099990845
2001-11-05,,,70.7356338501,30.5000000000
2001-11-06,,,71.8349304199,28.7999992371
2001-11-07,,,71.7390747070,29.1299991608
2001-11-08,,,71.9627075195,28.6200008392
2001-11-09,,,72.0394439697,27.4400005341
2001-11-12,,,71.5984497070,29.3500003815
2001-11-13,,,73.2089843750,26.4699993134
2001-11-14,,,73.2792816162,26.5599994659
2001-11-15,,,73.4135131836,25.5599994659
2001-11-16,,,73.0875625610,25.0699996948
2001-11-19,,,73.9886856079,24.4599990845
2001-11-20,,,73.3687744141,24.1200008392
2001-11-21,,,72.8830566406,24.1900005341
2001-11-23,,,73.9311676025,23.2500000000
2001-11-26,,,74.0909271240,23.7900009155
2001-11-27,,,73.7713928223,24.0000000000
2001-11-28,,,72.4356765747,25.8999996185
2001-11-29,,,73.4135131836,25.1800003052
2001-11-30,,,72.8894271851,23.8400001526
2001-12-03,,,72.4548568726,25.7700004578
2001-12-04,,,73.6819076538,24.0799999237
2001-12-05,,,75.0304336548,23.0200004578
2001-12-06,,,74.9920578003,23.7099990845
2001-12-07,,,74.4935684204,23.4899997711
2001-12-10,,,73.1002883911,25.6200008392
2001-12-11,,,72.9533233643,25.2999992371
2001-12-12,,,73.0364379883,24.8700008392
2001-12-13,,,71.6175918579,25.9099998474
2001-12-14,,,72.3014297485,24.6299991608
2001-12-17,,,73.0491943359,24.2600002289
2001-12-18,,,73.4838180542,23.2900009155
2001-12-19,,,74.0014572144,22.5799999237
2001-12-20,,,73.2728958130,23.6700000763
2001-12-21,,,73.7173309326,22.5000000000
2001-12-24,,,73.5762481689,22.6200008392
2001-12-26,,,73.9802246094,22.2900009155
2001-12-27,,,74.4291229248,21.5900001526
2001-12-28,,,74.3906860352,21.3999996185
2001-12-31,,,73.3004913330,23.7999992371
2002-01-02,,,74.0892868042,22.7099990845
2002-01-03,,,74.9293746948,21.3400001526
2002-01-04,,,75.4296035767,20.4500007629
2002-01-07,,,74.8973159790,21.9400005341
2002-01-08,,,74.7241516113,21.8299999237
2002-01-09,,,74.1148986816,22.1299991608
2002-01-10,,,74.4419708252,22.3600006104
2002-01-11,,,73.7108612061,22.6000003815
2002-01-14,,,73.2491226196,23.5799999237
2002-01-15,,,73.8455505371,22.7000007629
2002-01-16,,,72.3513336182,23.4500007629
2002-01-17,,,72.8964309692,22.2500000000
2002-01-18,,,72.5629806519,22.5200004578
2002-01-22,,,72.0627593994,23.6100006104
2002-01-23,,,72.6142730713,21.8799991608
2002-01-24,,,72.8387069702,21.1499996185
2002-01-25,,,72.8194961548,21.0100002289
2002-01-28,,,73.0183105469,21.1399993896
2002-01-29,,,70.7224273682,24.3500003815
2002-01-30,,,71.7421112061,23.2199993134
2002-01-31,,,72.5822143555,21.0900001526
2002-02-01,,,72.2423248291,21.1200008392
2002-02-04,,,70.4466934204,24.8700008392
2002-02-05,,,70.0106048584,25.4500007629
2002-02-06,,,69.7091903687,26.0900001526
2002-02-07,,,69.2730865479,25.1100006104
2002-02-08,,,70.6006240845,23.2600002289
2002-02-11,,,71.4663467407,21.7800006866
2002-02-12,,,71.2418594360,21.6200008392
2002-02-13,,,71.9986190796,20.8500003815
2002-02-14,,,71.8639526367,21.7700004578
2002-02-15,,,71.1136627197,22.3700008392
2002-02-19,,,69.7476882935,24.4300003052
2002-02-20,,,70.9212341309,22.6599998474
2002-02-21,,,69.4526672363,23.7999992371
2002-02-22,,,70.3120269775,22.8600006104
2002-02-25,,,71.4727706909,21.8400001526
2002-02-26,,,71.3252792358,21.6800003052
2002-02-27,,,71.6010055542,21.4899997711
2002-02-28,,,71.2803649902,21.5900001526
2002-03-01,,,72.9413223267,19.9599990845
2002-03-04,,,74.2303085327,20.5000000000
2002-03-05,,,73.9930801392,20.2999992371
2002-03-06,,,74.8716201782,19.9400005341
2002-03-07,,,74.7113037109,20.0400009155
2002-03-08,,,75.0255508423,19.2700004578
2002-03-11,,,75.1858520508,19.8400001526
2002-03-12,,,75.1409988403,19.5900001526
2002-03-13,,,74.4163436890,19.4599990845
2002-03-14,,,74.3136596680,19.2000007629
2002-03-15,,,75.0218048096,18.4200000763
2002-03-18,,,75.0346679688,18.9300003052
2002-03-19,,,75.5363159180,18.1599998474
2002-03-20,,,74.1149826050,18.4599990845
2002-03-21,,,74.1471252441,18.1499996185
2002-03-22,,,73.9863433838,17.7700004578
2002-03-25,,,73.0666732788,18.4799995422
2002-03-26,,,73.4911422729,18.1299991608
2002-03-27,,,73.6840744019,17.7000007629
2002-03-28,,,73.6519470215,17.3999996185
2002-04-01,,,73.6840744019,18.7299995422
2002-04-02,,,73.2789001465,19.1599998474
2002-04-03,,,72.7643890381,20.2000007629
2002-04-04,,,72.4621429443,19.7800006866
2002-04-05,,,72.4750289917,19.1299991608
2002-04-08,,,72.6293334961,19.6100006104
2002-04-09,,,72.1212768555,19.4699993134
2002-04-10,,,72.9380340576,18.1900005341
2002-04-11,,,71.1243820190,20.2999992371
2002-04-12,,,71.6581878662,19.4200000763
2002-04-15,,,71.1115264893,19.8199996948
2002-04-16,,,72.8029861450,18.1100006104
2002-04-17,,,72.6486282349,18.4300003052
2002-04-18,,,72.3335037231,19.2900009155
2002-04-19,,,72.5971832275,18.2999992371
2002-04-22,,,71.3880920410,19.7700004578
2002-04-23,,,71.0793533325,20.2800006866
2002-04-24,,,70.3655471802,20.7700004578
2002-04-25,,,70.4040908813,20.9500007629
2002-04-26,,,69.0663681030,22.1399993896
2002-04-29,,,68.7255096436,24.0499992371
2002-04-30,,,69.3686523438,21.9099998474
2002-05-01,,,70.2175827026,20.0599994659
2002-05-02,,,69.9474563599,20.0699996948
2002-05-03,,,69.1885681152,20.1900005341
2002-05-06,,,67.8315658569,22.5599994659
2002-05-07,,,67.5935745239,21.9400005341
2002-05-08,,,70.1082839966,20.3899993896
2002-05-09,,,69.2978897095,21.5599994659
2002-05-10,,,67.9923553467,22.4099998474
2002-05-13,,,69.3750762939,20.7199993134
2002-05-14,,,70.8864364624,19.3500003815
2002-05-15,,,70.6099014282,19.1900005341
2002-05-16,,,70.9764709473,18.5000000000
2002-05-17,,,71.3237762451,17.7000007629
2002-05-20,,,70.5519943237,19.2399997711
2002-05-21,,,69.9088821411,20.0499992371
2002-05-22,,,70.0631637573,19.5799999237
2002-05-23,,,70.8092651367,18.2299995422
2002-05-24,,,69.9024581909,18.8999996185
2002-05-28,,,69.5230178833,20.3099994659
2002-05-29,,,69.0084762573,20.3899993896
2002-05-30,,,68.8155364990,20.6100006104
2002-05-31,,,68.9570236206,19.9799995422
2002-06-03,,,67.1240692139,23.3700008392
2002-06-04,,,67.2913208008,23.8899993896
2002-06-05,,,67.9215850830,22.6100006104
2002-06-06,,,66.5388565063,24.1599998474
2002-06-07,,,66.4616851807,23.5100002289
2002-06-10,,,66.7189331055,23.7199993134
2002-06-11,,,65.5741119385,24.4500007629
2002-06-12,,,65.9728775024,24.1499996185
2002-06-13,,,65.3104248047,25.0200004578
2002-06-14,,,65.2139816284,25.9599990845
2002-06-17,,,66.9633178711,24.6399993896
2002-06-18,,,67.5099868774,24.2399997711
2002-06-19,,,65.9343109131,26.0599994659
2002-06-20,,,65.0917739868,27.4799995422
2002-06-21,,,64.0739898682,27.2299995422
2002-06-24,,,64.4096527100,26.9799995422
2002-06-25,,,62.9639320374,27.8400001526
2002-06-26,,,63.0671730042,28.4200000763
2002-06-27,,,64.1708068848,26.2900009155
2002-06-28,,,63.8674850464,25.3999996185
2002-07-01,,,62.6218948364,27.1100006104
2002-07-02,,,61.2924003601,28.9599990845
2002-07-03,,,61.6409416199,29.4200000763
2002-07-05,,,64.0933761597,27.1100006104
2002-07-08,,,63.2931060791,28.2500000000
2002-07-09,,,61.6989936829,30.2199993134
2002-07-10,,,59.4530296326,34.0999984741
2002-07-11,,,59.9370803833,33.8499984741
2002-07-12,,,59.2787551880,32.9399986267
2002-07-15,,,59.5950164795,35.0299987793
2002-07-16,,,58.4462432861,36.6500015259
2002-07-17,,,58.5624351501,35.4500007629
2002-07-18,,,56.6649703979,35.1199989319
2002-07-19,,,54.6707153320,38.1699981689
2002-07-22,,,53.0508041382,41.8699989319
2002-07-23,,,51.5987052917,44.9199981689
2002-07-24,,,54.6772041321,39.8600006104
2002-07-25,,,54.2125396729,39.2700004578
2002-07-26,,,55.2451171875,35.5099983215
2002-07-29,,,57.9363899231,31.3299999237
2002-07-30,35.6918907166,,58.6914939880,31.9200000763
2002-07-31,36.1341247559,,58.8335037231,32.0299987793
2002-08-01,36.3399085999,,57.2974510193,36.9500007629
2002-08-02,36.7120208740,,56.0131416321,41.2900009155
2002-08-05,36.8740501404,,54.0640602112,45.0800018311
2002-08-06,36.5587921143,,55.8840599060,42.0299987793
2002-08-07,36.6463851929,,56.8586006165,38.7299995422
2002-08-08,36.6463851929,,58.6979408264,36.3300018311
2002-08-09,37.1630401611,,58.9173851013,35.3300018311
2002-08-12,37.3906707764,,58.4849357605,37.0499992371
2002-08-13,37.8504066467,,57.4200782776,35.8199996948
2002-08-14,37.9948844910,,59.5175437927,32.3600006104
2002-08-15,37.6621246338,,60.3436965942,29.4300003052
2002-08-16,37.2418174744,,60.1629638672,28.8099994659
2002-08-19,37.3556404114,,61.5699081421,28.6100006104
2002-08-20,37.7715644836,,60.9180603027,29.5900001526
2002-08-21,37.5701789856,,61.7958030701,28.2299995422
2002-08-22,37.2418174744,,62.3960113525,27.7500000000
2002-08-23,37.6095657349,,61.0535926819,29.3199996948
2002-08-26,37.6446418762,,61.4795570374,29.8899993896
2002-08-27,37.4081993103,,60.7696495056,30.1100006104
2002-08-28,37.5964546204,,59.4401359558,33.3199996948
2002-08-29,37.8985366821,,59.4659690857,33.6699981689
2002-08-30,38.1262397766,,59.2336082458,32.6399993896
2002-09-03,38.7123527527,,56.9747428894,39.9700012207
2002-09-04,38.7035713196,,57.7879524231,37.4399986267
2002-09-05,38.9146575928,,57.2974510193,38.8600006104
2002-09-06,38.4573326111,,58.0848236084,36.3300018311
2002-09-09,38.4001655579,,58.5107955933,36.4500007629
2002-09-10,38.5848426819,,59.1819915771,35.0800018311
2002-09-11,38.3826141357,,58.8141059875,34.8100013733
2002-09-12,38.6815528870,,57.7298774719,37.5000000000
2002-09-13,39.0377464294,,57.8718338013,35.8199996948
2002-09-16,39.1037597656,,58.0138244629,36.7400016785
2002-09-17,39.1784515381,,56.6843376160,38.0099983215
2002-09-18,39.1872482300,,56.1164093018,37.5200004578
2002-09-19,39.4510955811,,54.6642570496,40.6500015259
2002-09-20,39.2664184570,,54.6824073792,38.9799995422
2002-09-23,39.6182174683,,54.2351303101,39.6800003052
2002-09-24,39.8732261658,,53.3599510193,40.5200004578
2002-09-25,39.3895072937,,54.6824073792,37.3300018311
2002-09-26,39.2971839905,,55.5770645142,34.5999984741
2002-09-27,39.5918159485,,53.6451797485,36.9700012207
2002-09-30,39.7501029968,,53.0228347778,39.6899986267
2002-10-01,39.2570343018,,55.5705718994,34.1199989319
2002-10-02,39.4821815491,,53.9044914246,36.8300018311
2002-10-03,39.3850593567,,53.3599510193,37.3100013733
2002-10-04,39.5086669922,,52.3810348511,39.4599990845
2002-10-07,39.5748558044,,51.2984085083,42.6399993896
2002-10-08,39.5881195068,,52.1022682190,41.0200004578
2002-10-09,39.7911453247,,50.6306686401,42.1300010681
2002-10-10,39.4777679443,,52.2708053589,37.5499992371
2002-10-11,39.0098876953,,54.5592689514,35.7000007629
2002-10-14,38.9525032043,,54.8639450073,36.0400009155
2002-10-15,38.0299873352,,57.5024337769,34.0200004578
2002-10-16,38.0476531982,,56.1086196899,36.0000000000
2002-10-17,37.5842056274,,57.2237014771,34.0999984741
2002-10-18,37.6813087463,,57.4635353088,33.5299987793
2002-10-21,37.3149452209,,58.4553947449,33.1100006104
2002-10-22,37.2089843750,,58.0340423584,34.0900001526
2002-10-23,37.2222862244,,58.4748649597,33.2000007629
2002-10-24,37.5488815308,,57.2820243835,34.0299987793
2002-10-25,37.6857299805,,58.4748649597,30.0000000000
2002-10-28,37.6327476501,,58.0923767090,31.0699996948
2002-10-29,38.1226921082,,57.4181938171,32.2700004578
2002-10-30,38.1094932556,,57.9756965637,31.2299995422
2002-10-31,38.2815933228,,57.3857536316,31.1399993896
2002-11-01,38.1215667725,,58.5202636719,29.2999992371
2002-11-04,37.9530754089,,59.0777511597,30.8199996948
2002-11-05,37.8067550659,,59.5444946289,31.2299995422
2002-11-06,37.9574661255,,60.3159828186,30.7299995422
2002-11-07,38.8974494934,,58.8378944397,31.4200000763
2002-11-08,39.2122230530,,58.1182861328,29.4099998474
2002-11-11,39.4250755310,,57.2172317505,31.2999992371
2002-11-12,39.1989402771,,57.6710090637,30.5799999237
2002-11-13,39.2831611633,,57.7293510437,31.2399997711
2002-11-14,38.4673767090,,58.8184356689,28.6700000763
2002-11-15,38.6225471497,,59.2527999878,26.6499996185
2002-11-18,38.7954826355,,58.6563987732,27.6599998474
2002-11-19,38.9373512268,,58.5785675049,27.4099998474
2002-11-20,38.5560455322,,59.8816337585,25.3199996948
2002-11-21,38.1836128235,,60.9967002869,23.8099994659
2002-11-22,38.1481513977,,60.5623168945,23.1599998474
2002-11-25,38.0772018433,,60.6012268066,24.0699996948
2002-11-26,38.5560455322,,59.4472961426,25.9699993134
2002-11-27,37.6870307922,,61.1198501587,27.2500000000
2002-11-29,37.9308738708,,60.9253578186,27.5000000000
2002-12-02,37.9660987854,,61.0226058960,27.4599990845
2002-12-03,38.0194854736,,60.2057723999,28.3299999237
2002-12-04,38.2154922485,,59.9334983826,28.9200000763
2002-12-05,38.3134918213,,59.2722740173,30.1000003815
2002-12-06,38.3803253174,,59.6611862183,28.8799991608
2002-12-09,38.5940513611,,58.0210494995,30.7800006866
2002-12-10,38.6965370178,,58.7989768982,28.7600002289
2002-12-11,38.9548950195,,58.8508720398,27.7600002289
2002-12-12,38.9192390442,,58.8443794250,27.2900009155
2002-12-13,38.5406265259,,57.9173583984,28.1800003052
2002-12-16,38.2511329651,,59.4148674011,26.2399997711
2002-12-17,38.2511329651,,58.8962440491,26.6599998474
2002-12-18,38.5495529175,,58.2155418396,28.2900009155
2002-12-19,38.8924980164,,57.8006401062,30.2099990845
2002-12-20,38.9192390442,,58.6254081726,26.7099990845
2002-12-23,38.9281272888,,58.6449317932,26.2000007629
2002-12-24,39.1463851929,,58.2084541321,26.4899997711
2002-12-26,39.2220954895,,58.2345428467,27.3700008392
2002-12-27,39.6541786194,,56.9250946045,29.5499992371
2002-12-30,39.7476654053,,57.4006652832,29.6200008392
2002-12-31,39.6474037170,,57.4788360596,28.6200008392
2003-01-02,38.6223106384,,59.3289947510,25.3899993896
2003-01-03,38.7118339539,,59.5113906860,24.6800003052
2003-01-06,38.6088447571,,60.5602569580,24.9099998474
2003-01-07,38.7476425171,,60.4104232788,25.1299991608
2003-01-08,38.9401168823,,59.5374450684,25.5300006866
2003-01-09,38.1925849915,,60.4625244141,24.2500000000
2003-01-10,38.2910346985,,60.6254081726,24.3199996948
2003-01-13,38.3537178040,,60.6058578491,24.8999996185
2003-01-14,38.4880332947,,60.8013076782,24.5699996948
2003-01-15,38.6760406494,,60.1954231262,25.5100002289
2003-01-16,38.7297286987,,59.9478645325,25.0100002289
2003-01-17,38.9222373962,,59.0619049072,25.7000007629
2003-01-21,39.1460113525,,58.1433258057,27.5900001526
2003-01-22,39.3385238647,,57.4397583008,29.0100002289
2003-01-23,39.1460113525,,57.7915649414,27.5300006866
2003-01-24,39.3788299561,,56.2736206055,31.5100002289
2003-01-27,39.2355613708,,55.5049018860,34.6899986267
2003-01-28,39.2355613708,,55.9153213501,31.9300003052
2003-01-29,39.0207061768,,56.3387756348,31.2600002289
2003-01-30,39.3116836548,,55.0032463074,31.3199996948
2003-01-31,39.4190979004,,56.0651321411,31.1700000763
2003-02-03,39.4766006470,,56.1759147644,31.0200004578
2003-02-04,39.6518096924,,55.6221656799,32.7599983215
2003-02-05,39.3103981018,,55.2768669128,33.0400009155
2003-02-06,39.6293449402,,55.0163078308,33.3499984741
2003-02-07,39.7191772461,,54.3452949524,34.0099983215
2003-02-10,39.4406890869,,54.7296600342,33.9900016785
2003-02-11,39.4316520691,,54.3518066406,33.6800003052
2003-02-12,39.5709342957,,53.4853439331,34.3300018311
2003-02-13,39.7865715027,,53.6482086182,33.7000007629
2003-02-14,39.4452095032,,54.8208580017,32.6199989319
2003-02-18,39.4945678711,,55.7849884033,31.1100006104
2003-02-19,39.7641067505,,55.4918556213,31.3099994659
2003-02-20,39.8988800049,,54.9381141663,31.1599998474
2003-02-21,39.6652412415,,55.4918556213,30.2500000000
2003-02-24,39.8539428711,,54.5928153992,31.9799995422
2003-02-25,40.0381011963,,55.0293159485,31.7399997711
2003-02-26,40.3166122437,,54.2279891968,31.9400005341
2003-02-27,40.3839874268,,54.9446182251,30.5300006866
2003-02-28,40.6400489807,,55.3094596863,29.6299991608
2003-03-03,40.6896705627,,54.7817687988,30.4300003052
2003-03-04,40.7167358398,,53.9087982178,31.8299999237
2003-03-05,40.8519973755,,54.3648300171,30.3799991608
2003-03-06,40.6942100525,,53.9087982178,31.3700008392
2003-03-07,40.8339653015,,54.2801589966,31.0799999237
2003-03-10,41.0458946228,,52.9772186279,33.3100013733
2003-03-11,40.9737434387,,52.4560356140,33.6100006104
2003-03-12,41.1225204468,,52.8078041077,33.5099983215
2003-03-13,40.3650016785,,54.6319046021,31.7600002289
2003-03-14,40.5633773804,,54.8078498840,30.9799995422
2003-03-17,40.0764160156,,56.5341873169,31.7500000000
2003-03-18,39.6976623535,,56.8664398193,30.4300003052
2003-03-19,39.4045944214,,57.3029289246,31.5400009155
2003-03-20,39.3414306641,,57.4267234802,30.4400005341
2003-03-21,38.8003845215,,58.6524734497,28.6700000763
2003-03-24,39.4135742188,,56.7033004761,30.3899993896
2003-03-25,39.3684997559,,57.2461814880,28.7500000000
2003-03-26,39.4496726990,,56.9584045410,28.2299995422
2003-03-27,39.4767112732,,57.0041542053,27.9599990845
2003-03-28,39.5669441223,,56.7163505554,27.7500000000
2003-03-31,40.0854568481,,55.4278068542,29.1499996185
2003-04-01,39.9713325500,,56.2781448364,28.3600006104
2003-04-02,39.5547447205,,57.6386375427,28.0200004578
2003-04-03,39.5321083069,,57.3639297485,28.2099990845
2003-04-04,39.4188575745,,57.7040367126,29.1299991608
2003-04-07,39.3283233643,,57.5928840637,28.4500007629
2003-04-08,39.6452713013,,57.6844406128,27.1299991608
2003-04-09,39.7630767822,,56.9256706238,27.1100006104
2003-04-10,39.5773887634,,57.2396469116,25.6000003815
2003-04-11,39.5139656067,,57.0041542053,24.4400005341
2003-04-14,39.4053115845,,58.1815185547,23.4099998474
2003-04-15,39.6181297302,,58.7244224548,22.5599994659
2003-04-16,39.7811431885,,57.7236595154,22.5200004578
2003-04-17,39.8445243835,,58.5805320740,21.5000000000
2003-04-21,39.7585067749,,58.6393775940,21.9500007629
2003-04-22,39.7358703613,,59.7448081970,20.7000007629
2003-04-23,39.8173599243,,60.2942619324,20.7999992371
2003-04-24,40.1751289368,,59.7579002380,20.3299999237
2003-04-25,40.2656898499,,59.0187988281,20.7999992371
2003-04-28,40.2022552490,,60.0391426086,20.8400001526
2003-04-29,40.1343269348,,60.2484855652,20.7600002289
2003-04-30,40.5056838989,,60.1176452637,21.2099990845
2003-05-01,40.5252304077,,60.1111030579,21.5900001526
2003-05-02,40.2065467834,,60.9679565430,20.6299991608
2003-05-05,40.4205322266,,60.8502388000,21.1299991608
2003-05-06,40.6208496094,,61.4258270264,20.7999992371
2003-05-07,41.0942802429,,61.0856933594,21.0000000000
2003-05-08,41.1944427490,,60.4708557129,21.2399997711
2003-05-09,41.2354316711,,61.3080863953,19.6900005341
2003-05-12,41.4948959351,,62.0602684021,19.5200004578
2003-05-13,41.5859718323,,61.9491233826,19.9099998474
2003-05-14,42.2232818604,,61.8182983398,20.0000000000
2003-05-15,42.3553047180,,62.2107276917,19.2399997711
2003-05-16,42.6648788452,,62.0537605286,18.3999996185
2003-05-19,42.5192222595,,60.6016731262,20.5100002289
2003-05-20,43.1474609375,,60.4773864746,21.2900009155
2003-05-21,43.1428947449,,60.6016731262,21.2099990845
2003-05-22,43.5252876282,,61.2034683228,19.7800006866
2003-05-23,43.6345558167,,61.3277206421,19.1700000763
2003-05-27,42.8469505310,,62.4004364014,19.9899997711
2003-05-28,42.7740974426,,62.5770530701,20.0300006866
2003-05-29,43.1474609375,,62.4134902954,20.4300003052
2003-05-30,43.0655059814,,63.4142684937,19.4699993134
2003-06-02,42.7491149902,,63.6758956909,20.8500003815
2003-06-03,43.0919761658,,63.9375495911,20.8400001526
2003-06-04,43.2200050354,,64.8598556519,20.6200008392
2003-06-05,42.8817176819,,65.1802978516,20.8299999237
2003-06-06,43.0371398926,,64.9252395630,21.2500000000
2003-06-09,43.3251609802,,64.2646255493,22.1499996185
2003-06-10,43.8417510986,,64.9187011719,20.6399993896
2003-06-11,43.7868881226,,65.6055068970,20.2099990845
2003-06-12,44.1297645569,,65.8082504272,20.4099998474
2003-06-13,44.4268951416,,65.1214523315,20.6599998474
2003-06-16,44.0063247681,,66.4950561523,20.2199993134
2003-06-17,43.6588935852,,66.4950561523,20.0100002289
2003-06-18,43.1011276245,,66.4361877441,19.7600002289
2003-06-19,43.0188446045,,65.4223480225,19.7999992371
2003-06-20,42.8588333130,,65.2779083252,19.1399993896
2003-06-23,43.1148414612,,64.6083221436,20.5799999237
2003-06-24,43.5126075745,,64.6739349365,20.7500000000
2003-06-25,42.8176956177,,64.0241088867,20.8099994659
2003-06-26,42.2416801453,,64.8577880859,19.3999996185
2003-06-27,42.0907974243,,64.1094284058,19.1599998474
2003-06-30,42.2873840332,,64.0897140503,19.5200004578
2003-07-01,42.0777091980,,64.6805572510,19.4599990845
2003-07-02,42.1832351685,,65.4945297241,19.0300006866
2003-07-03,41.5774612427,,64.8184051514,19.3899993896
2003-07-07,41.3112831116,,66.1050491333,20.0599994659
2003-07-08,41.3479957581,,66.4004516602,19.4799995422
2003-07-09,41.4810791016,,66.0262680054,18.9300003052
2003-07-10,41.4673156738,,65.1860427856,19.1900005341
2003-07-11,41.6646652222,,65.8030776978,18.4699993134
2003-07-14,41.1873550415,,66.1247177124,19.5900001526
2003-07-15,40.2236557007,,65.9803466797,19.5499992371
2003-07-16,40.4531135559,,65.5930404663,19.7600002289
2003-07-17,40.3291969299,,64.6608734131,20.2199993134
2003-07-18,40.2465972900,,65.3238525391,19.1100006104
2003-07-21,39.3930168152,,64.5164260864,19.7800006866
2003-07-22,39.5857620239,,65.1006698608,19.1700000763
2003-07-23,39.7188796997,,65.1466293335,18.6399993896
2003-07-24,39.3700904846,,64.6543045044,18.6000003815
2003-07-25,39.2645263672,,65.7964935303,17.7500000000
2003-07-28,38.7367706299,,65.5536270142,18.3600006104
2003-07-29,38.2090377808,,65.2516403198,18.6700000763
2003-07-30,38.6403846741,,65.0941390991,18.8500003815
2003-07-31,38.0667610168,,65.2450866699,19.4899997711
2003-08-01,38.0381965637,,64.6674270630,20.7500000000
2003-08-04,38.3654975891,,64.6674270630,21.2700004578
2003-08-05,37.8169059753,,63.2954177856,22.6800003052
2003-08-06,38.5637474060,,63.6630363464,21.5000000000
2003-08-07,38.7251091003,,64.3326263428,20.2600002289
2003-08-08,38.5683860779,,64.5164260864,19.5900001526
2003-08-11,38.3747253418,,64.7593231201,19.7500000000
2003-08-12,38.1949119568,,65.3501052856,17.9400005341
2003-08-13,37.4573211670,,65.0153732300,18.7700004578
2003-08-14,37.8261184692,,65.1925964355,18.4699993134
2003-08-15,37.8030700684,,65.3960571289,18.2700004578
2003-08-18,37.9782752991,,65.9606552124,18.1800003052
2003-08-19,38.5637474060,,66.2100677490,17.8600006104
2003-08-20,38.3562850952,,65.9409179688,17.8199996948
2003-08-21,38.2640686035,,66.1510391235,17.8400001526
2003-08-22,38.4346771240,,65.4945297241,18.5499992371
2003-08-25,38.1350135803,,65.5996093750,19.5300006866
2003-08-26,38.4346771240,,65.7177581787,19.4899997711
2003-08-27,38.2594757080,,65.7374420166,19.1299991608
2003-08-28,38.6559524536,,66.1444549561,18.4799995422
2003-08-29,38.5637474060,,66.5908355713,18.6299991608
2003-09-02,37.9997062683,,67.4836273193,19.0200004578
2003-09-03,38.0598945618,,67.8512115479,19.4400005341
2003-09-04,38.2729263306,,67.8840255737,18.7099990845
2003-09-05,38.9305152893,,67.5032882690,18.1700000763
2003-09-08,38.5276412964,,68.0613174438,18.2600002289
2003-09-09,38.8054885864,,67.6148834229,18.8500003815
2003-09-10,39.1990814209,,66.9321746826,20.0100002289
2003-09-11,38.9443817139,,67.1290893555,19.2500000000
2003-09-12,39.2129707336,,67.2538375854,18.6800003052
2003-09-15,39.1527442932,,67.0175247192,19.2800006866
2003-09-16,39.0925827026,,67.9956436157,18.0300006866
2003-09-17,39.5788040161,,67.8643417358,18.1499996185
2003-09-18,39.6065864563,,68.6652450562,17.5699996948
2003-09-19,39.6528701782,,68.3159866333,17.5400009155
2003-09-22,39.3379936218,,67.5779418945,19.6499996185
2003-09-23,39.6065864563,,67.8349151611,19.4699993134
2003-09-24,39.9492225647,,66.6289901733,21.2199993134
2003-09-25,40.1483840942,,66.0820541382,22.2600002289
2003-09-26,40.5096015930,,65.8645706177,22.2299995422
2003-09-29,40.1854324341,,66.5103836060,21.6700000763
2003-09-30,40.8522491455,,65.8645706177,22.7199993134
2003-10-01,40.6974143982,,67.2682342529,21.0699996948
2003-10-02,40.5114059448,,67.5120239258,20.7999992371
2003-10-03,39.6604347229,,68.1314697266,19.5000000000
2003-10-06,39.8324775696,,68.4412002563,19.5100002289
2003-10-07,39.3721504211,,68.7047576904,19.4099998474
2003-10-08,39.3627929688,,68.5334167480,19.1800003052
2003-10-09,39.0838356018,,68.7179565430,18.8199996948
2003-10-10,39.3163146973,,68.9090423584,18.4500007629
2003-10-13,39.1628456116,,69.1265258789,17.5499992371
2003-10-14,38.8931884766,,69.3703308105,17.3700008392
2003-10-15,38.7025337219,,69.1858367920,17.6900005341
2003-10-16,38.5490608215,,69.4625930786,17.1900005341
2003-10-17,38.8466987610,,68.7047576904,17.6200008392
2003-10-20,38.9768905640,,69.2187500000,17.0400009155
2003-10-21,39.1210517883,,69.1001434326,16.5499992371
2003-10-22,39.5023384094,,68.2303314209,17.6700000763
2003-10-23,39.2140312195,,68.1051177979,17.6800003052
2003-10-24,39.6511116028,,68.2566909790,17.7099990845
2003-10-27,39.5720939636,,68.2895965576,18.0499992371
2003-10-28,39.7813301086,,69.2187500000,16.8199996948
2003-10-29,39.4232864380,,69.3110504150,16.4300003052
2003-10-30,39.2465705872,,69.4559936523,16.3299999237
2003-10-31,39.6139450073,,69.3901138306,16.1000003815
2003-11-03,39.4262351990,,69.8447799683,16.5499992371
2003-11-04,39.6503639221,,69.6932601929,16.5499992371
2003-11-05,39.3795547485,,69.7459259033,16.8600006104
2003-11-06,39.0106887817,,70.1149520874,16.7399997711
2003-11-07,38.9873466492,,69.5943832397,16.9300003052
2003-11-10,38.9546356201,,69.3110504150,17.6200008392
2003-11-11,38.9593200684,,69.2912597656,17.5400009155
2003-11-12,39.2441673279,,70.0688323975,16.7500000000
2003-11-13,39.8511238098,,70.0886535645,16.4699993134
2003-11-14,40.1172981262,,69.4955215454,16.9400005341
2003-11-17,40.1779594421,,69.1463088989,18.6000003815
2003-11-18,40.4254455566,,68.4280319214,19.1100006104
2003-11-19,39.9772148132,,69.0078964233,18.7999992371
2003-11-20,40.3647384644,,68.3884658813,19.4799995422
2003-11-21,40.3880729675,,68.6718368530,18.9799995422
2003-11-24,40.0565795898,,69.5811691284,17.4400005341
2003-11-25,40.2760276794,,69.8447799683,16.7099990845
2003-11-26,40.1125869751,,70.0951766968,16.2299995422
2003-11-28,39.7484169006,,70.1479492188,16.3199996948
2003-12-01,39.5269355774,,70.9057693481,16.7700004578
2003-12-02,39.6958465576,,70.7278366089,16.2700004578
2003-12-03,39.5363197327,,70.6157836914,16.6299991608
2003-12-04,39.6254577637,,70.9057693481,16.2999992371
2003-12-05,40.2588920593,,70.4115447998,17.0900001526
2003-12-08,39.9773864746,,70.8859786987,16.5400009155
2003-12-09,39.6958465576,,70.3390121460,17.6299991608
2003-12-10,39.7615432739,,70.3324432373,17.8700008392
2003-12-11,40.0477905273,,71.1232147217,16.7299995422
2003-12-12,40.1228523254,,71.2615814209,16.4099998474
2003-12-15,40.0993728638,,70.9057693481,17.2299995422
2003-12-16,40.2307891846,,71.2747726440,15.9300003052
2003-12-17,40.5029182434,,71.4988021851,15.5799999237
2003-12-18,40.8688812256,,72.3028030396,16.1599998474
2003-12-19,40.8548431396,,72.1014785767,16.4200000763
2003-12-22,40.7422027588,,72.6046600342,16.9400005341
2003-12-23,40.2823753357,,72.6510467529,16.4899997711
2003-12-24,40.6624412537,,72.5782012939,16.6599998474
2003-12-26,40.8126106262,,72.6311645508,17.4500007629
2003-12-29,40.4465942383,,73.5978164673,17.0900001526
2003-12-30,40.2823753357,,73.6110534668,17.6800003052
2003-12-31,40.2823524475,,73.6772460938,18.3099994659
2004-01-02,39.8062400818,,73.6441726685,18.2199993134
2004-01-05,39.7025337219,,74.4452667236,17.4899997711
2004-01-06,40.1409492493,,74.5181427002,16.7299995422
2004-01-07,40.3012428284,,74.7697143555,15.5000000000
2004-01-08,40.2870826721,,75.0676422119,15.6099996567
2004-01-09,40.9895095825,,74.4122238159,16.7500000000
2004-01-12,40.9564895630,,74.9617233276,16.8199996948
2004-01-13,41.2346229553,,74.5247421265,18.0400009155
2004-01-14,41.4373359680,,75.1471252441,16.7500000000
2004-01-15,41.5928916931,,75.3324890137,15.5600004196
2004-01-16,41.3006401062,,75.6304321289,15.0000000000
2004-01-20,41.2911987305,,75.6105651855,15.2100000381
2004-01-21,41.3901939392,,76.2064590454,14.3400001526
2004-01-22,41.6918945312,,76.0078430176,14.7100000381
2004-01-23,41.1921768188,,75.7628479004,14.8400001526
2004-01-26,40.9423599243,,76.7162399292,14.5500001907
2004-01-27,41.1969146729,,75.9283981323,15.3500003815
2004-01-28,40.8339233398,,75.0610351562,16.7800006866
2004-01-29,40.7491073608,,75.1338882446,17.1399993896
2004-01-30,41.0319404602,,75.1338882446,16.6299991608
2004-02-02,40.9457626343,,75.4583206177,17.1100006104
2004-02-03,41.1540565491,,75.3324890137,17.3400001526
2004-02-04,41.0735816956,,74.7167587280,17.8700008392
2004-02-05,40.9126434326,,74.9352569580,17.7099990845
2004-02-06,41.3623123169,,75.7761001587,16.0000000000
2004-02-09,41.4854125977,,75.7959899902,16.3899993896
2004-02-10,41.2534484863,,76.0409393311,15.9399995804
2004-02-11,41.5611152649,,76.8486785889,15.3900003433
2004-02-12,41.3859596252,,76.5706253052,15.3100004196
2004-02-13,41.5611152649,,76.2263107300,15.5799999237
2004-02-17,41.5327453613,,76.9148788452,15.3999996185
2004-02-18,41.5895881653,,76.5772247314,15.5900001526
2004-02-19,41.6321525574,,76.2925109863,15.8000001907
2004-02-20,41.3433990479,,76.0607833862,16.0400009155
2004-02-23,41.5990257263,,75.8687896729,16.2900009155
2004-02-24,41.6747817993,,75.7363510132,15.8999996185
2004-02-25,41.7410163879,,76.0541687012,14.9300003052
2004-02-26,41.6084747314,,76.1005096436,14.8299999237
2004-02-27,41.9682235718,,76.1535263062,14.5500001907
2004-03-01,41.9521026611,,76.9082641602,14.4399995804
2004-03-02,41.6859092712,,76.4580307007,14.8599996567
2004-03-03,41.6099052429,,76.5970687866,14.5500001907
2004-03-04,41.7952384949,,76.7957000732,14.3999996185
2004-03-05,42.6031913757,,77.0539245605,14.4799995422
2004-03-08,42.8550910950,,76.1137847900,15.7899999619
2004-03-09,43.1402244568,,75.8091888428,16.6000003815
2004-03-10,43.1117515564,,74.5379791260,18.6700000763
2004-03-11,43.1735191345,,73.5713500977,20.6700000763
2004-03-12,42.9073677063,,74.5379791260,18.2999992371
2004-03-15,42.9786376953,,73.6243209839,21.1299991608
2004-03-16,43.3351058960,,74.0149154663,20.3400001526
2004-03-17,43.2638244629,,74.8425674438,18.1100006104
2004-03-18,43.0356903076,,74.8624038696,18.5300006866
2004-03-19,42.9786376953,,73.7894210815,19.1499996185
2004-03-22,43.2400665283,,72.8525924683,21.5799999237
2004-03-23,43.3160858154,,72.7263488770,20.6700000763
2004-03-24,43.2923240662,,72.7861175537,19.8099994659
2004-03-25,43.1259841919,,73.7495117188,17.8799991608
2004-03-26,42.6697196960,,73.7694549561,17.3299999237
2004-03-29,42.3845596313,,74.8059387207,16.5000000000
2004-03-30,42.3560791016,,75.0583877563,16.2800006866
2004-03-31,42.5604362488,,75.1447677612,16.7399997711
2004-04-01,42.4210815430,,75.5965728760,16.6499996185
2004-04-02,41.3714447021,,76.1679763794,15.6400003433
2004-04-05,41.0469703674,,76.5865554810,14.9700002670
2004-04-06,41.2712326050,,76.3406829834,15.3199996948
2004-04-07,41.1758308411,,76.1613006592,15.7600002289
2004-04-08,41.0565261841,,75.9886245728,16.2600002289
2004-04-12,40.9086380005,,76.2875976562,15.2799997330
2004-04-13,40.4648933411,,75.2178573608,17.2600002289
2004-04-14,40.4315109253,,75.3374633789,15.6199998856
2004-04-15,40.1929206848,,75.0517425537,15.7399997711
2004-04-16,40.3456192017,,75.6298217773,14.9399995804
2004-04-19,40.2597007751,,75.6298217773,15.4200000763
2004-04-20,39.8923149109,,74.3608093262,16.6700000763
2004-04-21,40.0879898071,,74.8591079712,15.6000003815
2004-04-22,40.3265151978,,75.9088745117,14.6099996567
2004-04-23,40.0974960327,,75.9819488525,14.0100002289
2004-04-26,40.1643142700,,75.8756179810,14.7700004578
2004-04-27,40.3170166016,,75.9421234131,15.0699996948
2004-04-28,39.9400863647,,74.9587783813,16.2900009155
2004-04-29,39.7444458008,,74.3009719849,16.6000003815
2004-04-30,39.9066276550,,73.7229614258,17.1900005341
2004-05-03,39.9569625854,,74.5135726929,16.6200008392
2004-05-04,39.6839065552,,74.4538192749,16.5499992371
2004-05-05,39.5737686157,,74.9321746826,15.7700004578
2004-05-06,39.4683914185,,74.2877044678,17.0499992371
2004-05-07,38.9510917664,,73.0585403442,18.1299991608
2004-05-10,38.8600883484,,72.3077621460,19.7700004578
2004-05-11,39.0372772217,,72.9190368652,18.5699996948
2004-05-12,38.7786521912,,73.3841171265,18.1399993896
2004-05-13,38.6301727295,,73.0784835815,18.8600006104
2004-05-14,38.9463043213,,73.1117019653,18.4699993134
2004-05-17,39.2911071777,,72.4871292114,19.9599990845
2004-05-18,39.1378784180,,72.8525924683,19.3299999237
2004-05-19,39.0085563660,,72.6000823975,18.9300003052
2004-05-20,39.3103141785,,72.8326492310,18.6700000763
2004-05-21,39.1522598267,,72.9588851929,18.4899997711
2004-05-24,39.2768020630,,73.2644805908,18.0799999237
2004-05-25,39.3917465210,,74.3142852783,15.9600000381
2004-05-26,39.6024665833,,74.5733718872,15.9700002670
2004-05-27,39.9138221741,,74.9920043945,15.2799997330
2004-05-28,39.8036956787,,74.9853286743,15.5000000000
2004-06-01,39.4392089844,,74.8856811523,16.2999992371
2004-06-02,39.3382148743,,75.1647491455,16.0799999237
2004-06-03,39.4199562073,,74.4737548828,17.0300006866
2004-06-04,39.1891403198,,75.0650482178,16.7800006866
2004-06-07,39.1987686157,,76.2078247070,15.3900003433
2004-06-08,39.2708892822,,76.3141632080,15.0100002289
2004-06-09,39.1025924683,,75.6032485962,15.3900003433
2004-06-10,39.1795349121,,75.9753189087,15.0399999619
2004-06-14,38.8670043945,,75.2245407104,16.0699996948
2004-06-15,39.6892471313,,75.7560501099,15.0500001907
2004-06-16,39.5353546143,,75.7427749634,14.7899999619
2004-06-17,39.7950172424,,75.6298217773,15.1499996185
2004-06-18,39.7084617615,,75.7725067139,14.9899997711
2004-06-21,39.7372665405,,75.4857559204,15.2600002289
2004-06-22,39.6171073914,,75.8658752441,14.3100004196
2004-06-23,39.6940536499,,76.5193634033,13.9799995422
2004-06-24,39.9344596863,,76.2792968750,14.8100004196
2004-06-25,39.9728851318,,75.9125366211,15.1899995804
2004-06-28,39.5642089844,,75.6524734497,16.0699996948
2004-06-29,39.8142509460,,75.9658966064,15.4700002670
2004-06-30,40.2229881287,,76.3726577759,14.3400001526
2004-07-01,40.2982978821,,75.3123779297,15.1999998093
2004-07-02,40.7231521606,,75.2723846436,15.0799999237
2004-07-06,40.6555671692,,74.6122055054,16.2500000000
2004-07-07,40.6700515747,,74.8322982788,15.8100004196
2004-07-08,40.6941909790,,74.3121337891,16.2000007629
2004-07-09,40.7376213074,,74.5055389404,15.7799997330
2004-07-12,40.7955245972,,74.5388793945,14.9600000381
2004-07-13,40.6748962402,,74.5922012329,14.4600000381
2004-07-14,40.6893386841,,74.3654937744,13.7600002289
2004-07-15,40.7327995300,,73.8853759766,14.7100000381
2004-07-16,41.2735252380,,73.8253402710,14.3400001526
2004-07-19,41.3024711609,,73.5119323730,15.1700000763
2004-07-20,40.9307365417,,74.4455108643,14.1700000763
2004-07-21,40.8196983337,,73.0718002319,16.4099998474
2004-07-22,40.8776397705,,73.2718658447,15.7500000000
2004-07-23,41.0128326416,,72.6583633423,16.5000000000
2004-07-26,40.8196983337,,72.5183639526,17.2999992371
2004-07-27,40.2693405151,,73.1985473633,16.5499992371
2004-07-28,40.2741584778,,73.4185714722,16.1499996185
2004-07-29,40.3658676147,,73.7319946289,15.6800003052
2004-07-30,40.8390350342,,73.9120635986,15.3199996948
2004-08-02,40.8923606873,,74.0653915405,15.3699998856
2004-08-03,41.0571174622,,73.4919204712,16.0300006866
2004-08-04,41.0764923096,,73.4852447510,16.2099990845
2004-08-05,41.1928558350,,72.2849578857,18.3199996948
2004-08-06,41.8859176636,,71.2514038086,19.3400001526
2004-08-09,41.7405357361,,71.3514251709,18.8899993896
2004-08-10,41.5902595520,,72.2716217041,17.4699993134
2004-08-11,41.7696189880,,72.1249313354,18.0400009155
2004-08-12,41.8568382263,,71.3380203247,19.0799999237
2004-08-13,41.9925460815,,71.4780883789,17.9799995422
2004-08-16,41.8471641541,,72.2183074951,17.5699996948
2004-08-17,42.0846481323,,72.6250686646,17.0200004578
2004-08-18,41.8810844421,,73.3718719482,16.2299995422
2004-08-19,41.9828529358,,73.1584930420,16.9599990845
2004-08-20,41.9440650940,,73.6719818115,16.0000000000
2004-08-23,41.7017555237,,73.4852447510,15.8800001144
2004-08-24,41.7259788513,,73.5852966309,15.3299999237
2004-08-25,41.8713874817,,74.0854110718,14.9799995422
2004-08-26,42.1088523865,,74.0854110718,14.9099998474
2004-08-27,42.0797729492,,74.3187942505,14.7100000381
2004-08-30,42.2785072327,,73.7053604126,15.4399995804
2004-08-31,42.5402488708,,74.0920791626,15.2899999619
2004-09-01,42.5840301514,,74.2321319580,14.9099998474
2004-09-02,42.1655464172,,75.0723037720,14.2799997330
2004-09-03,42.1703948975,,74.7656250000,13.9099998474
2004-09-07,42.1265869141,,75.2590408325,14.0699996948
2004-09-08,42.4818344116,,75.0723037720,14.0600004196
2004-09-09,42.3212661743,,75.0056457520,14.0100002289
2004-09-10,42.3845024109,,75.3923492432,13.7600002289
2004-09-13,42.5694313049,,75.6391220093,13.1700000763
2004-09-14,42.6132240295,,75.7925567627,13.5600004196
2004-09-15,42.5159072876,,75.2190170288,14.6400003433
2004-09-16,42.9976539612,,75.4457550049,14.3900003433
2004-09-17,42.7835426331,,75.7665176392,14.0299997330
2004-09-20,43.0658264160,,75.3111801147,14.4300003052
2004-09-21,43.1923255920,,75.6392440796,13.6599998474
2004-09-22,43.6400184631,,74.6951370239,14.7399997711
2004-09-23,43.4647903442,,74.2933578491,14.8000001907
2004-09-24,43.5183410645,,74.6348648071,14.2799997330
2004-09-27,43.7081298828,,74.1594467163,14.6199998856
2004-09-28,43.5329475403,,74.5143432617,13.8299999237
2004-09-29,43.1096000671,,74.8893203735,13.2100000381
2004-09-30,42.9441337585,,74.8357238770,13.3400001526
2004-10-01,42.7296066284,,76.1013107300,12.7500000000
2004-10-04,42.7931671143,,76.2285385132,13.4099998474
2004-10-05,42.7931671143,,76.2687072754,13.9499998093
2004-10-06,42.5977020264,,76.7910232544,13.2799997330
2004-10-07,42.4120521545,,75.9673690796,14.5000000000
2004-10-08,42.9739036560,,75.3379669189,15.0500001907
2004-10-11,43.0179214478,,75.6459579468,14.7100000381
2004-10-12,43.1156082153,,75.3513641357,15.0500001907
2004-10-13,43.2719917297,,74.6884307861,15.4200000763
2004-10-14,43.4772186279,,74.0857772827,16.4300003052
2004-10-15,43.3257331848,,74.5009689331,15.0399999619
2004-10-18,43.3452644348,,74.7821884155,14.7100000381
2004-10-19,43.4576797485,,74.1526947021,15.1300001144
2004-10-20,43.7557144165,,74.0054092407,14.8500003815
2004-10-21,43.7850608826,,74.4875411987,14.5399999619
2004-10-22,43.8876533508,,73.6505355835,15.2799997330
2004-10-25,43.9218711853,,73.5634918213,16.5799999237
2004-10-26,43.7899169922,,74.6884307861,16.3899993896
2004-10-27,43.3599433899,,75.5857467651,15.7200002670
2004-10-28,43.5016555786,,75.8133850098,15.3900003433
2004-10-29,43.7019691467,,75.7999801636,16.2700004578
2004-11-01,43.4301719666,,76.0075836182,16.2700004578
2004-11-02,43.4939537048,,76.0343170166,16.1800003052
2004-11-03,43.5135459900,,76.9918670654,14.0399999619
2004-11-04,43.5577545166,,78.0432128906,13.9700002670
2004-11-05,43.0818443298,,78.5320205688,13.8400001526
2004-11-08,42.9297103882,,78.4181823730,13.8000001907
2004-11-09,42.9052162170,,78.2641448975,13.6099996567
2004-11-10,42.7433052063,,78.3244247437,13.0799999237
2004-11-11,42.6501083374,,78.9204025269,13.0399999619
2004-11-12,43.1112518311,,79.5430984497,13.3299999237
2004-11-15,43.1504859924,,79.7385635376,13.3800001144
2004-11-16,43.1504859924,,79.1676864624,13.2100000381
2004-11-17,43.5184669495,,79.6378021240,13.2100000381
2004-11-18,43.6509704590,44.3800010681,79.7452545166,12.9799995422
2004-11-19,43.3025817871,44.7799987793,78.8587493896,13.5000000000
2004-11-22,43.5282554626,44.9500007629,79.2348556519,12.9700002670
2004-11-23,43.5822715759,44.7500000000,79.3557357788,12.6700000763
2004-11-24,43.5822715759,45.0499992371,79.5438003540,12.7200002670
2004-11-26,43.2977294922,45.2900009155,79.4833602905,12.7799997330
2004-11-29,42.8364982605,45.4000015259,79.1206970215,13.3000001907
2004-11-30,42.6549720764,45.1199989319,79.1744079590,13.2399997711
2004-12-01,42.5884780884,45.3800010681,80.0743713379,12.9700002670
2004-12-02,42.4160308838,44.9500007629,80.1415252686,12.9799995422
2004-12-03,43.0762062073,45.5999984741,80.0877609253,12.9600000381
2004-12-06,43.2239990234,45.1699981689,80.0609207153,13.1899995804
2004-12-07,43.2781639099,45.1100006104,79.3154144287,13.6700000763
2004-12-08,43.9530715942,44.0099983215,79.7788391113,13.1899995804
2004-12-09,43.6623878479,43.7799987793,80.0609207153,12.8800001144
2004-12-10,43.7708053589,43.4399986267,80.1415252686,12.7600002289
2004-12-13,43.8643989563,43.9099998474,80.8399734497,12.5399999619
2004-12-14,44.0368423462,43.5499992371,81.1220397949,12.7299995422
2004-12-15,44.4358596802,43.9900016785,81.1824645996,12.3500003815
2004-12-16,43.7806396484,43.6800003052,81.1354827881,12.2700004578
2004-12-17,43.7215309143,44.1899986267,80.5943374634,11.9499998093
2004-12-20,43.8003540039,44.3400001526,80.6145553589,11.8299999237
2004-12-21,43.9333801270,44.2200012207,81.2353363037,11.5500001907
2004-12-22,43.7855873108,44.0200004578,81.4310073853,11.4499998093
2004-12-23,43.6427383423,44.2700004578,81.4917373657,11.2299995422
2004-12-27,43.3027801514,44.4799995422,81.3230285645,12.1400003433
2004-12-28,43.2682838440,44.3699989319,81.7684020996,12.0000000000
2004-12-29,43.2239990234,43.6599998474,81.8898468018,11.6199998856
2004-12-30,43.5146522522,43.8300018311,81.7346878052,12.5600004196
2004-12-31,43.7890892029,43.7999992371,81.5592346191,13.2899999619
2005-01-03,43.8830223083,43.0200004578,81.1745758057,14.0799999237
2005-01-04,43.4231452942,42.7400016785,80.1827316284,13.9799995422
2005-01-05,43.6555671692,42.6699981689,79.6293869019,14.0900001526
2005-01-06,43.6852188110,42.1500015259,80.0342483521,13.5799999237
2005-01-07,43.7841339111,41.8400001526,79.9195709229,13.4899997711
2005-01-10,43.8533821106,41.9500007629,80.2974090576,13.2299995422
2005-01-11,44.1105461121,42.2099990845,79.7440795898,13.1899995804
2005-01-12,44.1698646545,42.5999984741,80.0072479248,12.5600004196
2005-01-13,44.5951690674,42.5999984741,79.3662643433,12.8400001526
2005-01-14,44.5901832581,42.3199996948,79.7845916748,12.4300003052
2005-01-18,44.7385444641,42.3199996948,80.6145553589,12.4700002670
2005-01-19,44.8671264648,42.2599983215,79.7711029053,13.1800003052
2005-01-20,44.9561462402,42.2500000000,79.2852401733,13.8299999237
2005-01-21,45.0055885315,42.7400016785,78.7994003296,14.3599996567
2005-01-24,45.1984672546,42.7700004578,78.6442337036,14.6499996185
2005-01-25,44.7731666565,42.2400016785,78.8669052124,14.0600004196
2005-01-26,44.8572235107,42.6899986267,79.1030654907,13.4399995804
2005-01-27,44.7731666565,42.6199989319,79.2379913330,13.2399997711
2005-01-28,45.2231712341,42.6899986267,79.2379913330,13.2399997711
2005-01-31,45.3517761230,42.2200012207,79.7305831909,12.8199996948
2005-02-01,45.2797813416,42.0999984741,80.2366561890,12.0299997330
2005-02-02,45.3839874268,42.1599998474,80.4795913696,11.6599998474
2005-02-03,45.3591995239,41.6800003052,80.2704238892,11.7899999619
2005-02-04,45.9895973206,41.4700012207,81.1273727417,11.2100000381
2005-02-07,46.3320922852,41.2700004578,81.0194091797,11.7299995422
2005-02-08,46.5952033997,41.2599983215,81.1138916016,11.6000003815
2005-02-09,46.7192764282,41.3100013733,80.5065917969,12.0000000000
2005-02-10,46.0888824463,41.7500000000,80.7967300415,11.5100002289
2005-02-11,46.0590972900,42.0800018311,81.4917373657,11.4300003052
2005-02-14,46.2030639648,42.5499992371,81.4310073853,11.5200004578
2005-02-15,45.9697227478,42.5800018311,81.7346878052,11.2700004578
2005-02-16,45.7959938049,42.5200004578,81.7886276245,11.1000003815
2005-02-17,45.5081367493,42.7299995422,81.1273727417,11.7700004578
2005-02-18,45.1011009216,42.7500000000,81.2353363037,11.1800003052
2005-02-22,44.9025268555,43.5699996948,80.0274658203,13.1400003433
2005-02-23,45.0514488220,43.4199981689,80.6010284424,12.3900003433
2005-02-24,44.9521903992,43.3300018311,81.1341018677,11.5699996948
2005-02-25,45.1705627441,43.5000000000,81.9370880127,11.4899997711
2005-02-28,44.6841316223,43.5299987793,81.3972778320,12.0799999237
2005-03-01,44.6701469421,43.2200012207,81.8021850586,12.0399999619
2005-03-02,44.6104125977,43.2500000000,81.7616500854,12.5000000000
2005-03-03,44.5855369568,42.9700012207,81.7954101562,12.9300003052
2005-03-04,45.0685462952,43.3800010681,82.8142623901,11.9399995804
2005-03-07,45.2477836609,43.4700012207,82.8547897339,12.2600002289
2005-03-08,44.8195457458,44.0299987793,82.5443954468,12.3999996185
2005-03-09,44.0875968933,44.0200004578,81.6267089844,12.6999998093
2005-03-10,44.3564529419,44.2000007629,81.8088836670,12.4899997711
2005-03-11,44.0328140259,44.4300003052,81.2353363037,12.8000001907
2005-03-14,44.2966766357,44.0299987793,81.7414321899,12.3900003433
2005-03-15,44.0178642273,44.0600013733,81.0666275024,13.1499996185
2005-03-16,44.2867851257,44.3100013733,80.3783874512,13.4899997711
2005-03-17,44.4311714172,43.8199996948,80.5403289795,13.2899999619
2005-03-18,44.1523284912,43.8899993896,80.3011703491,13.1400003433
2005-03-21,44.0278587341,43.0900001526,80.0031051636,13.6099996567
2005-03-22,43.6543884277,42.6500015259,79.1902313232,14.2700004578
2005-03-23,43.8634948730,42.4199981689,79.2579269409,14.0600004196
2005-03-24,43.9531478882,42.3899993896,79.3528213501,13.4200000763
2005-03-28,43.6842308044,42.5400009155,79.4679718018,13.7500000000
2005-03-29,43.9431991577,42.5600013733,78.9395523071,14.4899997711
2005-03-30,44.1622505188,42.6100006104,80.0573120117,13.6400003433
2005-03-31,44.4809722900,42.8199996948,79.9082870483,14.0200004578
2005-04-01,44.6309089661,42.6199989319,79.5492248535,14.0900001526
2005-04-04,44.6208915710,42.4000015259,79.6847381592,14.1099996567
2005-04-05,44.5059547424,42.4500007629,80.0640869141,13.6800003052
2005-04-06,44.6608581543,42.6300010681,80.3418197632,13.1499996185
2005-04-07,44.3010635376,42.5699996948,80.7753372192,12.3299999237
2005-04-08,44.4559478760,42.6899986267,79.9353790283,12.6199998856
2005-04-11,44.6958885193,42.7799987793,79.9963226318,11.9799995422
2005-04-12,45.1106872559,42.8400001526,80.4095840454,11.3000001907
2005-04-13,45.0007476807,42.9000015259,79.4611892700,13.3100004196
2005-04-14,44.9307899475,42.3100013733,78.4247207642,14.5299997330
2005-04-15,45.5255126953,42.4000015259,77.3272857666,17.7399997711
2005-04-18,45.4905281067,42.6899986267,77.5644149780,16.5599994659
2005-04-19,45.9303550720,43.2799987793,78.1808776855,14.9600000381
2005-04-20,45.8153991699,43.4000015259,77.0902175903,16.9200000763
2005-04-21,45.3356132507,43.1899986267,78.5873031616,14.4099998474
2005-04-22,45.7154579163,43.3899993896,78.2892456055,15.3800001144
2005-04-25,45.8503837585,43.4399986267,78.8040924072,14.6199998856
2005-04-26,45.7803916931,43.6399993896,78.0385971069,14.9099998474
2005-04-27,45.9403343201,43.2000007629,78.3434753418,14.8699998856
2005-04-28,46.2801971436,43.0000000000,77.3611907959,16.8600006104
2005-04-29,46.2001953125,43.3499984741,78.4111709595,15.3100004196
2005-05-02,46.1901893616,42.8800010681,78.8515243530,15.1199998856
2005-05-03,46.3155784607,42.7599983215,78.9870071411,14.5299997330
2005-05-04,45.9093360901,42.9000015259,79.5966567993,13.8500003815
2005-05-05,46.0146369934,42.9099998474,79.5695800781,13.9799995422
2005-05-06,45.6735649109,42.5200004578,79.3189697266,14.0500001907
2005-05-09,45.7187156677,42.5499992371,79.8134613037,13.7500000000
2005-05-10,46.0447463989,42.6399993896,78.9870071411,14.9099998474
2005-05-11,46.1851959229,42.6899986267,79.4205551147,14.4499998093
2005-05-12,46.3657188416,42.1599998474,78.5466918945,16.1200008392
2005-05-13,46.5463180542,41.9500007629,78.3908615112,16.3199996948
2005-05-16,46.4911422729,41.8800010681,79.1225128174,15.6800003052
2005-05-17,46.6215553284,41.8600006104,79.6508560181,14.5699996948
2005-05-18,46.9325256348,42.0499992371,80.4705200195,13.6300001144
2005-05-19,46.8121452332,41.9799995422,80.8092422485,13.3199996948
2005-05-20,46.8673019409,41.6500015259,80.6940917969,13.1400003433
2005-05-23,47.2334327698,41.6199989319,81.1412048340,12.9499998093
2005-05-24,47.3639106750,41.7299995422,80.9515228271,12.6899995804
2005-05-25,47.0328025818,41.8699989319,80.8905334473,12.5799999237
2005-05-26,47.0178070068,41.6899986267,81.3241043091,12.2399997711
2005-05-27,47.0679244995,41.8800010681,81.4595565796,12.1499996185
2005-05-31,47.6498107910,41.6500015259,80.9379577637,13.2899999619
2005-06-01,48.2332344055,41.5299987793,81.6289520264,12.3599996567
2005-06-02,48.3490180969,42.0999984741,81.8050460815,11.8400001526
2005-06-03,47.9513473511,42.1699981689,81.3918151855,12.1499996185
2005-06-06,48.2030563354,42.4799995422,81.3173065186,12.2799997330
2005-06-07,48.5856361389,42.3800010681,81.3782882690,12.3900003433
2005-06-08,48.3540458679,42.3400001526,81.2292404175,12.6999998093
2005-06-09,48.3138160706,42.2700004578,81.6153564453,12.0799999237
2005-06-10,47.7701110840,42.6199989319,81.4256744385,11.9600000381
2005-06-13,47.4831275940,42.7799987793,81.6831436157,11.6499996185
2005-06-14,47.1710052490,42.5999984741,81.8728103638,11.7899999619
2005-06-15,47.2566070557,42.7400016785,82.0285949707,11.4600000381
2005-06-16,47.4932136536,43.4599990845,82.2386245728,11.1499996185
2005-06-17,47.4881744385,43.6300010681,82.5433197021,11.4799995422
2005-06-20,47.4076004028,43.6599998474,82.5705184937,11.4700002670
2005-06-21,47.7549781799,43.8100013733,82.6181335449,11.0799999237
2005-06-22,48.3339004517,43.7200012207,82.6861419678,11.0500001907
2005-06-23,48.2836036682,44.0200004578,81.5230865479,12.1300001144
2005-06-24,48.5252304077,43.9000015259,80.9245529175,12.1800003052
2005-06-27,48.6561126709,43.9099998474,81.0401992798,12.5200004578
2005-06-28,48.3238372803,43.4500007629,81.7203292847,11.5799999237
2005-06-29,48.2483444214,43.6300010681,81.5027008057,11.7700004578
2005-06-30,48.6813087463,43.4399986267,81.0605773926,12.0399999619
2005-07-01,48.0912742615,42.7000007629,81.2986373901,11.3999996185
2005-07-05,47.6365585327,42.2799987793,81.9515609741,11.6800003052
2005-07-06,47.8993225098,42.2500000000,81.2646560669,12.2700004578
2005-07-07,48.0003356934,42.3600006104,81.5842742920,12.4899997711
2005-07-08,47.8033409119,42.2599983215,82.5161209106,11.4499998093
2005-07-11,47.8033409119,42.5400009155,82.9378128052,11.2799997330
2005-07-12,47.5356216431,42.6399993896,83.1554260254,10.9499998093
2005-07-13,47.4648704529,42.3499984741,83.2710952759,10.8400001526
2005-07-14,47.3436431885,41.9000015259,83.5975723267,10.8100004196
2005-07-15,47.4699287415,42.0499992371,83.5499496460,10.3299999237
2005-07-18,47.1162643433,42.0099983215,83.2166976929,10.7700004578
2005-07-19,47.2830162048,41.8899993896,83.6723556519,10.4499998093
2005-07-20,47.5406417847,42.2000007629,83.9580383301,10.2299995422
2005-07-21,46.8940734863,42.4599990845,83.4683227539,10.9700002670
2005-07-22,47.2577400208,42.4500007629,84.0260772705,10.5200004578
2005-07-25,47.0859947205,42.5099983215,83.7880172729,11.1000003815
2005-07-26,47.1617546082,42.2500000000,83.8900146484,10.9899997711
2005-07-27,47.0859947205,42.4399986267,84.1960754395,10.3599996567
2005-07-28,47.5052795410,42.7500000000,84.7266235352,10.5200004578
2005-07-29,47.0355110168,42.8199996948,84.1620788574,11.5699996948
2005-08-01,46.8605499268,43.1300010681,84.1008682251,12.0799999237
2005-08-02,46.7084388733,43.1399993896,84.6041870117,11.7500000000
2005-08-03,46.9366111755,43.5299987793,84.8286514282,11.8299999237
2005-08-04,46.8402786255,43.6800003052,84.1484756470,12.5200004578
2005-08-05,46.4752006531,43.5999984741,83.5771408081,12.4799995422
2005-08-08,46.3890342712,43.3499984741,83.4207153320,13.2100000381
2005-08-09,46.5613975525,43.3400001526,83.9240112305,12.3999996185
2005-08-10,46.5106887817,43.6500015259,83.8832168579,12.3800001144
2005-08-11,46.8351783752,44.4500007629,84.2165069580,12.4200000763
2005-08-12,47.3118286133,44.4900016785,83.6995925903,12.7399997711
2005-08-15,47.1901359558,44.1300010681,84.2165069580,12.2600002289
2005-08-16,47.5197219849,44.5499992371,83.1214447021,13.5200004578
2005-08-17,47.2053718567,43.9099998474,83.1146087646,13.3000001907
2005-08-18,47.5552291870,43.8300018311,83.1078338623,13.4200000763
2005-08-19,47.5501213074,43.5999984741,83.2982788086,13.4200000763
2005-08-22,47.4994430542,43.7000007629,83.2982788086,13.4200000763
2005-08-23,47.7174530029,43.7599983215,83.1418533325,13.3400001526
2005-08-24,47.7631034851,43.5900001526,82.4004898071,14.1700000763
2005-08-25,47.9152030945,43.7299995422,82.6997604370,13.7299995422
2005-08-26,47.8999977112,43.6100006104,82.1352157593,13.7200002670
2005-08-29,47.9608154297,43.5699996948,82.7677688599,13.5200004578
2005-08-30,48.2650337219,43.0099983215,82.3324661255,13.6499996185
2005-08-31,48.6706924438,43.4000015259,83.3730926514,12.6000003815
2005-09-01,48.3776321411,44.2200012207,83.3118896484,13.1499996185
2005-09-02,48.4183082581,44.2500000000,83.1622390747,13.5699996948
2005-09-06,48.0774002075,44.2700004578,84.1348648071,12.9300003052
2005-09-07,47.6245651245,44.3300018311,84.2777252197,12.5200004578
2005-09-08,47.6754875183,44.5999984741,83.9988403320,12.9300003052
2005-09-09,47.8280677795,44.8400001526,84.7470397949,11.9799995422
2005-09-12,47.4973678589,44.8899993896,84.5769729614,11.6499996185
2005-09-13,47.7466621399,44.5600013733,84.1076889038,12.3900003433
2005-09-14,47.5635070801,44.9599990845,83.8016128540,12.9099998474
2005-09-15,47.1717414856,45.4199981689,83.7607650757,12.4899997711
2005-09-16,46.8613471985,45.8199996948,84.3564071655,11.2200002670
2005-09-19,46.9631462097,46.2500000000,84.0763549805,12.1400003433
2005-09-20,47.0852279663,46.2299995422,83.3659896851,12.6400003433
2005-09-21,47.5228157043,47.0600013733,82.5873260498,13.7899999619
2005-09-22,47.4770469666,46.3600006104,82.8810348511,13.3299999237
2005-09-23,47.1208953857,46.2799987793,82.9493637085,12.9600000381
2005-09-26,46.9071311951,46.5699996948,83.0449905396,13.0399999619
2005-09-27,46.9733047485,46.2500000000,83.0244445801,12.7600002289
2005-09-28,47.2887535095,46.7999992371,83.1064376831,12.6300001144
2005-09-29,47.0750274658,47.0999984741,83.7826309204,12.2399997711
2005-09-30,46.9122390747,46.7000007629,84.0422134399,11.9200000763
2005-10-03,46.5454750061,46.4199981689,83.7416610718,12.4600000381
2005-10-04,46.6987228394,46.4500007629,82.7990875244,13.1999998093
2005-10-05,46.9030418396,46.3600006104,81.7130355835,14.5500001907
2005-10-06,46.7242584229,47.2099990845,81.4193191528,14.9600000381
2005-10-07,46.9132843018,47.3600006104,81.6993865967,14.5900001526
2005-10-10,46.8826217651,47.3699989319,81.0094909668,15.5500001907
2005-10-11,46.7855682373,47.3899993896,80.8933868408,15.6300001144
2005-10-12,46.3309326172,46.8499984741,80.2581253052,16.2199993134
2005-10-13,46.1623573303,47.0200004578,80.2103195190,16.4699993134
2005-10-14,46.0908432007,46.7999992371,81.0572662354,14.8699998856
2005-10-17,46.0806045532,47.2599983215,81.3578186035,14.6700000763
2005-10-18,46.1317329407,47.0000000000,80.4767074585,15.3299999237
2005-10-19,46.1521415710,46.3400001526,81.8154754639,13.5000000000
2005-10-20,46.2747116089,45.9799995422,80.3742599487,16.1100006104
2005-10-21,46.7038154602,46.5200004578,80.6884078979,16.1299991608
2005-10-24,46.3411521912,46.3899993896,81.9384078979,14.7399997711
2005-10-25,45.9427223206,47.0600013733,81.7744750977,14.5299997330
2005-10-26,45.6055793762,46.9300003052,81.5354003906,14.5900001526
2005-10-27,45.7690620422,47.1800003052,80.6679611206,16.0200004578
2005-10-28,45.7741088867,47.2200012207,81.8291320801,14.2500000000
2005-10-31,45.8609924316,46.4000015259,82.0545501709,15.3199996948
2005-11-01,45.8081550598,45.7299995422,82.3004150391,14.8500003815
2005-11-02,45.5926742554,46.1300010681,83.1610794067,13.4799995422
2005-11-03,45.2847938538,45.9599990845,83.5162582397,13.0000000000
2005-11-04,45.2129440308,45.5099983215,83.4069900513,13.1700000763
2005-11-07,45.3669204712,45.7700004578,83.4889144897,13.1000003815
2005-11-08,45.8081550598,45.9099998474,83.4889144897,13.0799999237
2005-11-09,45.3361053467,46.5600013733,83.5982360840,12.8000001907
2005-11-10,45.8902511597,46.4799995422,84.2471160889,11.8999996185
2005-11-11,45.9159164429,46.7999992371,84.5339584351,11.6300001144
2005-11-14,45.5721054077,46.6199989319,84.4862060547,12.1800003052
2005-11-15,45.8697013855,46.6599998474,84.1787948608,12.2299995422
2005-11-16,46.3519897461,47.7799987793,84.3495635986,12.2600002289
2005-11-17,46.4648818970,48.4799995422,85.1350555420,11.2500000000
2005-11-18,46.2493972778,48.4599990845,85.4697647095,11.1199998856
2005-11-21,46.3879318237,48.9900016785,85.9000854492,10.8199996948
2005-11-22,46.4495048523,49.3199996948,86.2689132690,10.6000003815
2005-11-23,46.2699241638,49.1500015259,86.7675628662,10.9600000381
2005-11-25,46.4392433167,49.4199981689,86.8358764648,10.8800001144
2005-11-28,46.6700973511,49.7400016785,86.2211303711,11.8400001526
2005-11-29,46.2288932800,49.7999992371,86.1254959106,11.8900003433
2005-11-30,46.1775703430,49.0999984741,85.6610107422,12.0600004196
2005-12-01,46.1054267883,50.1699981689,86.5353393555,11.2399997711
2005-12-02,46.1208801270,50.3199996948,86.6446228027,11.0100002289
2005-12-05,45.9147377014,50.7799987793,86.4602203369,11.6000003815
2005-12-06,46.3836860657,50.8899993896,86.6241455078,11.5200004578
2005-12-07,46.2084884644,51.3199996948,86.1186828613,12.1800003052
2005-12-08,46.5073814392,51.9000015259,86.0640487671,12.2100000381
2005-12-09,46.1414642334,52.4000015259,86.2894439697,11.6899995804
2005-12-12,46.0538635254,52.5600013733,86.3714065552,11.4700002670
2005-12-13,46.2239227295,51.6500015259,86.9588241577,11.1099996567
2005-12-14,46.6980590820,50.3499984741,87.3003311157,10.4799995422
2005-12-15,46.5846672058,50.2400016785,87.0476074219,10.7299995422
2005-12-16,46.7392463684,50.0900001526,86.7674560547,10.6800003052
2005-12-19,46.7856483459,50.2200012207,86.3211364746,11.3800001144
2005-12-20,46.7289428711,49.0400009155,86.4035110474,11.1899995804
2005-12-21,46.6464958191,49.3699989319,86.5408401489,10.8100004196
2005-12-22,47.0175094604,50.1399993896,86.9940490723,10.2899999619
2005-12-23,47.3060989380,50.1199989319,87.0421142578,10.2700004578
2005-12-27,47.6926040649,50.6399993896,86.1562957764,11.5699996948
2005-12-28,47.5596237183,51.4700012207,86.3486099243,11.3500003815
2005-12-29,47.6631202698,51.4700012207,85.9640731812,11.6099996567
2005-12-30,47.5544509888,51.5800018311,85.4970932007,12.0699996948
2006-01-03,47.4923477173,53.1199989319,87.0009078979,11.1400003433
2006-01-04,47.6061744690,53.2999992371,87.4129486084,11.3699998856
2006-01-05,47.5492515564,52.3400001526,87.4678649902,11.3100004196
2006-01-06,47.4613037109,53.7200012207,88.1957244873,11.0000000000
2006-01-09,47.4923477173,54.5999984741,88.4223175049,11.1300001144
2006-01-10,47.1094093323,54.0600013733,88.5116195679,10.8599996567
2006-01-11,47.0317955017,54.5299987793,88.7931594849,10.9399995804
2006-01-12,47.3474121094,54.4300003052,88.4429016113,11.1999998093
2006-01-13,47.6216583252,55.4399986267,88.3605117798,11.2299995422
2006-01-17,47.8338546753,55.2599983215,88.1202163696,11.9099998474
2006-01-18,47.8183555603,54.0699996948,87.7699890137,12.2500000000
2006-01-19,47.6786117554,55.5900001526,88.1064529419,11.9799995422
2006-01-20,47.8028297424,55.2000007629,86.4996566772,14.5600004196
2006-01-23,47.7873115540,55.7700004578,86.8086624146,13.9300003052
2006-01-24,47.5544509888,55.7299995422,86.8979339600,13.3100004196
2006-01-25,47.0369567871,56.1399993896,86.9734420776,12.8699998856
2006-01-26,46.8351860046,55.8800010681,87.4541244507,12.4200000763
2006-01-27,46.8351860046,55.6300010681,88.2643432617,11.9700002670
2006-01-30,46.7885932922,56.6800003052,88.1957244873,12.3900003433
2006-01-31,46.9179687500,56.7000007629,87.5502700806,12.9499998093
2006-02-01,46.7574806213,56.7000007629,88.1613922119,12.3599996567
2006-02-02,46.8457374573,56.9799995422,87.1382522583,13.2299995422
2006-02-03,47.1781349182,56.5000000000,86.7056579590,12.9600000381
2006-02-06,47.2715950012,56.7200012207,86.9322738647,13.0399999619
2006-02-07,47.0483016968,54.5999984741,86.1632080078,13.5900001526
2006-02-08,46.9392471313,54.8300018311,86.9459991455,12.8299999237
2006-02-09,47.1521530151,56.1800003052,86.8017959595,13.1199998856
2006-02-10,46.8925323486,54.7900009155,86.9597473145,12.8699998856
2006-02-13,46.8977050781,53.7200012207,86.8017959595,13.3500003815
2006-02-14,46.7315254211,54.4900016785,87.7219314575,12.2500000000
2006-02-15,46.8457374573,53.7599983215,88.0309677124,12.3100004196
2006-02-16,46.8561553955,54.5200004578,88.6901473999,11.4799995422
2006-02-17,47.2300300598,54.9599990845,88.4497985840,12.0100002289
2006-02-21,47.1521530151,55.1199989319,88.2300720215,12.4099998474
2006-02-22,47.4741287231,55.3400001526,88.7656555176,11.8800001144
2006-02-23,47.3546447754,54.6399993896,88.6351852417,11.8699998856
2006-02-24,47.2820053101,55.6399993896,88.8617782593,11.4600000381
2006-02-27,47.2040634155,55.2200012207,88.8961105347,11.5900001526
2006-02-28,47.4377937317,56.0699996948,88.0514984131,12.3400001526
2006-03-01,47.1511268616,56.0999984741,88.8343048096,11.5399999619
2006-03-02,46.8228759766,56.7400016785,88.8274612427,11.7200002670
2006-03-03,46.5518798828,56.2799987793,88.4154586792,11.9600000381
2006-03-06,46.1454124451,55.2299995422,88.0102996826,12.7399997711
2006-03-07,46.1766586304,54.9500007629,87.8730163574,12.6599998474
2006-03-08,46.1610527039,53.9700012207,88.0584335327,12.3199996948
2006-03-09,46.1766586304,54.2400016785,87.4678649902,12.6800003052
2006-03-10,46.0046768188,53.8300018311,88.2987213135,11.8500003815
2006-03-13,45.9682273865,54.3100013733,88.4635162354,11.3699998856
2006-03-14,46.2756958008,54.8699989319,89.3905334473,10.7399997711
2006-03-15,46.0255584717,55.1199989319,89.7887802124,11.3500003815
2006-03-16,46.4424285889,55.3400001526,89.9741973877,11.9799995422
2006-03-17,46.3017578125,55.1199989319,90.0493392944,12.1199998856
2006-03-20,46.3747062683,55.1699981689,89.9045791626,11.7899999619
2006-03-21,46.1349411011,54.8300018311,89.3392257690,11.6199998856
2006-03-22,46.2339706421,54.7500000000,89.8838958740,11.2100000381
2006-03-23,46.0880889893,54.7000007629,89.6977386475,11.1700000763
2006-03-24,46.4267921448,55.7099990845,89.7666931152,11.1899995804
2006-03-27,46.2548141479,56.3899993896,89.6356964111,11.4600000381
2006-03-28,45.8222656250,56.0600013733,89.0841522217,11.5799999237
2006-03-29,45.6034278870,57.0699996948,89.6426010132,10.9499998093
2006-03-30,45.2855300903,58.5999984741,89.4840545654,11.5699996948
2006-03-31,45.2699012756,58.0999984741,89.5047302246,11.3900003433
2006-04-03,45.2845535278,58.4700012207,89.4357833862,11.5699996948
2006-04-04,45.2375106812,58.3300018311,90.0079650879,11.1400003433
2006-04-05,45.3002319336,58.6599998474,90.3182373047,11.1300001144
2006-04-06,44.9549980164,59.2799987793,90.2217330933,11.4499998093
2006-04-07,44.5155868530,58.5900001526,89.3048019409,12.2600002289
2006-04-10,44.5993041992,59.5999984741,89.4426879883,12.1899995804
2006-04-11,44.7562446594,59.0099983215,88.6843414307,13.0000000000
2006-04-12,44.4842109680,59.4300003052,88.8497924805,12.7600002289
2006-04-13,44.1703720093,59.5000000000,88.7325744629,12.3800001144
2006-04-17,44.3325309753,61.0900001526,88.6981277466,12.5799999237
2006-04-18,44.4109916687,61.8499984741,90.1044998169,11.3999996185
2006-04-19,44.1389923096,63.7500000000,90.2768096924,11.3199996948
2006-04-20,44.1023483276,60.9599990845,90.4008789062,11.6400003433
2006-04-21,44.3586769104,63.2000007629,90.4147338867,11.5900001526
2006-04-24,44.5365371704,61.6500015259,90.2492370605,11.7500000000
2006-04-25,44.0081977844,62.7799987793,89.8769912720,11.7500000000
2006-04-26,43.9349327087,63.6500015259,89.8976593018,11.7600002289
2006-04-27,43.9925079346,62.9599990845,90.3320083618,11.8400001526
2006-04-28,44.0238685608,65.0899963379,90.6353302002,11.5900001526
2006-05-01,43.6930503845,65.1600036621,89.8976593018,12.5399999619
2006-05-02,43.8085746765,66.5500030518,90.5732955933,11.9899997711
2006-05-03,43.7140388489,66.4599990845,90.2354660034,11.9899997711
2006-05-04,43.6405181885,67.4800033569,90.5594940186,11.8599996567
2006-05-05,43.9031219482,67.9899978638,91.3591842651,11.6199998856
2006-05-08,43.9293632507,67.5599975586,91.2488937378,12.0000000000
2006-05-09,43.9031219482,69.6800003052,91.4281387329,11.9899997711
2006-05-10,43.9818992615,70.3799972534,91.3798904419,11.7799997330
2006-05-11,43.7665252686,71.0299987793,90.2768096924,12.4899997711
2006-05-12,43.4042053223,71.1200027466,89.0979995728,14.1899995804
2006-05-15,43.5774841309,67.4100036621,89.2772216797,13.5699996948
2006-05-16,43.9031219482,68.6100006104,89.1462097168,13.3500003815
2006-05-17,43.6300201416,68.1500015259,87.4502639771,16.2600002289
2006-05-18,44.2234497070,67.4599990845,87.0090789795,16.9899997711
2006-05-19,44.3390007019,65.5800018311,87.6226501465,17.1800003052
2006-05-22,44.4335021973,65.3000030518,86.9539337158,17.7199993134
2006-05-23,44.4072685242,66.3799972534,86.2921142578,18.2600002289
2006-05-24,44.4282836914,64.0599975586,86.9815216064,17.3600006104
2006-05-25,44.2549438477,64.6999969482,88.0569763184,15.5000000000
2006-05-26,44.2234497070,65.0999984741,88.5050964355,14.2600002289
2006-05-30,44.2024574280,65.1100006104,86.9332809448,18.6599998474
2006-05-31,43.9398689270,64.2300033569,87.9053039551,16.4400005341
2006-06-01,44.1359901428,62.5600013733,88.7463760376,14.5200004578
2006-06-02,44.7054328918,63.5000000000,88.9324874878,14.3199996948
2006-06-05,44.6474342346,63.2900009155,87.6364288330,16.6499996185
2006-06-06,44.8583221436,62.5499992371,87.4227447510,17.3400001526
2006-06-07,44.8688507080,62.2799987793,86.7677917480,17.7999992371
2006-06-08,44.9584960938,60.9099998474,86.6919631958,18.3500003815
2006-06-09,45.1957702637,60.4500007629,86.4161987305,18.1200008392
2006-06-12,45.2326850891,60.0299987793,85.4786224365,20.9599990845
2006-06-13,45.2643127441,55.9199981689,84.4858703613,23.8099994659
2006-06-14,44.8108825684,55.6199989319,85.1408157349,21.4599990845
2006-06-15,44.5525398254,57.3199996948,86.9469985962,15.8999996185
2006-06-16,44.4523353577,57.6800003052,86.3134613037,17.2500000000
2006-06-19,44.3890571594,56.3600006104,85.6348495483,17.8299999237
2006-06-20,44.3152580261,57.2999992371,85.9256896973,16.6900005341
2006-06-21,44.3257904053,58.3300018311,86.5627212524,15.5200004578
2006-06-22,44.0727310181,57.7299995422,86.1818847656,15.8800001144
2006-06-23,43.9830932617,57.9900016785,86.1680450439,15.8900003433
2006-06-26,43.8987503052,58.2799987793,86.5488891602,15.6199998856
2006-06-27,44.1149253845,57.6800003052,85.8010482788,16.3999996185
2006-06-28,43.8828926086,57.5400009155,86.3826904297,15.7899999619
2006-06-29,44.0305519104,59.5200004578,88.1276397705,13.0299997330
2006-06-30,44.4575958252,61.2299995422,88.1345672607,13.0799999237
2006-07-03,44.4137306213,62.1800003052,88.4946594238,13.0500001907
2006-07-05,44.0590400696,62.5000000000,87.9891510010,14.1499996185
2006-07-06,44.3289871216,63.0200004578,88.2453918457,13.6499996185
2006-07-07,44.6147918701,62.6300010681,87.6706542969,13.9700002670
2006-07-10,44.6571922302,62.0200004578,87.8368453979,14.0200004578
2006-07-11,44.8001022339,63.8100013733,88.2245941162,13.1400003433
2006-07-12,44.8106651306,64.9199981689,87.2828826904,14.4899997711
2006-07-13,44.9853401184,65.5500030518,85.8633651733,17.7900009155
2006-07-14,45.0117874146,65.8499984741,85.5310058594,18.0499992371
2006-07-17,45.0806045532,63.9500007629,85.4063415527,18.6399993896
2006-07-18,44.6942024231,62.9000015259,85.8425827026,17.7399997711
2006-07-19,45.1176338196,64.0299987793,87.0336151123,15.5500001907
2006-07-20,45.2500000000,62.5400009155,86.4381027222,16.2099990845
2006-07-21,45.1652717590,61.7099990845,85.8287277222,17.3999996185
2006-07-24,45.1388473511,61.1399993896,87.3936691284,14.9799995422
2006-07-25,45.0065155029,61.5499992371,87.7052764893,14.8500003815
2006-07-26,45.1705627441,62.0000000000,87.8230056763,14.6199998856
2006-07-27,45.1017761230,62.9000015259,87.7398910522,14.9399995804
2006-07-28,45.3611259460,63.1100006104,88.6193084717,14.3299999237
2006-07-31,45.4193572998,63.1599998474,88.5292816162,14.9499998093
2006-08-01,45.4151153564,64.3199996948,88.0930328369,15.0500001907
2006-08-02,45.5851478577,64.7500000000,88.6885681152,14.3400001526
2006-08-03,45.5957832336,64.1200027466,88.9239273071,14.4600000381
2006-08-04,45.8721427917,64.2799987793,88.7716140747,14.3400001526
2006-08-07,45.8987197876,64.5000000000,88.5639114380,15.2299995422
2006-08-08,45.7977027893,63.9700012207,88.2245941162,15.2299995422
2006-08-09,45.6489334106,64.6299972534,87.9268493652,15.1999998093
2006-08-10,45.5798530579,63.2500000000,88.1969223022,14.4600000381
2006-08-11,45.3832092285,62.7099990845,87.9476013184,14.3000001907
2006-08-14,45.3034896851,62.2500000000,88.0168609619,14.2600002289
2006-08-15,45.6861114502,62.0099983215,89.0693817139,13.4200000763
2006-08-16,45.9943428040,62.4900016785,89.8103103638,12.4099998474
2006-08-17,45.9783935547,61.0299987793,90.0388183594,12.2399997711
2006-08-18,46.1112403870,61.0400009155,90.4958114624,11.6400003433
2006-08-21,46.2759933472,62.4399986267,90.1080551147,12.2200002670
2006-08-22,46.2919616699,62.0499992371,90.1011276245,12.1899995804
2006-08-23,46.3132324219,61.8300018311,89.8518524170,12.3999996185
2006-08-24,46.3982353210,61.7500000000,89.7756805420,12.3999996185
2006-08-25,46.4673309326,61.7700004578,89.8864822388,12.3100004196
2006-08-28,46.5098114014,61.0000000000,90.3157730103,12.1800003052
2006-08-29,46.5736198425,60.9399986267,90.4196548462,12.2799997330
2006-08-30,46.6958694458,61.4199981689,90.4750823975,12.2200002670
2006-08-31,46.8074188232,62.2900009155,90.4612121582,12.3100004196
2006-09-01,46.8234558105,62.1399993896,91.0013275146,11.9600000381
2006-09-05,46.5299720764,63.3600006104,91.1744689941,12.6300001144
2006-09-06,46.4659271240,62.8600006104,90.3711700439,13.7399997711
2006-09-07,46.5566291809,61.2500000000,89.9557342529,13.8800001144
2006-09-08,46.5940055847,60.6399993896,90.2119140625,13.1599998474
2006-09-11,46.5513153076,58.5000000000,90.3019332886,12.9899997711
2006-09-12,46.7860946655,58.3199996948,91.1882629395,11.9200000763
2006-09-13,46.8073921204,58.6199989319,91.5552673340,11.1800003052
2006-09-14,46.7007217407,57.1899986267,91.5621948242,11.5500001907
2006-09-15,46.6633720398,57.4000015259,91.7770690918,11.7600002289
2006-09-18,46.5886840820,58.2299995422,91.9023056030,11.7799997330
2006-09-19,47.1115303040,56.9199981689,91.6727600098,11.9799995422
2006-09-20,47.1809310913,57.2599983215,92.1595993042,11.3900003433
2006-09-21,47.6130599976,57.9500007629,91.7144699097,12.2500000000
2006-09-22,47.8478126526,58.5000000000,91.4363327026,12.5900001526
2006-09-25,48.1839599609,58.5000000000,92.1387481689,12.1199998856
2006-09-26,47.9811782837,58.7400016785,92.9038238525,11.5299997330
2006-09-27,47.8424797058,59.8100013733,93.0150527954,11.5799999237
2006-09-28,47.7624931335,59.7900009155,92.9803161621,11.7200002670
2006-09-29,47.7037582397,59.4700012207,92.9038238525,11.9799995422
2006-10-02,47.8344841003,59.1500015259,92.5560455322,12.5699996948
2006-10-03,47.7702407837,57.1100006104,92.7507934570,12.2399997711
2006-10-04,48.1183853149,56.3699989319,93.8357543945,11.8599996567
2006-10-05,47.7809257507,56.9199981689,94.0165939331,11.9799995422
2006-10-06,47.2827110291,56.9900016785,93.8983535767,11.5600004196
2006-10-09,47.4112854004,57.2000007629,93.9540176392,11.6800003052
2006-10-10,47.0363197327,57.0000000000,94.0791778564,11.5200004578
2006-10-11,46.8970565796,56.8800010681,93.9678802490,11.6199998856
2006-10-12,46.9238014221,57.4900016785,94.7816162109,11.0900001526
2006-10-13,46.6881752014,58.5699996948,95.0250625610,10.7500000000
2006-10-16,46.8970565796,59.1699981689,95.1710891724,11.0900001526
2006-10-17,46.9345321655,58.6500015259,94.8720169067,11.7299995422
2006-10-18,47.0309944153,58.5900001526,94.9972229004,11.3400001526
2006-10-19,46.9453086853,59.4099998474,95.1502380371,10.8999996185
2006-10-20,46.8970565796,58.7799987793,95.1710891724,10.6300001144
2006-10-23,46.7095794678,57.7599983215,95.6092529297,11.0799999237
2006-10-24,46.7095794678,58.1699981689,95.8944015503,10.7799997330
2006-10-25,47.0791854858,58.7599983215,96.2212905884,10.6599998474
2006-10-26,47.3845252991,59.2900009155,96.5203933716,10.5600004196
2006-10-27,47.6041259766,59.4000015259,95.9152755737,10.8000001907
2006-10-30,47.7380599976,59.9000015259,95.8457031250,11.1999998093
2006-10-31,48.1076431274,60.2400016785,95.8318481445,11.1000003815
2006-11-01,48.3738288879,61.3600006104,95.1850051880,11.5100002289
2006-11-02,48.1748733521,61.9199981689,95.1293716431,11.4200000763
2006-11-03,47.6049003601,62.2999992371,94.9624786377,11.1599998474
2006-11-06,47.7447052002,61.8899993896,96.0335311890,11.1599998474
2006-11-07,47.9651489258,62.0400009155,96.4021377563,11.0900001526
2006-11-08,48.1372528076,61.1100006104,96.6107940674,10.7500000000
2006-11-09,48.1103401184,62.9500007629,96.1030349731,11.0100002289
2006-11-10,48.3200492859,62.4900016785,96.1447830200,10.7899999619
2006-11-13,48.3093070984,62.1899986267,96.3812408447,10.8599996567
2006-11-14,48.4974822998,61.6300010681,97.1045684814,10.5000000000
2006-11-15,48.3146934509,61.8400001526,97.3827896118,10.3100004196
2006-11-16,48.0942382812,61.3100013733,97.6331481934,10.1599998474
2006-11-17,48.3684501648,61.7799987793,97.6609878540,10.0500001907
2006-11-20,48.4437370300,61.7700004578,97.7165985107,9.9700002670
2006-11-21,48.5620613098,62.2700004578,97.8139419556,9.8999996185
2006-11-22,48.6426963806,62.5000000000,98.0087051392,10.1400003433
2006-11-24,48.7287254333,63.5000000000,97.6122970581,10.7299995422
2006-11-27,48.9061813354,63.7000007629,96.2699661255,12.3000001907
2006-11-28,49.0083389282,63.5699996948,96.6872711182,11.6199998856
2006-11-29,48.8954467773,63.1599998474,97.6957397461,10.8299999237
2006-11-30,49.2180709839,64.3899993896,97.7374496460,10.9099998474
2006-12-01,49.3432960510,64.1200027466,97.5218582153,11.6599998474
2006-12-04,49.4296531677,64.1200027466,98.2660598755,11.2299995422
2006-12-05,49.1975669861,63.8100013733,98.6902770996,11.2700004578
2006-12-06,49.1004066467,62.6899986267,98.6068496704,11.3299999237
2006-12-07,49.0626029968,62.7299995422,98.1756362915,12.6700000763
2006-12-08,48.7063865662,62.0499992371,98.3564605713,12.0699996948
2006-12-11,48.9169006348,62.5699996948,98.6416473389,10.7100000381
2006-12-12,49.0194625854,62.5200004578,98.5650863647,10.6499996185
2006-12-13,48.5822792053,62.4799995422,98.6694107056,10.1800003052
2006-12-14,48.4041328430,62.1199989319,99.5387802124,9.9700002670
2006-12-15,48.4311332703,61.0000000000,99.5478591919,10.0500001907
2006-12-18,48.4472885132,61.0400009155,99.2751464844,10.6000003815
2006-12-19,48.3825531006,61.7999992371,99.4639511108,10.3000001907
2006-12-20,48.3771362305,61.6199989319,99.4080123901,10.2600002289
2006-12-21,48.6200752258,61.3800010681,99.0443496704,10.5299997330
2006-12-22,48.2476158142,61.6500015259,98.4358749390,11.3599996567
2006-12-26,48.3933525085,61.9799995422,99.0163726807,11.2600002289
2006-12-27,48.0375137329,62.2200012207,99.6667556763,10.6400003433
2006-12-28,47.9292297363,62.9000015259,99.4569320679,10.9899997711
2006-12-29,47.8913154602,63.2099990845,99.0443496704,11.5600004196
2007-01-03,48.2324905396,62.2799987793,98.8694763184,12.0399999619
2007-01-04,48.5249252319,61.6500015259,99.0792846680,11.5100002289
2007-01-05,48.3137245178,60.1699981689,98.2890167236,12.1400003433
2007-01-08,48.4003868103,60.4799995422,98.7435836792,12.0000000000
2007-01-09,48.4003868103,60.8499984741,98.6597442627,11.9099998474
2007-01-10,48.1837615967,60.5900001526,98.9883956909,11.4700002670
2007-01-11,47.9021186829,60.6300010681,99.4219741821,10.8699998856
2007-01-12,47.6800765991,62.1699981689,100.1773300171,10.1499996185
2007-01-16,47.7829742432,61.9700012207,99.9814987183,10.7399997711
2007-01-17,47.6367988586,62.6399993896,100.0234603882,10.5900001526
2007-01-18,47.7829742432,62.2599983215,99.6877441406,10.8500003815
2007-01-19,47.6530113220,63.0000000000,99.8835678101,10.3999996185
2007-01-22,47.7667236328,62.7200012207,99.5758743286,10.7700004578
2007-01-23,47.4526443481,64.2300033569,99.8695755005,10.3400001526
2007-01-24,47.4472389221,64.3300018311,100.6738662720,9.8900003433
2007-01-25,47.1060295105,64.0599975586,99.4919204712,11.2200002670
2007-01-26,47.0681037903,64.1699981689,99.4010162354,11.1300001144
2007-01-29,46.9652214050,63.7700004578,99.3450698853,11.4499998093
2007-01-30,47.0193672180,64.2200012207,99.8625411987,10.9600000381
2007-01-31,47.4147109985,64.8300018311,100.5340042114,10.4200000763
2007-02-01,47.3575820923,65.2200012207,101.1354293823,10.3100004196
2007-02-02,47.4174041748,64.2799987793,101.2753677368,10.0799999237
2007-02-05,47.4826889038,64.3099975586,101.3033142090,10.5500001907
2007-02-06,47.7437133789,64.7900009155,101.3312683105,10.6499996185
2007-02-07,47.8850936890,64.6299972534,101.5550765991,10.3199996948
2007-02-08,47.9231681824,65.5199966431,101.4221954346,10.4399995804
2007-02-09,47.6512336731,66.1200027466,100.6668777466,11.1000003815
2007-02-12,47.5424804688,65.6699981689,100.3241729736,11.6099996567
2007-02-13,47.4391860962,65.8399963379,101.1704559326,10.3400001526
2007-02-14,47.8905220032,66.3700027466,101.8348236084,10.2299995422
2007-02-15,48.0319061279,66.4100036621,101.9676818848,10.2200002670
2007-02-16,48.2004547119,66.3600006104,101.9186935425,10.0200004578
2007-02-20,48.3092422485,65.3099975586,102.1354904175,10.2399997711
2007-02-21,48.2276802063,67.3499984741,102.0935821533,10.1999998093
2007-02-22,47.9666442871,67.1500015259,102.0166473389,10.1800003052
2007-02-23,48.3092422485,67.7200012207,101.6179809570,10.5799999237
2007-02-26,48.6300544739,68.0999984741,101.5270919800,11.1499996185
2007-02-27,49.2444992065,65.4100036621,97.5616836548,18.3099994659
2007-02-28,49.0215721130,66.4800033569,98.5617599487,15.4200000763
2007-03-01,48.9904747009,65.8199996948,98.2680435181,15.8199996948
2007-03-02,49.2360687256,63.7099990845,96.9812088013,18.6100006104
2007-03-05,49.3179969788,62.9300003052,96.0580368042,19.6299991608
2007-03-06,49.1706352234,64.1500015259,97.7015762329,15.9600000381
2007-03-07,49.3616409302,64.3000030518,97.6036224365,15.2399997711
2007-03-08,49.3179969788,64.4800033569,98.4288940430,14.2899999619
2007-03-09,48.7994155884,64.2500000000,98.4568710327,14.0900001526
2007-03-12,48.9904747009,64.3700027466,98.6037521362,13.9899997711
2007-03-13,49.2852172852,63.7200012207,96.6874771118,18.1299991608
2007-03-14,49.0614051819,63.9399986267,97.4078369141,17.2700004578
2007-03-15,49.0559272766,63.9799995422,97.5407257080,16.4300003052
2007-03-16,49.0450706482,64.6200027466,97.2675399780,16.7900009155
2007-03-19,48.9413375854,64.7399978638,98.4401245117,14.5900001526
2007-03-20,48.9686470032,65.2699966431,98.9808197021,13.2700004578
2007-03-21,48.9904747009,65.8199996948,100.6097488403,12.1899995804
2007-03-22,48.6029243469,65.7600021362,100.5324859619,12.9300003052
2007-03-23,48.4664344788,65.1500015259,100.6799697876,12.9499998093
2007-03-26,48.5264816284,65.8399963379,100.5465393066,13.1599998474
2007-03-27,48.4446220398,65.6999969482,100.3078536987,13.4799995422
2007-03-28,48.3463363647,66.0500030518,99.5776214600,14.9799995422
2007-03-29,48.2808303833,65.6500015259,99.6828918457,15.1400003433
2007-03-30,48.1880302429,65.7399978638,99.7040023804,14.6400003433
2007-04-02,48.2680244446,65.8499984741,99.8163223267,14.5299997330
2007-04-03,48.2077865601,65.8300018311,100.8905944824,13.4600000381
2007-04-04,48.2570838928,66.8099975586,101.0029678345,13.2399997711
2007-04-05,48.0762825012,66.8600006104,101.2768249512,13.2299995422
2007-04-09,47.7584991455,66.5299987793,101.4172058105,13.1400003433
2007-04-10,47.9009513855,67.1600036621,101.5365524292,12.6800003052
2007-04-11,47.8681373596,67.0800018311,101.1223526001,13.4899997711
2007-04-12,47.8790473938,66.9899978638,101.5717239380,12.7100000381
2007-04-13,47.7311477661,67.8399963379,102.0351181030,12.1999998093
2007-04-16,47.9940681458,68.4000015259,103.0040588379,11.9799995422
2007-04-17,48.2625808716,68.0000000000,103.2778930664,12.1400003433
2007-04-18,48.5036354065,68.3799972534,103.4042739868,12.4200000763
2007-04-19,48.4214744568,67.5299987793,103.3761825562,12.5399999619
2007-04-20,48.2954559326,68.6999969482,104.3521804810,12.0699996948
2007-04-23,48.4707870483,68.2600021362,103.9589843750,13.0399999619
2007-04-24,48.6515617371,67.7300033569,104.0010757446,13.1199998856
2007-04-25,48.4817352295,67.8899993896,104.9560165405,13.2100000381
2007-04-26,48.1311225891,66.8700027466,105.0753479004,12.7899999619
2007-04-27,48.1200981140,67.5599975586,104.9911117554,12.4499998093
2007-04-30,48.6241722107,67.0899963379,104.1204910278,14.2200002670
2007-05-01,48.6593742371,66.6900024414,104.3872451782,13.5100002289
2007-05-02,48.6318931580,66.6600036621,104.9980926514,13.0799999237
2007-05-03,48.5219116211,67.4899978638,105.5668945312,13.0900001526
2007-05-04,48.7198143005,68.1900024414,105.9670639038,12.9099998474
2007-05-07,48.8518295288,68.2500000000,105.9881362915,13.1499996185
2007-05-08,48.7418327332,67.8799972534,105.8477401733,13.2100000381
2007-05-09,48.5494041443,67.4499969482,106.1356048584,12.8800001144
2007-05-10,48.6648902893,66.0000000000,105.0262145996,13.6000003815
2007-05-11,48.4944152832,66.4499969482,105.9249496460,12.9499998093
2007-05-14,48.3679542542,66.2799987793,105.6932449341,13.9600000381
2007-05-15,48.3514366150,66.5400009155,105.7213516235,14.0100002289
2007-05-16,48.3184509277,65.5999984741,106.4445114136,13.5000000000
2007-05-17,48.1205062866,65.0599975586,106.2339324951,13.5100002289
2007-05-18,47.8015251160,65.5199966431,107.1607589722,12.7600002289
2007-05-21,47.9444999695,65.6699981689,107.1046066284,13.3000001907
2007-05-22,47.6970405579,65.1999969482,107.0202636719,13.0600004196
2007-05-23,47.5595970154,65.5400009155,107.0343704224,13.2399997711
2007-05-24,47.6035728455,64.7500000000,106.0654144287,14.0799999237
2007-05-25,47.4936141968,64.9400024414,106.5077285767,13.3400001526
2007-05-29,47.4880943298,65.0699996948,106.8938903809,13.5299997330
2007-05-30,47.5871353149,64.7200012207,107.7645187378,12.8299999237
2007-05-31,47.4991149902,65.5400009155,107.6522140503,13.0500001907
2007-06-01,47.2495613098,66.4400024414,108.1858444214,12.7799997330
2007-06-04,47.4648818970,66.5400009155,108.1998443604,13.2899999619
2007-06-05,47.1667594910,66.3700027466,107.7716293335,13.6300001144
2007-06-06,47.1446838379,66.4100036621,106.6130218506,14.8699998856
2007-06-07,46.3000602722,65.2600021362,104.6892318726,17.0599994659
2007-06-08,46.2613983154,64.2200012207,106.0513534546,14.8400001526
2007-06-11,46.1289062500,64.6999969482,106.2339324951,14.7100000381
2007-06-12,45.4609680176,64.0999984741,105.0753479004,16.6700000763
2007-06-13,46.0020027161,64.5299987793,106.6481552124,14.7299995422
2007-06-14,45.8860549927,64.5999984741,107.3292770386,13.6400003433
2007-06-15,46.2006988525,64.8499984741,107.9399185181,13.9399995804
2007-06-18,46.1068534851,64.9499969482,107.8130111694,13.4200000763
2007-06-19,46.5374565125,65.4800033569,108.0809478760,12.8500003815
2007-06-20,46.1620483398,64.7099990845,106.5789489746,14.6700000763
2007-06-21,45.9412269592,64.5599975586,107.1712875366,14.2100000381
2007-06-22,46.2393493652,64.7799987793,106.1629257202,15.7500000000
2007-06-25,46.4932785034,64.4300003052,105.6552047729,16.6499996185
2007-06-26,46.5043144226,63.6199989319,104.5692596436,18.8899993896
2007-06-27,46.5484809875,63.6699981689,106.0571441650,15.5299997330
2007-06-28,46.5374565125,64.2600021362,106.0430297852,15.5399999619
2007-06-29,47.0177459717,64.2699966431,106.0782699585,16.2299995422
2007-07-02,47.2648696899,65.0199966431,107.0372924805,15.3999996185
2007-07-03,46.9767112732,64.7399978638,107.4251861572,14.9200000763
2007-07-05,46.4502296448,64.4199981689,107.3122863770,15.4799995422
2007-07-06,46.2618370056,64.9599990845,107.8764801025,14.7200002670
2007-07-09,46.4280624390,65.3799972534,107.9610748291,15.1599998474
2007-07-10,47.2149772644,65.6100006104,106.4237670898,17.5699996948
2007-07-11,46.7273406982,65.4400024414,107.1783599854,16.6399993896
2007-07-12,46.5666732788,66.0199966431,108.8707199097,15.5399999619
2007-07-13,46.6940841675,66.0299987793,109.1951293945,15.1499996185
2007-07-16,47.1429710388,65.8199996948,109.1810379028,15.5900001526
2007-07-17,47.0432014465,65.7500000000,109.1245956421,15.6300001144
2007-07-18,47.2205352783,66.6200027466,108.9271621704,16.0000000000
2007-07-19,47.2094841003,67.0100021362,109.3502883911,15.2299995422
2007-07-20,47.6361732483,67.5800018311,108.2431793213,16.9500007629
2007-07-23,47.5585746765,67.4700012207,108.5745620728,16.8099994659
2007-07-24,47.7359161377,67.4700012207,106.6917648315,18.5499992371
2007-07-25,47.8301353455,66.9000015259,106.9103927612,18.1000003815
2007-07-26,48.2291069031,65.6500015259,104.3788070679,20.7399997711
2007-07-27,48.3676300049,65.4100036621,102.3267974854,24.1700000763
2007-07-30,48.2291069031,65.7699966431,103.9275360107,20.8700008392
2007-07-31,48.5782737732,65.7900009155,102.7569427490,23.5200004578
2007-08-01,48.4731063843,65.9300003052,103.2575912476,23.6700000763
2007-08-02,48.5955123901,65.8899993896,104.0826644897,21.2199993134
2007-08-03,48.9181861877,66.6900024414,101.4030151367,25.1599998474
2007-08-06,48.5621032715,66.5199966431,103.1024627686,22.9400005341
2007-08-07,48.5231513977,66.4800033569,104.2025299072,21.5599994659
2007-08-08,47.9335021973,66.7699966431,105.6552047729,21.4500007629
2007-08-09,48.0002136230,65.4599990845,102.5242156982,26.4799995422
2007-08-10,47.8889732361,66.5699996948,102.0447082520,28.2999992371
2007-08-13,48.0280456543,66.2600021362,102.4113998413,26.5699996948
2007-08-14,48.1559753418,66.2900009155,100.8459548950,27.6800003052
2007-08-15,47.9835510254,66.1299972534,99.4567489624,30.6700000763
2007-08-16,48.4786682129,64.6800003052,100.2042694092,30.8299999237
2007-08-17,48.2839660645,65.0100021362,102.0447082520,29.9899997711
2007-08-20,48.3117561340,65.1200027466,101.9953689575,26.3299999237
2007-08-21,48.5454292297,65.0699996948,102.1999282837,25.2500000000
2007-08-22,48.4675369263,65.4000015259,103.4127426147,22.8899993896
2007-08-23,48.6344680786,65.3099975586,103.3211135864,22.6200008392
2007-08-24,48.8736610413,66.1100006104,104.5974273682,20.7199993134
2007-08-27,49.1295700073,65.9800033569,103.6242675781,22.7199993134
2007-08-28,49.2130317688,65.5899963379,101.3466186523,26.2999992371
2007-08-29,49.0795211792,66.0699996948,103.3351898193,23.8099994659
2007-08-30,49.4077491760,65.8000030518,103.0601730347,25.0599994659
2007-08-31,49.4466934204,66.5199966431,104.0755996704,23.3799991608
2007-09-04,49.4701347351,67.4400024414,105.1263198853,22.7800006866
2007-09-05,49.8667678833,67.5599975586,104.2166061401,24.5799999237
2007-09-06,49.7382621765,68.8600006104,104.4563827515,23.9899997711
2007-09-07,50.4420890808,69.3899993896,103.0037918091,26.2299995422
2007-09-10,50.8331222534,69.6200027466,102.8062667847,27.3799991608
2007-09-11,50.7940711975,70.5199966431,104.0050811768,25.2700004578
2007-09-12,50.6041030884,70.4599990845,104.2730484009,24.9599990845
2007-09-13,50.1516761780,70.0800018311,105.0063934326,24.7600002289
2007-09-14,50.2242546082,69.9899978638,104.9993515015,24.9200000763
2007-09-17,50.4644470215,70.9700012207,104.4352645874,26.4799995422
2007-09-18,50.0846443176,71.6999969482,107.5097732544,20.3500003815
2007-09-19,49.6209793091,71.4300003052,108.1444473267,20.0300006866
2007-09-20,48.6825065613,72.7200012207,107.3828353882,20.4500007629
2007-09-21,49.0958786011,72.3399963379,107.6726074219,19.0000000000
2007-09-24,49.2355537415,72.2799987793,107.4742660522,19.3700008392
2007-09-25,49.0623588562,72.3300018311,107.2617034912,18.6000003815
2007-09-26,49.1070556641,72.0000000000,107.8284454346,17.6299991608
2007-09-27,49.4477958679,72.6999969482,108.4661178589,17.0000000000
2007-09-28,49.5595130920,73.5100021362,108.1047973633,18.0000000000
2007-10-01,49.8427238464,73.9000015259,109.3234558105,17.8400001526
2007-10-02,49.9997482300,72.3499984741,109.1746139526,18.4899997711
2007-10-03,49.8539123535,71.9000015259,108.9550094604,18.7999992371
2007-10-04,50.0445861816,72.8700027466,109.1250839233,18.4400005341
2007-10-05,49.5062599182,73.4000015259,110.4216690063,16.9099998474
2007-10-08,49.4669952393,72.5299987793,109.8335952759,17.4599990845
2007-10-09,49.4052925110,73.0899963379,110.8680191040,16.1200008392
2007-10-10,49.4333724976,73.3600006104,110.6837921143,16.6700000763
2007-10-11,49.3829078674,73.9100036621,110.1523895264,18.8799991608
2007-10-12,49.1417312622,74.5899963379,110.7617187500,17.7299995422
2007-10-15,49.1529350281,75.1399993896,109.8264923096,19.2500000000
2007-10-16,49.1698074341,75.1200027466,108.9550094604,20.0200004578
2007-10-17,49.7081260681,74.5000000000,109.2880401611,18.5400009155
2007-10-18,49.9829406738,76.0000000000,108.8912887573,18.5000000000
2007-10-19,50.7287750244,75.6999969482,106.0430297852,22.9599990845
2007-10-22,50.7343635559,74.5999984741,106.6593780518,21.6399993896
2007-10-23,50.6670913696,75.2300033569,107.5237960815,20.4099998474
2007-10-24,51.0428123474,75.5199966431,107.3254394531,20.7999992371
2007-10-25,50.8689537048,76.0299987793,107.5805206299,21.1700000763
2007-10-26,50.7511901855,77.6900024414,108.8416976929,19.5599994659
2007-10-29,50.9474868774,78.1200027466,109.2030258179,19.8700008392
2007-10-30,50.9194145203,77.3499984741,108.4448852539,21.0699996948
2007-10-31,50.4595680237,78.6200027466,109.5714492798,18.5300006866
2007-11-01,51.1152153015,77.9300003052,107.0066146851,23.2099990845
2007-11-02,51.2785568237,79.8300018311,107.1270446777,23.0100002289
2007-11-05,51.2560310364,79.7500000000,106.3122787476,24.3099994659
2007-11-06,51.0081863403,81.4300003052,107.7434539795,21.3899993896
2007-11-07,51.0983352661,82.2399978638,104.7960586548,26.4899997711
2007-11-08,51.0081863403,82.2300033569,104.2647018433,26.1599998474
2007-11-09,51.4419250488,82.1800003052,102.8334960938,28.5000000000
2007-11-12,51.6277923584,78.3000030518,101.8131942749,31.0900001526
2007-11-13,51.4362792969,79.1200027466,104.9165191650,24.1000003815
2007-11-14,51.4925994873,80.2799987793,104.6260223389,25.9400005341
2007-11-15,51.9770240784,77.9499969482,103.1169281006,28.0599994659
2007-11-16,52.0502052307,77.7500000000,103.2939834595,25.4899997711
2007-11-19,52.3881759644,77.2399978638,101.8557281494,26.0100002289
2007-11-20,52.3318443298,79.4700012207,102.4792327881,24.8799991608
2007-11-21,52.6359939575,79.3600006104,100.3820648193,26.8400001526
2007-11-23,52.7937469482,81.2500000000,102.1179046631,25.6100006104
2007-11-26,53.8357315063,81.3000030518,99.8647994995,28.9099998474
2007-11-27,53.3231773376,80.0999984741,101.0126190186,26.2800006866
2007-11-28,52.9626884460,79.5699996948,104.2434082031,24.1100006104
2007-11-29,53.4189147949,78.2799987793,104.2788314819,23.9699993134
2007-11-30,53.1597938538,77.3199996948,105.3274536133,22.8700008392
2007-12-03,53.5816802979,78.2799987793,104.6331176758,23.6100006104
2007-12-04,53.5760612488,79.4000015259,103.6978225708,23.7900009155
2007-12-05,52.9370155334,78.6299972534,105.4337158203,22.5300006866
2007-12-06,52.4733085632,79.3700027466,106.9428863525,20.9599990845
2007-12-07,51.8851776123,78.5999984741,106.9216156006,20.8500003815
2007-12-10,51.5741882324,80.0000000000,107.7505645752,20.7399997711
2007-12-11,52.5863914490,78.8399963379,104.7960586548,23.5900001526
2007-12-12,52.0435218811,80.4899978638,105.8304672241,22.4699993134
2007-12-13,51.4780273438,78.5000000000,105.6108474731,22.5599994659
2007-12-14,51.2404975891,78.5199966431,104.2717666626,23.2700004578
2007-12-17,51.6985435486,78.1299972534,102.7838973999,24.5200004578
2007-12-18,52.0322265625,79.2500000000,103.3577423096,22.6399993896
2007-12-19,52.7221221924,79.2399978638,103.3577423096,21.6800003052
2007-12-20,52.6090202332,78.6699981689,104.0096359253,20.5799999237
2007-12-21,51.8399238586,80.0999984741,105.5089569092,18.4699993134
2007-12-24,51.5967483521,80.1399993896,106.2924270630,18.6000003815
2007-12-26,51.1443824768,81.5199966431,106.5203704834,18.6599998474
2007-12-27,51.7019386292,81.5599975586,105.1813125610,20.2600002289
2007-12-28,52.5081787109,83.0000000000,104.9177246094,20.7399997711
2007-12-31,52.8261222839,82.4599990845,104.1413803101,22.5000000000
2008-01-02,53.5869255066,84.8600006104,103.2297286987,23.1700000763
2008-01-03,53.5131454468,85.5699996948,103.1797943115,22.4899997711
2008-01-04,53.5245208740,85.1299972534,100.6512374878,23.9400005341
2008-01-07,53.7572669983,84.7699966431,100.5657501221,23.7900009155
2008-01-08,53.6948127747,86.7799987793,98.9417877197,25.4300003052
2008-01-09,53.7970237732,86.5500030518,99.9817352295,24.1200008392
2008-01-10,53.0702781677,88.2500000000,100.6369781494,23.4500007629
2008-01-11,53.4847412109,88.5800018311,99.8250198364,23.6800003052
2008-01-14,53.6834793091,89.5400009155,100.6298446655,22.8999996185
2008-01-15,54.2853202820,87.9899978638,98.4147262573,23.3400001526
2008-01-16,53.8935546875,86.6999969482,97.5670852661,24.3799991608
2008-01-17,54.5919075012,86.5000000000,95.0385208130,28.4599990845
2008-01-18,54.2171897888,87.4199981689,94.0627288818,27.1800003052
2008-01-22,54.7962417603,88.1699981689,93.1082687378,31.0100002289
2008-01-23,54.6713905334,87.8899993896,95.3447952271,29.0200004578
2008-01-24,53.5756072998,90.0800018311,96.1497116089,27.7800006866
2008-01-25,54.4783592224,90.3000030518,94.7607650757,29.0799999237
2008-01-28,54.2739562988,91.7500000000,96.3277587891,27.7800006866
2008-01-29,53.9049377441,91.1500015259,96.8049697876,27.3199996948
2008-01-30,53.5528869629,92.0599975586,96.0926971436,27.6200008392
2008-01-31,53.9332885742,91.4000015259,97.8448791504,26.2000007629
2008-02-01,54.2574501038,89.3499984741,99.4190444946,24.0200004578
2008-02-04,53.6991310120,89.0999984741,98.1654129028,25.9899997711
2008-02-05,54.1093521118,87.6800003052,95.5371170044,28.2399997711
2008-02-06,53.9440956116,88.9499969482,94.7678680420,28.9699993134
2008-02-07,52.7818374634,89.8499984741,95.3946914673,27.6599998474
2008-02-08,53.3857421875,91.0000000000,94.7821350098,28.0100002289
2008-02-11,53.6079673767,91.3300018311,95.2664871216,27.6000003815
2008-02-12,53.2889175415,89.3300018311,96.1497116089,26.3299999237
2008-02-13,52.7248229980,89.4400024414,97.1326293945,24.8799991608
2008-02-14,51.9499397278,89.7099990845,96.2779235840,25.5400009155
2008-02-15,52.3488235474,89.1500015259,96.2565383911,25.0200004578
2008-02-19,51.8189353943,91.5800018311,96.5271606445,25.5900001526
2008-02-20,52.1778945923,93.2399978638,96.8121032715,24.3999996185
2008-02-21,52.7305717468,93.2500000000,96.0072479248,25.1200008392
2008-02-22,52.4285926819,93.3899993896,96.5983886719,24.0599994659
2008-02-25,51.8930130005,92.7399978638,97.8163833618,23.0300006866
2008-02-26,51.9101142883,93.7099990845,98.5500564575,21.8999996185
2008-02-27,51.9556694031,94.7799987793,98.4503021240,22.6900005341
2008-02-28,52.8786659241,95.9899978638,97.4887771606,23.5300006866
2008-02-29,53.6877326965,96.1800003052,95.3163223267,26.5400009155
2008-03-03,53.5493583679,97.2399978638,95.0883941650,26.2800006866
2008-03-04,53.0289382935,95.1800003052,94.7251434326,25.5200004578
2008-03-05,52.3941764832,97.7200012207,95.3234481812,24.6000003815
2008-03-06,52.6743774414,96.5000000000,93.3504180908,27.5499992371
2008-03-07,52.7429847717,96.0899963379,92.3888931274,27.4899997711
2008-03-10,53.5207748413,95.8700027466,91.1709136963,29.3799991608
2008-03-11,53.0632667542,95.9899978638,94.4473648071,26.3600006104
2008-03-12,54.0868988037,97.0100021362,93.5641326904,27.2199993134
2008-03-13,53.6636848450,98.3399963379,93.7706832886,27.2900009155
2008-03-14,54.3270606995,98.7099990845,92.3176345825,31.1599998474
2008-03-17,54.7445373535,99.1699981689,91.3845825195,32.2400016785
2008-03-18,54.5329360962,96.5000000000,95.1810226440,25.7900009155
2008-03-19,55.4364967346,93.0400009155,92.8234100342,29.8400001526
2008-03-20,55.5737152100,89.9100036621,94.5426940918,26.6200008392
2008-03-24,54.4985885620,90.0999984741,96.4324264526,25.7299995422
2008-03-25,54.7273597717,92.7300033569,96.5254745483,25.7199993134
2008-03-26,54.4985885620,93.8000030518,95.3444213867,26.0799999237
2008-03-27,54.1154899597,93.4599990845,95.0437545776,25.8799991608
2008-03-28,54.6415328979,91.8799972534,94.1347351074,25.7099990845
2008-03-31,54.8360366821,90.4100036621,94.4639968872,25.6100006104
2008-04-01,53.9435882568,86.8600006104,97.7853012085,22.6800003052
2008-04-02,54.0584411621,89.2699966431,97.8496932983,23.4300003052
2008-04-03,54.1790122986,89.4199981689,98.0930786133,23.2099990845
2008-04-04,54.6729240417,90.2500000000,97.9857101440,22.4500007629
2008-04-07,54.3858032227,91.1699981689,98.0358581543,22.4200000763
2008-04-08,54.1962203979,90.3499984741,97.9356079102,22.3600006104
2008-04-09,54.7590370178,92.2900009155,97.2269668579,22.8099994659
2008-04-10,54.5753097534,91.7699966431,97.3629531860,21.9799995422
2008-04-11,54.9428329468,91.3000030518,95.4732589722,23.4599990845
2008-04-14,54.6212730408,91.1100006104,95.1511230469,23.8199996948
2008-04-15,53.9435882568,91.6600036621,95.3730468750,22.7800006866
2008-04-16,53.4152145386,93.2699966431,97.9570999146,20.5300006866
2008-04-17,53.3233108521,92.5599975586,98.1002502441,20.3700008392
2008-04-18,53.2773475647,90.6200027466,99.1238403320,20.1299991608
2008-04-21,53.4898605347,90.2500000000,99.1739273071,20.5000000000
2008-04-22,53.6736412048,90.2699966431,98.7372665405,20.8700008392
2008-04-23,53.4956016541,89.2200012207,98.5798110962,20.2600002289
2008-04-24,53.0419349670,87.2200012207,99.0092926025,20.0599994659
2008-04-25,52.7317886353,87.2699966431,99.9254989624,19.5900001526
2008-04-28,52.8926086426,87.6900024414,99.9470291138,19.6399993896
2008-04-29,53.0936317444,85.8099975586,99.5532760620,20.2399997711
2008-04-30,53.4726257324,86.6500015259,98.9663543701,20.7900009155
2008-05-01,53.4761199951,83.9899978638,101.0135650635,18.8799991608
2008-05-02,52.8017463684,84.5800018311,101.2927246094,18.1800003052
2008-05-05,52.8017463684,86.2699966431,100.8059539795,18.8999996185
2008-05-06,52.4212989807,86.6299972534,101.6792144775,18.2099990845
2008-05-07,52.6461296082,85.8199996948,99.8682632446,19.7299995422
2008-05-08,53.1187438965,87.2399978638,99.6105575562,19.3999996185
2008-05-09,53.3147163391,87.4199981689,99.4244689941,19.4099998474
2008-05-12,53.2340698242,86.9899978638,100.5411376953,17.7900009155
2008-05-13,52.6519088745,85.3899993896,100.5554046631,17.9799995422
2008-05-14,52.6749916077,85.1999969482,100.7630233765,17.6599998474
2008-05-15,53.1533470154,87.0000000000,102.0228042603,16.2999992371
2008-05-16,52.9343185425,89.0999984741,102.1158752441,16.4699993134
2008-05-19,53.0034904480,89.3899993896,102.3950653076,17.0100002289
2008-05-20,53.2801551819,90.9000015259,101.5646820068,17.5799999237
2008-05-21,53.2916831970,91.9599990845,99.8468017578,18.5900001526
2008-05-22,52.6634063721,90.9800033569,99.8611297607,18.0499992371
2008-05-23,52.8939628601,91.2300033569,98.5225753784,19.5499992371
2008-05-27,52.5366401672,89.3600006104,99.2526702881,19.6399993896
2008-05-28,52.0697669983,89.1399993896,99.7107849121,19.0699996948
2008-05-29,51.6950759888,86.5100021362,100.2118530273,18.1399993896
2008-05-30,52.0352058411,87.4499969482,100.4623947144,17.8299999237
2008-06-02,52.2359085083,87.9599990845,99.4244689941,19.8299999237
2008-06-03,52.6119194031,86.8799972534,98.8446578979,20.2399997711
2008-06-04,52.1433448792,86.6500015259,98.7945632935,20.7999992371
2008-06-05,51.8309631348,86.4499969482,100.7701568604,18.6299991608
2008-06-06,52.5020370483,89.0599975586,97.5562133789,23.5599994659
2008-06-09,52.5020370483,87.9899978638,97.7924270630,23.1200008392
2008-06-10,52.1606674194,85.5500030518,97.3056793213,23.1800003052
2008-06-11,52.0392112732,87.0199966431,95.8740921021,24.1200008392
2008-06-12,51.5186424255,85.5999984741,96.2391586304,23.3299999237
2008-06-13,51.4086875916,85.8300018311,97.4560241699,21.2199993134
2008-06-16,51.4202766418,87.0100021362,97.5132827759,20.9500007629
2008-06-17,51.5243339539,87.2500000000,97.0408859253,21.1299991608
2008-06-18,51.9582405090,88.2799987793,96.0960159302,22.2399997711
2008-06-19,51.6516990662,88.4199981689,96.2177200317,21.5799999237
2008-06-20,51.9524459839,88.9499969482,94.6559066772,22.8700008392
2008-06-23,52.0623855591,87.0899963379,94.5623626709,22.6399993896
2008-06-24,52.4094696045,87.4700012207,94.3753356934,22.4200000763
2008-06-25,52.4325714111,87.4199981689,94.8213729858,21.1399993896
2008-06-26,52.7854461670,90.6100006104,92.2459945679,23.9300003052
2008-06-27,53.4043846130,91.4700012207,91.7424240112,23.4400005341
2008-06-30,53.4159965515,91.4000015259,92.0661849976,23.9500007629
2008-07-01,53.2894248962,92.6600036621,92.3538818359,23.6499996185
2008-07-02,53.5680847168,93.1699981689,90.7712783813,25.9200000763
2008-07-03,53.4519462585,92.0599975586,90.8647994995,24.7800006866
2008-07-07,53.6958084106,91.2300033569,89.9367675781,25.7800006866
2008-07-08,54.0441436768,90.8600006104,91.5338058472,23.1499996185
2008-07-09,54.2821693420,91.5000000000,89.7713470459,25.2299995422
2008-07-10,54.2764053345,93.5299987793,90.1381912231,25.5900001526
2008-07-11,53.5042152405,95.1600036621,89.0878982544,27.4899997711
2008-07-14,53.9744758606,95.9100036621,88.2822341919,28.4799995422
2008-07-15,53.9570770264,96.1699981689,87.0376892090,28.5400009155
2008-07-16,52.9817352295,94.4400024414,89.1742630005,25.1000003815
2008-07-17,52.7088470459,94.2200012207,90.0662765503,25.0100002289
2008-07-18,52.5114593506,94.1699981689,90.6273803711,24.0499992371
2008-07-21,52.7147026062,95.1200027466,90.6777572632,23.0499992371
2008-07-22,52.4533996582,93.0599975586,91.7064514160,21.1800003052
2008-07-23,52.3489227295,90.5699996948,92.2028350830,21.3099994659
2008-07-24,52.8598213196,91.3300018311,90.2892608643,23.4400005341
2008-07-25,52.3314971924,91.6900024414,90.2677536011,22.9099998474
2008-07-28,52.8598213196,91.7300033569,88.9440383911,24.2299995422
2008-07-29,52.6450233459,90.5899963379,90.8432235718,22.0300006866
2008-07-30,52.6972579956,89.5199966431,92.4618301392,21.2099990845
2008-07-31,53.2197647095,90.0800018311,91.2388992310,22.9400005341
2008-08-01,53.3374595642,89.5699996948,90.7568740845,22.5699996948
2008-08-04,53.2150688171,88.1399993896,89.9152221680,23.4899997711
2008-08-05,52.8188743591,86.0800018311,92.3395080566,21.1399993896
2008-08-06,52.6033096313,86.6399993896,92.7495727539,20.2299995422
2008-08-07,53.4598312378,86.0899963379,91.3683166504,21.1499996185
2008-08-08,53.6054763794,84.4300003052,93.0660629272,20.6599998474
2008-08-11,53.0927124023,81.1299972534,94.0300445557,20.1200008392
2008-08-12,53.5880241394,80.5199966431,93.0517044067,21.1700000763
2008-08-13,53.4015731812,81.5599975586,92.4905624390,21.5499992371
2008-08-14,53.7452812195,79.3499984741,93.1883697510,20.3400001526
2008-08-15,54.2114334106,77.6299972534,93.6415710449,19.5799999237
2008-08-18,54.4270324707,78.8000030518,92.3610839844,20.9799995422
2008-08-19,54.2172813416,80.4300003052,91.3539505005,21.2800006866
2008-08-20,54.3687553406,80.0599975586,91.7783813477,20.4200000763
2008-08-21,54.2697219849,82.3000030518,91.9366607666,19.8199996948
2008-08-22,54.2347793579,81.0800018311,93.2675247192,18.8099994659
2008-08-25,54.7766304016,80.9300003052,91.3755645752,20.9699993134
2008-08-26,54.8232460022,81.2300033569,91.6417236328,20.4899997711
2008-08-27,54.9164924622,81.3600006104,92.5337371826,19.7600002289
2008-08-28,54.9222869873,82.1800003052,93.6559677124,19.4300003052
2008-08-29,54.6775856018,81.7099990845,92.6488494873,20.6499996185
2008-09-02,55.1863250732,79.1999969482,92.0733642578,21.9899997711
2008-09-03,55.4202766418,78.8899993896,91.9942321777,21.4300003052
2008-09-04,55.8647384644,78.3899993896,89.2246093750,24.0300006866
2008-09-05,55.8354377747,78.9800033569,89.5051574707,23.0599994659
2008-09-08,56.0693740845,78.8600006104,91.3539505005,22.6399993896
2008-09-09,56.6249351501,76.4899978638,88.6418914795,25.4699993134
2008-09-10,56.2740325928,74.2200012207,89.0015869141,24.5200004578
2008-09-11,56.2448310852,73.0800018311,90.2892608643,24.3899993896
2008-09-12,55.5196914673,75.5500030518,90.7065277100,25.6599998474
2008-09-15,57.3208274841,77.5599975586,86.3902664185,31.7000007629
2008-09-16,57.3091201782,76.7900009155,87.8362045288,30.2999992371
2008-09-17,57.5957069397,85.4599990845,83.8868103027,36.2200012207
2008-09-18,56.7535858154,82.8000030518,86.3758773804,33.0999984741
2008-09-19,54.9524765015,85.9800033569,89.8061828613,32.0699996948
2008-09-22,54.9465827942,89.1800003052,87.7730178833,33.8499984741
2008-09-23,54.7360801697,88.3199996948,85.7760620117,35.7200012207
2008-09-24,54.9757957458,86.7099990845,86.0510101318,35.1899986267
2008-09-25,54.8647041321,86.4499969482,87.3967971802,32.8199996948
2008-09-26,55.2623825073,86.6399993896,87.4401855469,34.7400016785
2008-09-29,56.8705863953,89.5699996948,80.5882415771,46.7200012207
2008-09-30,55.4845848083,85.0699996948,83.9237747192,39.3899993896
2008-10-01,56.1826438904,85.9700012207,83.9744110107,39.8100013733
2008-10-02,56.6342964172,82.3300018311,80.9282760620,45.2599983215
2008-10-03,57.1328811646,82.5899963379,79.8357391357,45.1399993896
2008-10-06,58.1711235046,84.2799987793,75.7694244385,52.0499992371
2008-10-07,57.9951400757,87.2699966431,72.3759994507,53.6800003052
2008-10-08,57.1622276306,89.4199981689,70.5527343750,57.5299987793
2008-10-09,56.6812248230,89.9000015259,65.6253433228,63.9199981689
2008-10-10,56.2823524475,83.2200012207,64.0335693359,69.9499969482
2008-10-13,55.5608558655,81.9899978638,73.3310928345,54.9900016785
2008-10-14,55.2030334473,82.1999969482,72.2457733154,55.1300010681
2008-10-15,55.7309265137,83.3099975586,65.1333541870,69.2500000000
2008-10-16,55.4435501099,79.2900009155,67.8466262817,67.6100006104
2008-10-17,55.0622634888,77.2099990845,67.4414978027,70.3300018311
2008-10-20,55.5021743774,78.5000000000,71.4932937622,52.9700012207
2008-10-21,55.7954750061,76.0299987793,69.3588562012,53.1100006104
2008-10-22,56.9275817871,71.7099990845,65.5819396973,69.6500015259
2008-10-23,57.3499374390,70.6500015259,66.3416824341,67.8000030518
2008-10-24,56.7398948669,72.2099990845,62.9771919250,79.1299972534
2008-10-27,56.7809448242,72.1800003052,60.7414550781,80.0599975586
2008-10-28,55.9538230896,73.7900009155,67.8393707275,66.9599990845
2008-10-29,55.6722755432,74.0000000000,67.3474121094,69.9599990845
2008-10-30,55.1678390503,72.7099990845,69.6771926880,62.9000015259
2008-10-31,54.4521751404,71.3399963379,70.0606842041,59.8899993896
2008-11-03,54.5994567871,71.0999984741,70.2632980347,53.6800003052
2008-11-04,55.6241989136,75.4800033569,72.6509552002,47.7299995422
2008-11-05,56.2837638855,72.8000030518,69.5976486206,54.5600013733
2008-11-06,55.8773994446,72.2200012207,65.7411270142,63.6800003052
2008-11-07,55.5122718811,72.5000000000,67.9117507935,56.0999984741
2008-11-10,55.7831726074,73.5800018311,67.0217895508,59.9799995422
2008-11-11,55.9481048584,72.0500030518,64.9524765015,61.4399986267
2008-11-12,56.3072891235,70.0000000000,62.0944900513,66.4599990845
2008-11-13,54.9586906433,72.1500015259,65.9654159546,59.8300018311
2008-11-14,56.0482215881,73.3000030518,62.6733169556,66.3099975586
2008-11-17,56.2955589294,72.6500015259,61.8412284851,69.1500015259
2008-11-18,57.0199317932,72.5100021362,63.0061492920,67.6399993896
2008-11-19,58.4804840088,72.2600021362,58.9687728882,74.2600021362
2008-11-20,61.5016670227,73.4499969482,54.5913162231,80.8600006104
2008-11-21,60.6123771667,78.8499984741,57.5361442566,72.6699981689
2008-11-24,59.6641960144,80.9100036621,61.5228767395,64.6999969482
2008-11-25,61.4192314148,80.8700027466,61.9787025452,60.9000015259
2008-11-26,61.5016670227,80.3799972534,64.3736343384,54.9199981689
2008-11-28,62.2614059448,80.3099975586,65.1840209961,55.2799987793
2008-12-01,64.6457061768,75.6500015259,59.4101219177,68.5100021362
2008-12-02,64.8939056396,76.9499969482,61.6965026855,62.9799995422
2008-12-03,65.0771102905,76.1800003052,63.1797599792,60.7200012207
2008-12-04,66.3593444824,75.5000000000,61.7182464600,63.6399993896
2008-12-05,65.2838821411,74.5199966431,63.6211585999,59.9300003052
2008-12-08,65.1420669556,76.1999969482,65.8424148560,58.4900016785
2008-12-09,66.4302368164,76.3300018311,64.7571334839,58.9099998474
2008-12-10,66.2707290649,79.7500000000,65.1984481812,55.7299995422
2008-12-11,66.4007186890,80.6500015259,63.6283836365,55.7799987793
2008-12-12,66.4007186890,80.8099975586,64.3881072998,54.2799987793
2008-12-15,67.1571350098,82.5999984741,63.4909133911,56.7599983215
2008-12-16,68.8175659180,84.4599990845,66.4791564941,52.3699989319
2008-12-17,70.6848220825,85.4300003052,65.8351516724,49.8400001526
2008-12-18,72.1679687500,83.8700027466,64.6051483154,47.3400001526
2008-12-19,72.2448883057,82.6299972534,64.3272857666,44.9300003052
2008-12-22,71.6893768311,83.4599990845,63.5030097961,44.5600013733
2008-12-23,71.5948486328,82.6299972534,62.8465309143,45.0200004578
2008-12-24,71.4412155151,83.4599990845,63.2112617493,44.2099990845
2008-12-26,71.6775436401,85.5999984741,63.5759696960,43.3800010681
2008-12-29,71.5915374756,86.3499984741,63.3935966492,43.9000015259
2008-12-30,72.2734756470,85.9000015259,64.8962097168,41.6300010681
2008-12-31,70.7615814209,86.5199966431,65.8225631714,40.0000000000
2009-01-02,68.9828414917,86.2300033569,67.8065795898,39.1899986267
2009-01-05,67.2042388916,84.4800033569,67.7263488770,39.0800018311
2009-01-06,66.5283126831,85.1299972534,68.1785888672,38.5600013733
2009-01-07,66.7891769409,82.7500000000,66.1362457275,43.3899993896
2009-01-08,66.7357711792,84.4599990845,66.4060897827,42.5600013733
2009-01-09,66.8366088867,83.9199981689,64.9837493896,42.8199996948
2009-01-12,67.5302886963,80.7600021362,63.4227943420,45.8400001526
2009-01-13,67.6014175415,80.8799972534,63.5394821167,43.2700004578
2009-01-14,68.7160339355,79.7900009155,61.5409164429,49.1399993896
2009-01-15,68.8287124634,80.3899993896,61.5627632141,51.0000000000
2009-01-16,67.7674484253,82.7099990845,62.0441780090,46.1100006104
2009-01-20,67.7555618286,84.5199966431,58.7691230774,56.6500015259
2009-01-21,65.6152648926,84.1500015259,61.3074607849,46.4199981689
2009-01-22,64.3523788452,84.5800018311,60.3592300415,47.2900009155
2009-01-23,63.8484344482,88.5299987793,60.6218261719,47.2700004578
2009-01-26,63.2910995483,88.9499969482,61.0375976562,45.6899986267
2009-01-27,64.7792968750,88.3799972534,61.6575775146,42.2500000000
2009-01-28,63.1607208252,87.4199981689,63.7437286377,39.6599998474
2009-01-29,61.7080764771,89.5000000000,61.6721801758,42.6300010681
2009-01-30,61.5124473572,91.3099975586,60.4175949097,44.8400001526
2009-02-02,62.6569099426,88.8399963379,60.2352561951,45.5200004578
2009-02-03,61.1646614075,88.4700012207,61.0813789368,43.0600013733
2009-02-04,60.9506340027,89.1800003052,60.7822952271,43.8499984741
2009-02-05,61.0041084290,90.1200027466,61.6867713928,43.7299995422
2009-02-06,60.8138694763,89.5899963379,63.4446754456,43.3699989319
2009-02-09,61.0100364685,88.3199996948,63.5322151184,43.6399993896
2009-02-10,62.3358840942,90.2099990845,60.6218261719,46.6699981689
2009-02-11,63.1444015503,92.2900009155,60.9792442322,44.5299987793
2009-02-12,62.5498733521,93.1699981689,61.0229911804,41.2500000000
2009-02-13,60.8852081299,92.5500030518,60.3665504456,42.9300003052
2009-02-17,62.7817649841,95.4499969482,57.7843894958,48.6599998474
2009-02-18,62.2466659546,96.9100036621,57.6458015442,48.4599990845
2009-02-19,61.1884422302,95.7699966431,57.0258102417,47.0800018311
2009-02-20,61.7829399109,97.8000030518,56.4714508057,49.2999992371
2009-02-23,62.3536682129,97.7300033569,54.4509544373,52.6199989319
2009-02-24,62.2882843018,94.7300033569,56.5152130127,45.4900016785
2009-02-25,61.5689468384,93.1500015259,56.0702667236,44.6699981689
2009-02-26,60.9208984375,93.0599975586,55.1585044861,44.6599998474
2009-02-27,60.5701255798,92.6299972534,53.9257850647,46.3499984741
2009-03-02,61.5728759766,90.9300003052,51.4968032837,52.6500015259
2009-03-03,61.1614685059,90.0400009155,51.1102333069,50.9300003052
2009-03-04,60.8813362122,88.9899978638,52.3210716248,47.5600013733
2009-03-05,62.5744438171,91.9899978638,50.1838722229,50.1699981689
2009-03-06,62.1571617126,92.2900009155,50.2714157104,49.3300018311
2009-03-09,61.7934722900,90.5699996948,49.6805763245,49.6800003052
2009-03-10,60.6070594788,88.1399993896,52.6419792175,44.3699989319
2009-03-11,61.2628669739,89.2200012207,52.9848289490,43.6100006104
2009-03-12,61.5550155640,91.0999984741,55.0709609985,41.1800003052
2009-03-13,61.2450103760,91.3000030518,55.5013198853,42.3600006104
2009-03-16,60.2791976929,90.8000030518,55.3335533142,43.7400016785
2009-03-17,59.9513473511,90.0400009155,57.0258102417,40.7999992371
2009-03-18,62.2227516174,93.0899963379,58.3022689819,40.0600013733
2009-03-19,62.3002281189,94.3499984741,57.5801544189,43.6800003052
2009-03-20,61.9544487000,93.5899963379,56.3540649414,45.8899993896
2009-03-23,61.4178810120,92.0800018311,60.4019088745,43.2299995422
2009-03-24,62.0021667480,90.9499969482,59.2117881775,42.9300003052
2009-03-25,61.1674652100,91.9800033569,59.8362236023,42.2500000000
2009-03-26,61.8769302368,91.9300003052,61.0557289124,40.3600006104
2009-03-27,62.3360099792,90.6900024414,59.9537506104,41.0400009155
2009-03-30,62.5744438171,89.9800033569,57.8820800781,45.5400009155
2009-03-31,63.0216064453,90.2799987793,58.4183578491,44.1399993896
2009-04-01,63.5967559814,91.0299987793,59.5497207642,42.2799987793
2009-04-02,62.8194961548,88.8000030518,61.2908477783,42.0400009155
2009-04-03,61.5340423584,87.5899963379,61.9005584717,39.7000007629
2009-04-06,61.2710189819,85.2699966431,61.4157066345,40.9300003052
2009-04-07,61.4264221191,86.7399978638,59.9831581116,40.3899993896
2009-04-08,61.9705429077,86.6100006104,60.6296119690,38.8499984741
2009-04-09,61.1932640076,86.3099975586,63.0392608643,36.5299987793
2009-04-13,61.7552680969,87.8799972534,63.0539321899,37.8100013733
2009-04-14,62.0781288147,87.3700027466,61.9666824341,37.6699981689
2009-04-15,61.9705429077,87.5000000000,62.6278686523,36.1699981689
2009-04-16,61.4802818298,85.8099975586,63.5461540222,35.7900009155
2009-04-17,60.8046150208,85.2200012207,63.9722366333,33.9399986267
2009-04-20,61.7253532410,86.9499969482,61.2908477783,39.1800003052
2009-04-21,61.1155166626,86.8899993896,62.4882583618,37.1399993896
2009-04-22,60.7448577881,87.3799972534,62.1062545776,38.0999984741
2009-04-23,60.7389068604,88.8000030518,62.7160224915,37.1500015259
2009-04-24,60.1290321350,89.7200012207,63.6637077332,36.8199996948
2009-04-27,60.3861236572,89.0100021362,63.0612869263,38.3199996948
2009-04-28,59.3996315002,87.7500000000,62.8629379272,37.9500007629
2009-04-29,58.8735008240,88.3300018311,64.1999740601,36.0800018311
2009-04-30,58.6403045654,87.2699966431,64.2220001221,36.5000000000
2009-05-01,58.2366981506,86.9499969482,64.5672760010,35.2999992371
2009-05-04,58.4286613464,88.6399993896,66.7638778687,34.5299987793
2009-05-05,58.3566589355,88.2500000000,66.5360946655,33.3600006104
2009-05-06,58.2187614441,89.5400009155,67.6895065308,32.4500007629
2009-05-07,56.7974319458,89.4400024414,66.7491683960,33.4399986267
2009-05-08,56.9353523254,89.9800033569,68.3066101074,32.0499992371
2009-05-11,57.7449569702,89.6900024414,67.0283126831,32.8699989319
2009-05-12,57.9548454285,90.6999969482,66.8299713135,31.7999992371
2009-05-13,58.5845336914,91.0899963379,65.1476516724,33.6500015259
2009-05-14,58.8124160767,91.0299987793,65.7059478760,31.3700008392
2009-05-15,58.7944183350,91.5500030518,65.1696853638,33.1199989319
2009-05-18,57.8828964233,90.3600006104,67.0209960938,30.2399997711
2009-05-19,57.5770606995,90.9599990845,66.9401779175,28.7999992371
2009-05-20,58.1827926636,92.2500000000,66.4920425415,29.0300006866
2009-05-21,56.7194557190,93.8499984741,65.5370178223,31.3500003815
2009-05-22,56.0898094177,94.1500015259,65.3973922729,32.6300010681
2009-05-26,55.2442131042,93.7600021362,67.0723800659,30.6200008392
2009-05-27,54.2666854858,93.4499969482,65.8749694824,32.3600006104
2009-05-28,55.0522956848,94.2399978638,66.7932205200,31.6700000763
2009-05-29,56.4735984802,96.1999969482,67.9760055542,28.9200000763
2009-06-01,54.8040237427,95.7300033569,69.6215972900,30.0400009155
2009-06-02,55.0988426208,96.3600006104,69.6803588867,29.6299991608
2009-06-03,55.6162910461,94.4100036621,68.7988204956,31.0200004578
2009-06-04,54.4670753479,96.2300033569,69.4453048706,30.1800003052
2009-06-05,54.0519676208,93.7099990845,69.4599838257,29.6200008392
2009-06-08,53.9135589600,93.5599975586,69.1734619141,29.7700004578
2009-06-09,53.9075775146,93.8300018311,69.5260772705,28.2700004578
2009-06-10,53.0592384338,93.8600006104,69.3498153687,28.4599990845
2009-06-11,53.6488761902,93.6999969482,69.6583099365,28.1100006104
2009-06-12,54.1301994324,92.1699981689,69.8493194580,28.1499996185
2009-06-15,54.6175231934,91.0999984741,68.2477951050,30.8099994659
2009-06-16,55.5680923462,91.9300003052,67.3221893311,32.6800003052
2009-06-17,55.2552566528,92.3499984741,67.2560729980,31.5400009155
2009-06-18,54.4189605713,91.6100006104,67.7482833862,30.0300006866
2009-06-19,55.1650238037,91.9000015259,67.9979782104,27.9899997711
2009-06-22,55.7005157471,90.5400009155,65.9589233398,31.1700000763
2009-06-23,56.3562812805,90.9199981689,66.0106582642,30.5799999237
2009-06-24,55.7907066345,91.4499969482,66.5794982910,29.0499992371
2009-06-25,56.8135452271,92.3099975586,68.0275115967,26.3600006104
2009-06-26,56.9097671509,92.2900009155,67.8502273560,25.9300003052
2009-06-29,56.9940414429,92.0400009155,68.4855651855,25.3500003815
2009-06-30,56.8977851868,91.1800003052,67.9314651489,26.3500003815
2009-07-01,56.7849006653,92.3899993896,68.2122497559,26.2199993134
2009-07-02,56.9176673889,91.2500000000,66.3504638672,27.9500007629
2009-07-06,56.8090400696,90.7600021362,66.3431091309,29.0000000000
2009-07-07,57.1893081665,90.7099990845,65.0576248169,30.8500003815
2009-07-08,58.2455329895,89.2699966431,65.0132827759,31.2999992371
2009-07-09,57.5514602661,89.5100021362,65.1388702393,29.7800006866
2009-07-10,58.0825729370,89.5800018311,64.9837646484,29.0200004578
2009-07-13,57.7566566467,90.1900024414,66.5647277832,26.3099994659
2009-07-14,56.7969627380,90.8099975586,66.9415588379,25.0200004578
2009-07-15,55.3362617493,92.2399978638,68.8993072510,25.8899993896
2009-07-16,55.9338302612,91.9800033569,68.7884826660,25.4200000763
2009-07-17,55.0707244873,91.9300003052,69.5420303345,24.3400001526
2009-07-20,55.3604469299,93.2799987793,70.2808227539,24.3999996185
2009-07-21,56.4650039673,93.1299972534,70.6059036255,23.8700008392
2009-07-22,55.9579544067,93.4400024414,70.5911026001,23.4699993134
2009-07-23,54.9318809509,93.2600021362,72.1499633789,23.4300003052
2009-07-24,55.1974945068,93.4100036621,72.4454727173,23.0900001526
2009-07-27,54.5637207031,93.7099990845,72.6597366333,24.2800006866
2009-07-28,55.0465507507,92.1100006104,72.3199081421,25.0100002289
2009-07-29,55.3483734131,91.1999969482,72.1425399780,25.6100006104
2009-07-30,56.1330451965,91.6200027466,72.8961486816,25.3999996185
2009-07-31,57.2255096436,93.3499984741,72.9995651245,25.9200000763
2009-08-03,56.3582725525,93.8700027466,74.2038269043,25.5599994659
2009-08-04,55.9101066589,94.6800003052,74.3958816528,24.8899993896
2009-08-05,55.0743598938,94.7799987793,74.1816177368,24.8999996185
2009-08-06,55.2620887756,94.5999984741,73.7974624634,25.6700000763
2009-08-07,54.8018569946,93.7500000000,74.7652969360,24.7600002289
2009-08-10,55.4861984253,92.9300003052,74.6101379395,24.9899997711
2009-08-11,56.1281433105,92.7900009155,73.6792678833,25.9899997711
2009-08-12,55.5285987854,92.9499969482,74.4697570801,25.4500007629
2009-08-13,56.3158836365,93.7200012207,75.0386123657,24.7099990845
2009-08-14,56.5339012146,93.0000000000,74.4623641968,24.2700004578
2009-08-17,57.3696327209,91.6100006104,72.6301498413,27.8899993896
2009-08-18,57.0365829468,92.0599975586,73.2064666748,26.1800003052
2009-08-19,57.5089225769,92.5299987793,73.8491973877,26.2600002289
2009-08-20,57.9813156128,92.2699966431,74.6101379395,25.0900001526
2009-08-21,56.7882652283,93.6500015259,76.0729217529,25.0100002289
2009-08-24,57.8178176880,92.3399963379,76.0655364990,25.1399993896
2009-08-25,58.1448516846,92.7600021362,76.2132949829,24.9200000763
2009-08-26,58.4112892151,92.7900009155,76.2206878662,24.9500007629
2009-08-27,58.1811790466,93.1900024414,76.3906173706,24.6800003052
2009-08-28,58.4476318359,93.8700027466,76.3758316040,24.7600002289
2009-08-31,58.5021476746,93.4000015259,75.6961669922,26.0100002289
2009-09-01,58.3605575562,93.9000015259,74.0265045166,29.1499996185
2009-09-02,59.2111244202,96.1900024414,73.7457656860,28.8999996185
2009-09-03,58.8466072083,97.4599990845,74.3589401245,27.1000003815
2009-09-04,57.8441772461,97.5299987793,75.4006271362,25.2600002289
2009-09-08,57.4371337891,97.4300003052,76.0507812500,25.6200008392
2009-09-09,57.3702812195,97.0800018311,76.6343994141,24.3199996948
2009-09-10,58.4274063110,97.6999969482,77.4175338745,23.5499992371
2009-09-11,58.7494049072,98.7799987793,77.4027709961,24.1499996185
2009-09-14,58.1661834717,97.9599990845,77.7794952393,23.8600006104
2009-09-15,57.8684806824,98.9000015259,78.1046066284,23.4200000763
2009-09-16,57.9717674255,99.9100036621,79.2866668701,23.6900005341
2009-09-17,58.7008056641,99.3399963379,79.1684494019,23.6499996185
2009-09-18,58.1783142090,98.6699981689,79.2189254761,23.9200000763
2009-09-21,58.3119392395,98.3600006104,79.0184783936,24.0599994659
2009-09-22,58.4334678650,99.6699981689,79.4787597656,23.0799999237
2009-09-23,58.6096878052,98.8300018311,78.8180618286,23.4899997711
2009-09-24,58.7798042297,97.5500030518,77.9495849609,24.9500007629
2009-09-25,59.5270919800,97.0000000000,77.5339202881,25.6100006104
2009-09-28,60.0495491028,97.0500030518,78.9219894409,24.8799991608
2009-09-29,59.9948425293,97.4300003052,78.6844558716,25.1900005341
2009-09-30,59.9401702881,98.8499984741,78.3801040649,25.6100006104
2009-10-01,60.7611122131,97.8899993896,76.4352722168,28.2700004578
2009-10-02,60.3405723572,98.3700027466,76.0789642334,28.6800003052
2009-10-05,60.3466987610,99.8199996948,77.2146606445,26.8400001526
2009-10-06,59.7494354248,102.2799987793,78.3207321167,25.7000007629
2009-10-07,60.4502944946,102.3600006104,78.5360260010,24.6800003052
2009-10-08,59.8164634705,103.6399993896,79.1372604370,24.1800003052
2009-10-09,58.4452209473,102.8399963379,79.6197814941,23.1200008392
2009-10-12,58.5366363525,103.5599975586,79.9315261841,23.0100002289
2009-10-13,58.8413658142,104.2600021362,79.7682266235,22.9899997711
2009-10-14,57.9698448181,104.1800003052,81.1415023804,22.8600006104
2009-10-15,57.7017326355,102.8600006104,81.4384460449,21.7199993134
2009-10-16,58.1709861755,103.1800003052,80.8297195435,21.4300003052
2009-10-19,58.6280860901,104.2300033569,81.4978256226,21.4899997711
2009-10-20,58.9449996948,103.4199981689,81.0672607422,20.8999996185
2009-10-21,58.5915107727,103.7500000000,80.3398284912,22.2199993134
2009-10-22,58.3050842285,103.9199981689,81.1563415527,20.6900005341
2009-10-23,57.8662681580,103.4899978638,80.2284698486,22.2700004578
2009-10-26,57.1166305542,101.8600006104,79.3599853516,24.3099994659
2009-10-27,57.8967361450,101.8499984741,78.9962310791,24.8299999237
2009-10-28,58.1709861755,100.7300033569,77.5042114258,27.9099998474
2009-10-29,57.5371780396,102.6900024414,79.1669540405,24.7600002289
2009-10-30,58.3720817566,102.5299987793,76.8732376099,30.6900005341
2009-11-02,58.1141242981,103.9499969482,77.4373626709,29.7800006866
2009-11-03,57.5332450867,106.4599990845,77.6823654175,28.8099994659
2009-11-04,57.0074234009,107.0999984741,77.8827819824,27.7199993134
2009-11-05,57.0074234009,106.9800033569,79.3154220581,25.4300003052
2009-11-06,57.0624885559,107.4300003052,79.5232543945,24.1900005341
2009-11-09,57.1296882629,108.1900024414,81.3345184326,23.1499996185
2009-11-10,57.0257873535,108.3899993896,81.3493347168,22.8400001526
2009-11-11,57.2641792297,109.5999984741,81.7650299072,23.0400009155
2009-11-12,57.1602897644,108.2099990845,80.9336395264,24.2399997711
2009-11-13,57.4231834412,109.7399978638,81.3716201782,23.3600006104
2009-11-16,58.0957717896,111.6299972534,82.5518951416,22.8899993896
2009-11-17,58.4076156616,111.9700012207,82.6483688354,22.4099998474
2009-11-18,58.0651779175,112.2500000000,82.5964355469,21.6299991608
2009-11-19,58.1691436768,112.3000030518,81.5200805664,22.6299991608
2009-11-20,58.1569099426,112.9400024414,81.2305755615,22.1900005341
2009-11-23,58.0835075378,114.2900009155,82.2624053955,21.1599998474
2009-11-24,58.4503898621,114.7300033569,82.3885726929,20.4699993134
2009-11-25,58.7193870544,116.6200027466,82.6780624390,20.4799995422
2009-11-27,58.9394607544,115.0599975586,81.3345184326,24.7399997711
2009-11-30,59.0801429749,115.6399993896,81.6091384888,24.5100002289
2009-12-01,58.4219779968,117.3799972534,82.6186904907,21.9200000763
2009-12-02,58.4710578918,119.1800003052,82.5815505981,21.1200008392
2009-12-03,57.8638191223,118.6999969482,81.9357604980,22.4599990845
2009-12-04,57.2504768372,113.7500000000,82.4034271240,21.2500000000
2009-12-07,57.3240814209,113.1100006104,82.2772369385,22.1000003815
2009-12-08,57.4099349976,110.9499969482,81.3641815186,23.6900005341
2009-12-09,57.1461944580,110.8399963379,81.6685333252,22.6599998474
2009-12-10,56.4899253845,110.8199996948,82.1287689209,22.3199996948
2009-12-11,56.4837875366,109.3199996948,82.4776306152,21.5900001526
2009-12-14,56.5512466431,110.2399978638,83.0418167114,21.1499996185
2009-12-15,56.2997779846,110.2099990845,82.6557769775,21.4899997711
2009-12-16,56.2323036194,111.5899963379,82.7819900513,20.5400009155
2009-12-17,57.1585121155,107.3399963379,81.7873077393,22.5100002289
2009-12-18,56.9130973816,108.9499969482,82.2500305176,21.6800003052
2009-12-21,55.9011039734,106.9499969482,83.0858688354,20.4899997711
2009-12-22,55.5882644653,106.1699981689,83.3844070435,19.5400009155
2009-12-23,55.6005744934,106.5500030518,83.5485839844,19.7099990845
2009-12-24,55.0240364075,108.3600006104,83.9441070557,19.4699993134
2009-12-28,54.8706550598,108.5500030518,84.1232376099,19.9300003052
2009-12-29,55.2325859070,107.4700012207,84.0038223267,20.0100002289
2009-12-30,55.5957527161,106.9300003052,83.9739608765,19.9599990845
2009-12-31,55.3310546875,107.3099975586,83.1679458618,21.6800003052
2010-01-04,55.2818222046,109.8000030518,84.5784606934,20.0400009155
2010-01-05,55.6388549805,109.6999969482,84.8023605347,19.3500003815
2010-01-06,54.8940620422,111.5100021362,84.8620452881,19.1599998474
2010-01-07,54.9863967896,110.8199996948,85.2202835083,19.0599994659
2010-01-08,54.9617767334,111.3700027466,85.5038833618,18.1299991608
2010-01-11,54.6601600647,112.8499984741,85.6233215332,17.5499992371
2010-01-12,55.5957527161,110.4899978638,84.8247604370,18.2500000000
2010-01-13,54.9494514465,111.5400009155,85.5411758423,17.8500003815
2010-01-14,55.7189140320,112.0299987793,85.7725601196,17.6299991608
2010-01-15,56.0635948181,110.8600006104,84.8098297119,17.9099998474
2010-01-19,55.9035568237,111.5199966431,85.8695602417,17.5799999237
2010-01-20,56.4698219299,108.9400024414,84.9963989258,18.6800003052
2010-01-21,56.7283935547,107.3700027466,83.3619918823,22.2700004578
2010-01-22,56.6299057007,107.1699981689,81.5037384033,27.3099994659
2010-01-25,56.3713569641,107.4800033569,81.9216537476,25.4099998474
2010-01-26,56.3897781372,107.5599975586,81.5783462524,24.5499992371
2010-01-27,56.3589935303,106.5299987793,81.9664077759,23.1399993896
2010-01-28,56.3282699585,106.4800033569,81.0260848999,23.7299995422
2010-01-29,56.8206901550,105.9599990845,80.1454467773,24.6200008392
2010-02-01,56.3048973083,108.3499984741,81.3917694092,22.5900001526
2010-02-02,56.4654922485,109.1299972534,82.3768997192,21.4799995422
2010-02-03,55.8107414246,108.6999969482,81.9664077759,21.6000003815
2010-02-04,56.6940383911,104.3700027466,79.4364013672,26.0799999237
2010-02-05,56.8175964355,104.6800003052,79.6006546021,26.1100006104
2010-02-08,56.8917617798,104.0400009155,79.0259628296,26.5100002289
2010-02-09,56.3234634399,105.4100036621,80.0185928345,26.0000000000
2010-02-10,55.7860145569,105.1200027466,79.8618469238,25.3999996185
2010-02-11,55.4832916260,107.1299972534,80.6977005005,23.9599990845
2010-02-12,55.7119026184,107.0400009155,80.6305236816,22.7299995422
2010-02-16,55.8169174194,109.6200027466,81.8992538452,22.2500000000
2010-02-17,55.1806716919,109.2500000000,82.2873458862,21.7199993134
2010-02-18,54.9582824707,109.9800033569,82.7724304199,20.6299991608
2010-02-19,55.2548179626,109.4700012207,82.9440841675,20.0200004578
2010-02-22,55.0262527466,109.0699996948,82.9589920044,19.9400005341
2010-02-23,55.8848648071,107.8899993896,81.9515075684,21.3700008392
2010-02-24,56.0207862854,107.3600006104,82.7052612305,20.2700004578
2010-02-25,56.3357849121,108.3099975586,82.5933074951,20.1000003815
2010-02-26,56.6261405945,109.4300003052,82.6455459595,19.5000000000
2010-03-01,56.6013107300,109.4300003052,83.5038223267,19.2600002289
2010-03-02,56.5269927979,111.0199966431,83.7351684570,19.0599994659
2010-03-03,56.3844261169,111.6299972534,83.8098144531,18.8299999237
2010-03-04,56.6819114685,110.8300018311,84.0635452271,18.7199993134
2010-03-05,55.9382743835,110.8099975586,85.2650909424,17.4200000763
2010-03-08,55.6470031738,109.8799972534,85.2799987793,17.7900009155
2010-03-09,55.6593704224,109.7200012207,85.4218063354,17.9200000763
2010-03-10,55.5169105530,108.4700012207,85.8024215698,18.5699996948
2010-03-11,55.7214050293,108.5999984741,86.1606445312,18.0599994659
2010-03-12,56.0683784485,107.9499969482,86.1681137085,17.5799999237
2010-03-15,55.9940719604,108.3600006104,86.1905059814,18.0000000000
2010-03-16,56.4402236938,110.4000015259,86.8770904541,17.6900005341
2010-03-17,56.6819114685,109.5899963379,87.3920593262,16.9099998474
2010-03-18,56.4959869385,110.3399963379,87.3472671509,16.6200008392
2010-03-19,56.5517692566,108.2799987793,86.9051284790,16.9699993134
2010-03-22,56.6137199402,107.7500000000,87.3697280884,16.8700008392
2010-03-23,56.3473014832,108.3199996948,87.9842300415,16.3500003815
2010-03-24,55.3186111450,106.3000030518,87.5570755005,17.5499992371
2010-03-25,54.9653816223,106.7799987793,87.4146957397,18.3999996185
2010-03-26,55.1203117371,108.5899963379,87.3622589111,17.7700004578
2010-03-29,54.9096031189,108.7500000000,87.9167633057,17.5900001526
2010-03-30,55.0831413269,107.9700012207,87.9767303467,17.1299991608
2010-03-31,55.4611129761,108.9499969482,87.6769714355,17.5900001526
2010-04-01,55.3255310059,110.2600021362,88.2764968872,17.4699993134
2010-04-05,54.4050025940,110.8899993896,88.9958877563,17.0200004578
2010-04-06,54.4920959473,111.0299987793,89.2057113647,16.2299995422
2010-04-07,55.1887016296,112.4899978638,88.6961441040,16.6200008392
2010-04-08,55.2135772705,112.6500015259,89.0034103394,16.4799995422
2010-04-09,55.3441886902,113.6399993896,89.5879211426,16.1399993896
2010-04-12,55.6365089417,113.0100021362,89.7302551270,15.5799999237
2010-04-13,55.8168869019,112.6900024414,89.7977294922,16.2000007629
2010-04-14,55.4250373840,113.0299987793,90.8168640137,15.5900001526
2010-04-15,55.4872665405,113.6500015259,90.8918151855,15.8900003433
2010-04-16,55.8915443420,111.2399978638,89.4455184937,18.3600006104
2010-04-19,55.7546997070,111.1500015259,89.7827453613,17.3400001526
2010-04-20,55.9537582397,111.4599990845,90.5845718384,15.7299995422
2010-04-21,56.4139862061,112.3099975586,90.4197158813,16.3199996948
2010-04-22,56.2460517883,111.8399963379,90.6894683838,16.4699993134
2010-04-23,56.0470199585,113.1900024414,91.2815017700,16.6200008392
2010-04-26,56.1092529297,112.7500000000,90.9367675781,17.4699993134
2010-04-27,56.8991889954,114.6299972534,88.7860641479,22.8099994659
2010-04-28,56.4139862061,114.3099975586,89.4604873657,21.0799999237
2010-04-29,56.6503219604,114.2799987793,90.5695800781,18.4400005341
2010-04-30,57.3034477234,115.3600006104,89.0333557129,22.0499992371
2010-05-03,57.2285499573,115.7300033569,90.1873931885,20.1900005341
2010-05-04,58.2584342957,114.8700027466,88.0666503906,23.8400001526
2010-05-05,58.6016616821,115.0899963379,87.5421142578,24.9099998474
2010-05-06,60.4117202759,118.4899978638,84.6345214844,32.7999992371
2010-05-07,59.6565246582,118.2699966431,83.3755722046,40.9500007629
2010-05-10,58.4206962585,117.5699996948,87.0475082397,28.8400001526
2010-05-11,58.2709083557,120.6600036621,86.8001861572,28.3199996948
2010-05-12,57.8277282715,121.4000015259,88.0141830444,25.5200004578
2010-05-13,58.2084808350,120.5599975586,86.9201431274,26.6800003052
2010-05-14,59.2196044922,120.3700027466,85.3464279175,31.2399997711
2010-05-17,59.0011367798,119.3600006104,85.3913803101,30.8400001526
2010-05-18,59.9061203003,119.4899978638,84.2298736572,33.5499992371
2010-05-19,60.1058654785,116.6299972534,83.7502517700,35.3199996948
2010-05-20,61.3729476929,115.8399963379,80.5878829956,45.7900009155
2010-05-21,61.4353446960,115.2200012207,81.7644500732,40.0999984741
2010-05-24,61.2231369019,116.8399963379,80.7152633667,38.3199996948
2010-05-25,61.5226898193,117.3600006104,80.7977218628,34.6100006104
2010-05-26,61.3479804993,118.4700012207,80.3105926514,35.0200004578
2010-05-27,59.9561080933,118.6900024414,83.0009002686,29.6800003052
2010-05-28,60.2307243347,118.8799972534,81.9592437744,32.0699996948
2010-06-01,60.6540603638,119.9100036621,80.5803909302,35.5400009155
2010-06-02,60.0779342651,119.7799987793,82.6786575317,30.1700000763
2010-06-03,59.6395378113,117.9599990845,82.9634170532,29.4599990845
2010-06-04,61.2427864075,119.1900024414,80.0483474731,35.4799995422
2010-06-07,61.7125129700,121.4899978638,79.0516815186,36.5699996948
2010-06-08,61.4055900574,121.0000000000,79.8984680176,33.7000007629
2010-06-09,61.3367004395,120.5599975586,79.4713134766,33.7299995422
2010-06-10,60.2407379150,118.9700012207,81.7943801880,30.5699996948
2010-06-11,61.0047111511,120.0100021362,82.1915664673,28.7900009155
2010-06-14,60.6916427612,119.5999984741,82.0641632080,28.5799999237
2010-06-15,60.4411201477,120.9899978638,83.9301223755,25.8700008392
2010-06-16,60.7855987549,120.3300018311,83.9001617432,25.9200000763
2010-06-17,61.2803153992,121.9000015259,84.0350189209,25.0499992371
2010-06-18,61.1801338196,122.8300018311,84.1261520386,23.9500007629
2010-06-21,61.0047111511,120.3899993896,83.8852081299,24.8799991608
2010-06-22,61.7312355042,121.4499969482,82.4997482300,27.0499992371
2010-06-23,62.1508598328,120.9499969482,82.2437744141,26.9099998474
2010-06-24,61.7813491821,121.3000030518,80.8809585571,29.7399997711
2010-06-25,62.0319175720,122.7600021362,81.2197799683,28.5300006866
2010-06-28,62.6142959595,121.0899963379,80.9637756348,29.0000000000
2010-06-29,63.2969284058,121.2699966431,78.4640350342,34.1300010681
2010-06-30,63.7227821350,121.6800003052,77.7185897827,34.5400009155
2010-07-01,63.8232574463,117.0400009155,77.3722610474,32.8600006104
2010-07-02,63.3144569397,118.4899978638,76.9506225586,30.1200008392
2010-07-06,63.8358650208,116.5100021362,77.4550628662,29.6499996185
2010-07-07,63.0883293152,117.7300033569,79.8946075439,26.8400001526
2010-07-08,62.6862869263,117.2099990845,80.6852035522,25.7099990845
2010-07-09,62.3282203674,118.3600006104,81.2875671387,24.9799995422
2010-07-12,62.3030776978,117.3399963379,81.3402175903,24.4300003052
2010-07-13,61.7691688538,118.3600006104,82.5675582886,24.5599994659
2010-07-14,62.3910255432,118.3000030518,82.5599975586,24.8899993896
2010-07-15,63.0129470825,118.2300033569,82.5825881958,25.1399993896
2010-07-16,63.3207511902,116.6699981689,80.3087387085,26.2500000000
2010-07-19,62.9312973022,115.7300033569,80.7830963135,25.9699993134
2010-07-20,63.0254745483,116.6500015259,81.6790847778,23.9300003052
2010-07-21,64.0934295654,115.8499984741,80.6174621582,25.6399993896
2010-07-22,63.3521728516,116.8600006104,82.4169616699,24.6299991608
2010-07-23,62.6800270081,116.0899963379,83.1322174072,23.4699993134
2010-07-26,62.5731887817,115.5199966431,83.9981155396,22.7299995422
2010-07-27,61.9701881409,113.5100021362,83.9906082153,23.1900005341
2010-07-28,62.1711845398,113.7799987793,83.4484786987,24.2500000000
2010-07-29,62.1523094177,114.2900009155,83.0419006348,24.1299991608
2010-07-30,63.1197319031,115.4899978638,83.0267944336,23.5000000000
2010-08-02,62.2336502075,115.5400009155,84.9016418457,22.0100002289
2010-08-03,62.5928764343,115.9899978638,84.4950942993,22.6299991608
2010-08-04,62.1138496399,116.7200012207,85.0597457886,22.2099990845
2010-08-05,62.4038047791,116.9800033569,84.9694213867,22.1000003815
2010-08-06,63.0844841003,117.8399963379,84.6230545044,21.7399997711
2010-08-09,62.8512687683,117.4000015259,85.0748138428,22.1399993896
2010-08-10,62.9835777283,117.7300033569,84.6155395508,22.3700008392
2010-08-11,63.8280868530,117.3399963379,82.2964782715,25.3899993896
2010-08-12,63.6705322266,118.7699966431,81.7919998169,25.7299995422
2010-08-13,64.4646224976,118.7399978638,81.5510940552,26.2399997711
2010-08-16,66.0779266357,119.7300033569,81.5134277344,26.1000003815
2010-08-17,65.6998443604,119.7500000000,82.5148391724,24.3299999237
2010-08-18,65.8762435913,120.2200012207,82.6654357910,24.5900001526
2010-08-19,66.9035873413,120.3899993896,81.2272949219,26.4400005341
2010-08-20,66.8279113770,119.9700012207,80.9637756348,25.4899997711
2010-08-23,66.8405151367,119.7799987793,80.6550827026,25.6599998474
2010-08-24,67.9119338989,120.3600006104,79.4578857422,27.4599990845
2010-08-25,67.6912841797,121.3600006104,79.7666091919,26.7000007629
2010-08-26,68.3278045654,120.9599990845,79.2320175171,27.3700008392
2010-08-27,66.3930511475,121.0100021362,80.4593200684,24.4500007629
2010-08-30,67.6661148071,120.9100036621,79.2922439575,27.2099990845
2010-08-31,68.4160919189,122.0800018311,79.2922439575,26.0499992371
2010-09-01,67.0014419556,121.6900024414,81.6640090942,23.8899993896
2010-09-02,66.2934722900,122.2900009155,82.4244537354,23.1900005341
2010-09-03,65.4717483521,121.8600006104,83.4936523438,21.3099994659
2010-09-07,66.8118133545,122.6999969482,82.5524749756,23.7999992371
2010-09-08,66.2808609009,122.7099990845,83.1322174072,23.2500000000
2010-09-09,64.9724502563,121.5599975586,83.5162429810,22.8099994659
2010-09-10,64.6753616333,121.7300033569,83.9379043579,21.9899997711
2010-09-13,64.9913787842,121.6200027466,84.8715362549,21.2099990845
2010-09-14,65.6171875000,124.0199966431,84.8188476562,21.5599994659
2010-09-15,64.6437149048,123.9400024414,85.1426239014,22.1000003815
2010-09-16,64.0052871704,124.6299972534,85.1200561523,21.7199993134
2010-09-17,64.2644729614,124.5400009155,85.1517868042,22.0100002289
2010-09-20,64.6374588013,124.8700027466,86.4537811279,21.5000000000
2010-09-21,65.5349884033,126.0100021362,86.2796936035,22.3500003815
2010-09-22,66.1228332520,126.1999969482,85.8558044434,22.5100002289
2010-09-23,66.3124618530,126.3000030518,85.1593780518,23.8700008392
2010-09-24,65.4212112427,126.6900024414,86.9155578613,21.7099990845
2010-09-27,66.5589675903,126.7200012207,86.4992294312,22.5400009155
2010-09-28,67.0141067505,127.8499984741,86.8020019531,22.6000003815
2010-09-29,66.7359695435,127.9499969482,86.6506118774,23.2500000000
2010-09-30,66.6917114258,127.9100036621,86.3932495117,23.7000007629
2010-10-01,66.3694305420,128.9100036621,86.7565917969,22.5000000000
2010-10-04,66.5407104492,128.4600067139,86.1055755615,23.5300006866
2010-10-05,66.1410293579,130.9900054932,87.8390655518,21.7600002289
2010-10-06,66.9721908569,131.8099975586,87.8314743042,21.4899997711
2010-10-07,66.4138793945,130.3699951172,87.7255020142,21.5599994659
2010-10-08,66.1219940186,131.6600036621,88.2175292969,20.7099990845
2010-10-11,66.1346359253,132.2899932861,88.3007812500,18.9599990845
2010-10-12,65.4811706543,131.9600067139,88.5733184814,18.9300003052
2010-10-13,65.3796920776,134.0700073242,89.2621841431,19.0699996948
2010-10-14,64.4026412964,134.7500000000,88.9139633179,19.8799991608
2010-10-15,63.6158866882,133.6799926758,89.0956192017,19.0300006866
2010-10-18,64.1297683716,134.2799987793,89.5346908569,19.0900001526
2010-10-19,64.5168075562,130.1100006104,88.3613815308,20.6299991608
2010-10-20,64.6564483643,131.3200073242,89.2243270874,19.7900009155
2010-10-21,63.8887405396,129.4700012207,89.4211425781,19.2700004578
2010-10-22,64.3201980591,129.7299957275,89.5876388550,18.7800006866
2010-10-25,64.5041580200,130.8500061035,89.8526077271,19.8500003815
2010-10-26,63.5081176758,130.8800048828,89.8677597046,20.2199993134
2010-10-27,62.9497795105,129.5200042725,89.6103591919,20.7099990845
2010-10-28,63.1210212708,131.2400054932,89.6255187988,20.8799991608
2010-10-29,63.7110595703,132.6199951172,89.6936340332,21.2000007629
2010-11-01,63.4367904663,131.9199981689,89.7239151001,21.8299999237
2010-11-02,64.2705383301,132.4900054932,90.4354705811,21.5699996948
2010-11-03,62.9594039917,131.5700073242,90.7988052368,19.5599994659
2010-11-04,63.4494934082,136.0299987793,92.5474166870,18.5200004578
2010-11-05,62.3611030579,136.3800048828,92.8955993652,18.2600002289
2010-11-08,62.6411895752,137.7799987793,92.7214965820,18.2900009155
2010-11-09,61.2600479126,135.5899963379,92.0553817749,19.0799999237
2010-11-10,61.3427848816,137.2400054932,92.4262847900,18.4699993134
2010-11-11,61.3109245300,137.6600036621,92.0781021118,18.6399993896
2010-11-12,60.9799690247,133.6900024414,90.9880523682,20.6100006104
2010-11-15,59.7070274353,132.4199981689,90.8593750000,20.2000007629
2010-11-16,61.1900100708,130.9700012207,89.4438552856,22.5799999237
2010-11-17,60.8526916504,130.3800048828,89.4892425537,21.7600002289
2010-11-18,61.1008949280,132.0899963379,90.8064117432,18.7500000000
2010-11-19,61.4764328003,132.1999969482,91.0561904907,18.0400009155
2010-11-22,61.7374076843,133.4799957275,90.9804763794,18.3700008392
2010-11-23,62.0428924561,134.4100036621,89.6633453369,20.6299991608
2010-11-24,60.9354324341,134.1799926758,90.9880523682,19.5599994659
2010-11-26,61.7819442749,133.1100006104,89.9282989502,22.2199993134
2010-11-29,62.3101806641,133.5099945068,90.2008056641,21.5300006866
2010-11-30,62.6347846985,135.4199981689,89.6936340332,23.5400009155
2010-12-01,61.2424774170,135.3800048828,91.6012115479,21.3600006104
2010-12-02,61.0828170776,135.1999969482,92.7745056152,19.3899993896
2010-12-03,60.6038093567,138.0700073242,93.0243072510,18.0100002289
2010-12-06,61.4596595764,139.1100006104,92.9259109497,18.0200004578
2010-12-07,60.1439857483,136.5000000000,92.9788665771,17.9899997711
2010-12-08,59.5627555847,134.7899932861,93.3195190430,17.7399997711
2010-12-09,59.8565864563,135.3699951172,93.6828765869,17.2500000000
2010-12-10,59.4925384521,135.4100036621,94.2278900146,17.6100006104
2010-12-13,59.7160949707,136.0500030518,94.2884368896,17.5499992371
2010-12-14,58.8474998474,136.1799926758,94.3717575073,17.6100006104
2010-12-15,58.0810890198,134.6999969482,93.9402389526,17.9400005341
2010-12-16,58.4834022522,133.8099975586,94.4852828979,17.3899993896
2010-12-17,59.5499839783,134.1999969482,94.5864791870,16.1100006104
2010-12-20,59.4860839844,135.1100006104,94.8147506714,16.4099998474
2010-12-21,59.9013023376,135.3200073242,95.4159317017,16.4899997711
2010-12-22,59.4733772278,135.0500030518,95.7126922607,15.4499998093
2010-12-23,59.3520126343,134.6600036621,95.5757369995,16.4699993134
2010-12-27,59.8821258545,135.0200042725,95.6137847900,17.6700000763
2010-12-28,58.7093620300,137.2200012207,95.7507476807,17.5200004578
2010-12-29,59.7026939392,137.7100067139,95.8192214966,17.2800006866
2010-12-30,59.6578292847,137.0299987793,95.6670532227,17.5200004578
2010-12-31,60.3178901672,138.7200012207,95.6898574829,17.7500000000
2011-01-03,59.8628768921,138.0000000000,96.6790924072,17.6100006104
2011-01-04,59.9333877563,134.7500000000,96.6258468628,17.3799991608
2011-01-05,58.6131858826,134.3699951172,97.1280593872,17.0200004578
2011-01-06,58.8695564270,133.8300018311,96.9378356934,17.3999996185
2011-01-07,59.1835861206,133.5800018311,96.7475967407,17.1399993896
2011-01-10,59.5039978027,134.1199951172,96.6258468628,17.5400009155
2011-01-11,59.1707916260,134.9100036621,96.9682693481,16.8899993896
2011-01-12,58.7093620300,135.4600067139,97.8433761597,16.2399997711
2011-01-13,59.2348175049,134.0500030518,97.6835632324,16.3899993896
2011-01-14,58.8567352295,132.6900024414,98.3912429810,15.4600000381
2011-01-18,58.5811882019,133.4299926758,98.5586624146,15.8699998856
2011-01-19,59.0041885376,133.7200012207,97.5922546387,17.3099994659
2011-01-20,58.1902465820,131.1999969482,97.4628677368,17.9899997711
2011-01-21,58.6516876221,131.0299987793,97.6835632324,18.4699993134
2011-01-24,58.6773147583,130.3600006104,98.2390747070,17.6499996185
2011-01-25,59.2348175049,130.1000061035,98.2923202515,17.5900001526
2011-01-26,58.3375701904,131.1600036621,98.6727752686,16.6399993896
2011-01-27,58.6004142761,127.9300003052,98.9162979126,16.1499996185
2011-01-28,58.9079971313,130.2799987793,97.1889648438,20.0400009155
2011-01-31,58.4593887329,129.8699951172,97.9194488525,19.5300006866
2011-02-01,58.1700172424,130.8000030518,99.4870300293,17.6299991608
2011-02-02,58.1828880310,130.4499969482,99.2967910767,17.2999992371
2011-02-03,57.7004928589,132.1999969482,99.5174560547,16.6900005341
2011-02-04,57.1153335571,131.6600036621,99.7989959717,15.9300003052
2011-02-07,57.4111022949,131.6799926758,100.4229583740,16.2800006866
2011-02-08,56.8838119507,133.1399993896,100.8795776367,15.8100004196
2011-02-09,57.3789787292,133.0700073242,100.6512985229,15.8699998856
2011-02-10,56.7165565491,132.8500061035,100.6893157959,16.0900001526
2011-02-11,57.5333518982,132.3200073242,101.2904968262,15.6899995804
2011-02-14,57.5719146729,132.9499969482,101.5339813232,15.9499998093
2011-02-15,57.8291778564,133.9700012207,101.2143783569,16.3700008392
2011-02-16,57.6426353455,134.1000061035,101.8536071777,16.7199993134
2011-02-17,57.7327194214,135.0399932861,102.1579589844,16.5900001526
2011-02-18,57.5525894165,135.4100036621,102.3710403442,16.4300003052
2011-02-22,58.4144096375,136.2899932861,100.3164596558,20.7999992371
2011-02-23,58.6266174316,137.5099945068,99.7000885010,22.1299991608
2011-02-24,58.9995880127,136.4799957275,99.6315994263,21.3199996948
2011-02-25,59.3469009399,137.3800048828,100.6969375610,19.2199993134
2011-02-28,59.4240951538,137.6600036621,101.3209381104,18.3500003815
2011-03-01,59.5963630676,140.0299987793,99.6315994263,21.0100002289
2011-03-02,58.6801490784,139.9199981689,99.8446731567,20.7000007629
2011-03-03,58.1059608459,138.0899963379,101.5644226074,18.6000003815
2011-03-04,58.5898590088,139.3500061035,100.8035049438,19.0599994659
2011-03-07,58.2156295776,139.7200012207,100.0120697021,20.6599998474
2011-03-08,57.8608322144,139.3600006104,100.8871688843,19.8199996948
2011-03-09,58.4221115112,139.4100036621,100.7425918579,20.2199993134
2011-03-10,59.4028129578,137.7700042725,98.8782501221,21.8799991608
2011-03-11,59.0673294067,138.2200012207,99.5631103516,20.0799999237
2011-03-14,59.0414886475,138.8600006104,98.9619369507,21.1299991608
2011-03-15,59.9254188538,136.2700042725,97.8281478882,24.3199996948
2011-03-16,60.6028442383,136.2400054932,96.0171051025,29.3999996185
2011-03-17,60.1383209229,136.9700012207,97.2878570557,26.3700008392
2011-03-18,60.2995414734,138.3699951172,97.6417236328,24.4400005341
2011-03-21,59.9447441101,139.1399993896,99.1549530029,20.6100006104
2011-03-22,60.1447601318,139.0500030518,98.8110198975,20.2099990845
2011-03-23,60.0673751831,140.3399963379,99.0938186646,19.1700000763
2011-03-24,59.6157302856,139.2200012207,100.0414505005,18.0000000000
2011-03-25,59.4673004150,139.2599945068,100.3471984863,17.9099998474
2011-03-28,59.5511856079,138.5399932861,100.1026229858,19.4400005341
2011-03-29,59.0930747986,138.2100067139,100.7751541138,18.1599998474
2011-03-30,59.5641059875,138.6699981689,101.4706344604,17.7099990845
2011-03-31,59.4415016174,139.8600006104,101.3330841064,17.7399997711
2011-04-01,59.7304458618,139.1999969482,101.7610702515,17.3999996185
2011-04-04,59.7952766418,139.8399963379,101.8451538086,17.5000000000
2011-04-05,59.5555076599,142.0500030518,101.8298645020,17.2500000000
2011-04-06,58.6614608765,142.3800048828,102.1508483887,16.8999996185
2011-04-07,58.5447921753,142.5099945068,101.8909988403,17.1100006104
2011-04-08,58.2337760925,143.6600036621,101.5394363403,17.8700008392
2011-04-11,58.2856407166,142.6399993896,101.2337493896,16.5900001526
2011-04-12,58.9141349792,141.6100006104,100.4771423340,17.0900001526
2011-04-13,59.2834014893,141.8999938965,100.4694747925,16.9200000763
2011-04-14,59.2380523682,143.8099975586,100.5459060669,16.2700004578
2011-04-15,60.0415267944,145.0500030518,100.9127273560,15.3199996948
2011-04-18,60.1775436401,145.9299926758,99.7816467285,16.9599990845
2011-04-19,60.4366531372,145.9299926758,100.3548431396,15.8299999237
2011-04-20,60.0479698181,146.5000000000,101.7228546143,15.0699996948
2011-04-21,59.9961204529,146.7400054932,102.2425537109,14.6899995804
2011-04-25,60.2229003906,146.8699951172,102.1355743408,15.7700004578
2011-04-26,60.8060073853,146.3800048828,103.0144653320,15.6199998856
2011-04-27,60.1840209961,149.1999969482,103.6870040894,15.3500003815
2011-04-28,60.6440010071,149.8200073242,104.0232925415,14.6199998856
2011-04-29,60.8319320679,152.3699951172,104.2678375244,14.7500000000
2011-05-02,60.9295082092,150.4100036621,104.1073455811,15.9899997711
2011-05-03,61.2743835449,149.8800048828,103.7328643799,16.7000007629
2011-05-04,61.5477027893,147.7299957275,103.0450210571,17.0799999237
2011-05-05,62.1333045959,143.4700012207,102.1126174927,18.2000007629
2011-05-06,61.8600082397,145.3000030518,102.5635375977,18.3999996185
2011-05-09,61.7949371338,147.3800048828,102.9609603882,17.1599998474
2011-05-10,61.3524589539,147.8999938965,103.8398056030,15.9099998474
2011-05-11,61.7038192749,146.5399932861,102.7469329834,16.9500007629
2011-05-12,61.3134155273,146.5899963379,103.2360916138,16.0300006866
2011-05-13,61.8664779663,145.6300048828,102.4412536621,17.0699996948
2011-05-16,62.2113494873,145.3699951172,101.7916564941,18.2399997711
2011-05-17,62.8489875793,144.7400054932,101.7763137817,17.5499992371
2011-05-18,62.0161476135,145.6000061035,102.6858367920,16.2299995422
2011-05-19,61.9901046753,145.6499938965,102.9304199219,15.5200004578
2011-05-20,62.0226669312,147.4900054932,102.1126174927,17.4300003052
2011-05-23,62.3219833374,147.8300018311,100.9280014038,18.2700004578
2011-05-24,62.5561790466,148.5899963379,100.8439483643,17.8199996948
2011-05-25,62.2634277344,148.5800018311,101.1802215576,17.0699996948
2011-05-26,62.7969551086,148.2200012207,101.6464233398,16.0900001526
2011-05-27,62.7709159851,149.6999969482,102.0362091064,15.9799995422
2011-05-31,62.9140739441,149.6399993896,103.0985488892,15.4499998093
2011-06-01,63.7643432617,149.9100036621,100.7827987671,18.2999992371
2011-06-02,62.5496902466,149.5000000000,100.6758499146,18.0900001526
2011-06-03,62.9088859558,150.2200012207,99.6746597290,17.9500007629
2011-06-06,62.4321365356,150.4799957275,98.6199340820,18.4899997711
2011-06-07,62.7194900513,150.4199981689,98.5588302612,18.0699996948
2011-06-08,63.2092590332,149.8099975586,98.1460952759,18.7900009155
2011-06-09,62.9546051025,150.5599975586,98.8951339722,17.7700004578
2011-06-10,63.4378433228,149.2400054932,97.5194244385,18.8600006104
2011-06-13,63.1178512573,147.7700042725,97.5958786011,19.6100006104
2011-06-14,62.1643981934,148.6699981689,98.8339843750,18.2600002289
2011-06-15,63.2941627502,149.1199951172,97.0761642456,21.3199996948
2011-06-16,63.5814971924,148.9700012207,97.2901916504,22.7299995422
2011-06-17,63.2811393738,149.9400024414,97.5804824829,21.8500003815
2011-06-20,63.3594856262,150.0299987793,98.0797271729,19.9899997711
2011-06-21,63.0786476135,150.7599945068,99.4237823486,18.8600006104
2011-06-22,63.1178512573,150.9900054932,98.8247070312,18.5200004578
2011-06-23,63.6011085510,148.3399963379,98.5405120850,19.2900009155
2011-06-24,63.3333587646,146.2599945068,97.3961486816,21.1000003815
2011-06-27,62.4647598267,145.7299957275,98.2640304565,20.5599994659
2011-06-28,61.9619255066,146.2400054932,99.5466537476,19.1700000763
2011-06-29,61.5505142212,147.1799926758,100.3992233276,17.2700004578
2011-06-30,61.4525756836,146.0000000000,101.3592681885,16.5200004578
2011-07-01,61.3542366028,144.9299926758,102.8569717407,15.8699998856
2011-07-05,61.4918823242,147.6300048828,102.7724914551,16.0599994659
2011-07-06,61.8064079285,148.9100036621,102.8953857422,16.3400001526
2011-07-07,61.6229324341,149.1499938965,103.9629592896,15.9499998093
2011-07-08,62.4944610596,150.2500000000,103.2256393433,15.9499998093
2011-07-11,63.4314880371,151.5899963379,101.3592681885,18.3899993896
2011-07-12,63.6478042603,152.7700042725,100.9214782715,19.8700008392
2011-07-13,63.8247299194,154.1399993896,101.2594375610,19.9099998474
2011-07-14,62.9138603210,154.5399932861,100.5605163574,20.7999992371
2011-07-15,63.0186691284,155.1999969482,101.1442184448,19.5300006866
2011-07-18,62.4092445374,156.5700073242,100.3147277832,20.9500007629
2011-07-19,63.7067451477,154.6600036621,101.9430007935,19.2099990845
2011-07-20,62.9531173706,156.0200042725,101.8815612793,19.0900001526
2011-07-21,62.4682350159,154.8300018311,103.2947692871,17.5599994659
2011-07-22,62.9400482178,156.1199951172,103.3638992310,17.5200004578
2011-07-25,62.2519569397,157.3399963379,102.7878189087,19.3500003815
2011-07-26,62.6779022217,157.7700042725,102.4038162231,20.2299995422
2011-07-27,62.6845130920,157.1900024414,100.3070602417,22.9799995422
2011-07-28,62.9203987122,157.3200073242,100.0152053833,23.7399997711
2011-07-29,64.1654891968,158.2899932861,99.3316345215,25.2500000000
2011-08-01,64.8129806519,157.7200012207,98.9091949463,23.6599998474
2011-08-02,66.7591323853,161.5200042725,96.3823242188,24.7900009155
2011-08-03,66.8905868530,161.4900054932,96.9046173096,23.3799991608
2011-08-04,69.2706527710,160.6399993896,92.3654403687,31.6599998474
2011-08-05,67.2719345093,161.7500000000,92.2271881104,32.0000000000
2011-08-08,69.3955993652,167.1199951172,86.2210617065,48.0000000000
2011-08-09,69.6059341431,168.6100006104,90.2302703857,35.0600013733
2011-08-10,71.6769485474,174.5800018311,86.2440872192,42.9900016785
2011-08-11,68.0608978271,170.7500000000,90.1150588989,39.0000000000
2011-08-12,69.4087142944,169.9700012207,90.7218093872,36.3600006104
2011-08-15,68.7052078247,171.8000030518,92.6419372559,31.8700008392
2011-08-16,69.8426284790,173.9199981689,91.8508529663,32.8499984741
2011-08-17,71.0655670166,174.4199981689,91.9122848511,31.5799999237
2011-08-18,72.5250930786,177.7200012207,87.9491500854,42.6699981689
2011-08-19,73.1102294922,179.9499969482,86.5128936768,43.0499992371
2011-08-22,72.9261245728,184.5899963379,86.5820388794,42.4399986267
2011-08-23,71.9202575684,177.6699981689,89.4315109253,36.2700004578
2011-08-24,69.8755035400,171.6499938965,90.6910858154,35.9000015259
2011-08-25,70.6316452026,172.3600006104,89.3086013794,39.7599983215
2011-08-26,71.3285446167,177.4700012207,90.6065902710,35.5900001526
2011-08-29,70.3423004150,173.8899993896,93.2102737427,32.2799987793
2011-08-30,71.4731750488,179.1000061035,93.4560470581,32.8899993896
2011-08-31,70.3686676025,177.7200012207,93.8707885742,31.6200008392
2011-09-01,71.8602752686,177.8699951172,92.8877410889,31.8199996948
2011-09-02,74.1947174072,183.2400054932,90.5144577026,33.9199981689
2011-09-06,74.9663314819,182.8999938965,89.8539123535,37.0000000000
2011-09-07,73.5352935791,177.0800018311,92.3884658813,33.3800010681
2011-09-08,74.1947174072,181.8099975586,91.4284210205,34.3199996948
2011-09-09,74.9860839844,180.6999969482,89.0321121216,38.5200004578
2011-09-12,75.0651779175,176.6699981689,89.6081237793,38.5900001526
2011-09-13,73.9969253540,178.5399932861,90.4299392700,36.9099998474
2011-09-14,74.6234054565,177.2100067139,91.6819000244,34.5999984741
2011-09-15,73.4825210571,174.3999938965,93.2640686035,31.9699993134
2011-09-16,74.0166702271,176.0299987793,93.8160476685,30.9799995422
2011-09-19,75.4279098511,173.3099975586,92.8819046021,32.7299995422
2011-09-20,75.7444839478,175.7799987793,92.7738113403,32.8600006104
2011-09-21,78.2503356934,173.5899963379,90.0408706665,37.3199996948
2011-09-22,81.1915206909,169.0500030518,87.1303710938,41.3499984741
2011-09-23,79.6813659668,159.8000030518,87.6553268433,41.2500000000
2011-09-26,78.4020690918,157.5800018311,89.7397689819,39.0200004578
2011-09-27,77.2018280029,160.6300048828,90.7433853149,37.7099990845
2011-09-28,77.1754608154,156.2200012207,88.8905487061,41.0800018311
2011-09-29,77.7096252441,157.6999969482,89.5930938721,38.8400001526
2011-09-30,79.6616287231,158.0599975586,87.3542327881,42.9599990845
2011-10-03,81.8538742065,160.9600067139,84.8683166504,45.4500007629
2011-10-04,80.8159103394,157.6399993896,86.7288742065,40.8199996948
2011-10-05,80.2341461182,159.4600067139,88.3346786499,37.8100013733
2011-10-06,78.7531814575,160.4900054932,89.9328231812,36.2700004578
2011-10-07,78.1714096069,159.1799926758,89.3306274414,36.2000007629
2011-10-10,77.0673675537,163.2700042725,92.3183441162,33.0200004578
2011-10-11,76.8094863892,162.1000061035,92.4109573364,32.8600006104
2011-10-12,75.6921691895,163.2599945068,93.2215652466,31.2600002289
2011-10-13,76.4458541870,162.3000030518,93.0363082886,30.7000007629
2011-10-14,75.3351745605,163.3999938965,94.6266708374,28.2399997711
2011-10-17,76.6376190186,162.6199951172,92.8201751709,33.3899993896
2011-10-18,76.1615676880,161.8399963379,94.6343841553,31.5599994659
2011-10-19,76.1351852417,159.8699951172,93.5149536133,34.4399986267
2011-10-20,75.5930862427,157.7700042725,93.9241104126,34.7799987793
2011-10-21,74.7930603027,159.5200042725,95.7075042725,31.3199996948
2011-10-24,74.9186630249,161.0200042725,96.8809661865,29.2600002289
2011-10-25,76.8227310181,165.5899963379,94.9972381592,32.2200012207
2011-10-26,75.4806442261,167.3999938965,95.9622573853,29.8600006104
2011-10-27,72.9220886230,169.5500030518,99.3051147461,25.4599990845
2011-10-28,73.6890029907,169.6199951172,99.2819595337,24.5300006866
2011-10-31,76.6111831665,167.3399963379,96.8886871338,29.9599990845
2011-11-01,79.1756439209,167.3800048828,94.1866073608,34.7700004578
2011-11-02,78.1880340576,169.0599975586,95.7229385376,32.7400016785
2011-11-03,77.1142730713,171.7200012207,97.4677047729,30.5000000000
2011-11-04,77.2070693970,170.8500061035,96.8732452393,30.1599998474
2011-11-07,77.6975555420,174.9799957275,97.4754409790,29.8500003815
2011-11-08,76.7033386230,173.5299987793,98.7260742188,27.4799995422
2011-11-09,78.2940597534,172.0700073242,95.0821838379,36.1599998474
2011-11-10,77.1275329590,171.1399993896,95.9777221680,32.8100013733
2011-11-11,76.6569137573,173.9600067139,97.7842330933,30.0400009155
2011-11-14,77.8897476196,173.1999969482,96.8578109741,31.1299991608
2011-11-15,77.7836990356,173.3600006104,97.3364791870,31.2199993134
2011-11-16,78.4929962158,171.5099945068,95.7924270630,33.5099983215
2011-11-17,79.1226043701,167.1000061035,94.2715454102,34.5099983215
2011-11-18,79.1027755737,167.6199951172,94.1711883545,32.0000000000
2011-11-21,79.5733795166,163.5000000000,92.3800735474,32.9099998474
2011-11-22,80.4615478516,165.3099975586,92.0172653198,31.9699993134
2011-11-23,81.2503585815,164.8300018311,89.9868164062,33.9799995422
2011-11-25,80.0705108643,163.3999938965,89.8169860840,34.4700012207
2011-11-28,80.0307006836,166.6300048828,92.4187088013,32.1300010681
2011-11-29,79.3744888306,166.8800048828,92.6811752319,30.6399993896
2011-11-30,78.1350173950,170.1300048828,96.4949569702,27.7999992371
2011-12-01,77.7429733276,169.6300048828,96.4795455933,27.4099998474
2011-12-02,78.8327026367,169.8200073242,96.3945999146,27.5200004578
2011-12-05,78.6732406616,167.3200073242,97.4445648193,27.8400001526
2011-12-06,77.9223861694,168.1799926758,97.4754409790,28.1299991608
2011-12-07,78.2014617920,169.3999938965,97.8382644653,28.6700000763
2011-12-08,79.1782836914,165.9799957275,95.6920700073,30.5900001526
2011-12-09,77.5502471924,166.3999938965,97.3133087158,26.3799991608
2011-12-12,78.4140625000,161.9900054932,95.8927993774,25.6700000763
2011-12-13,79.1450042725,158.4499969482,94.9972381592,25.4099998474
2011-12-14,80.6401214600,152.8899993896,93.9859161377,26.0400009155
2011-12-15,80.3410873413,152.3300018311,94.3255920410,25.1100006104
2011-12-16,81.2779922485,155.2299957275,94.4654159546,24.2900009155
2011-12-19,82.3078765869,154.8699951172,93.4554138184,24.9200000763
2011-12-20,80.2546768188,156.9799957275,96.2834014893,23.2199993134
2011-12-21,79.1384201050,157.1600036621,96.4698867798,21.4300003052
2011-12-22,79.4706497192,156.0399932861,97.3244934082,21.1599998474
2011-12-23,78.5868453979,156.3099975586,98.1946258545,20.7299995422
2011-12-27,78.9602050781,154.9100036621,98.2723236084,21.9099998474
2011-12-28,80.4200363159,151.0299987793,96.9826354980,23.5200004578
2011-12-29,80.5667343140,150.3399963379,97.9848709106,22.6499996185
2011-12-30,80.8267135620,151.9900054932,97.5031738281,23.3999996185
2012-01-03,79.6134490967,155.9199981689,99.0570068359,22.9699993134
2012-01-04,78.6668777466,156.7100067139,99.2124176025,22.2199993134
2012-01-05,78.5268707275,157.7799987793,99.4765243530,21.4799995422
2012-01-06,79.1468353271,157.1999969482,99.2201614380,20.6299991608
2012-01-09,79.0068435669,156.5000000000,99.4609832764,21.0699996948
2012-01-10,78.8734893799,158.6399993896,100.3234100342,20.6900005341
2012-01-11,79.9000549316,159.6699981689,100.3777770996,21.0499992371
2012-01-12,79.7867889404,160.3800048828,100.6186370850,20.4699993134
2012-01-13,80.5800323486,159.2599945068,100.0980758667,20.9099998474
2012-01-17,80.9533386230,160.5000000000,100.4865341187,22.2000007629
2012-01-18,79.9734344482,161.6000061035,101.5975341797,20.8899993896
2012-01-19,78.8734893799,161.2200012207,102.1336212158,19.8700008392
2012-01-20,77.9802398682,162.0700073242,102.5142822266,18.2800006866
2012-01-23,77.4869232178,163.1600036621,102.2501296997,18.6700000763
2012-01-24,77.6268997192,162.0099945068,102.1336212158,18.9099998474
2012-01-25,77.4403076172,166.4199981689,102.9882049561,18.3099994659
2012-01-26,78.4668807983,167.2700042725,102.4599151611,18.5699996948
2012-01-27,78.7135162354,168.9700012207,102.4133071899,18.5300006866
2012-01-30,79.6401519775,168.0299987793,102.0637054443,19.3999996185
2012-01-31,80.5600357056,169.3099975586,102.0248184204,19.4400005341
2012-02-01,79.6372604370,169.5599975586,102.9183349609,18.5499992371
2012-02-02,79.6038208008,171.0500030518,103.0814361572,17.9799995422
2012-02-03,77.8932037354,167.6399993896,104.5265350342,17.1000003815
2012-02-06,78.6683349609,167.1799926758,104.4565963745,17.7600002289
2012-02-07,77.6927490234,169.6999969482,104.7207489014,17.6499996185
2012-02-08,77.7528762817,168.5000000000,105.0315017700,18.1599998474
2012-02-09,77.1715240479,168.0200042725,105.1635742188,18.6299991608
2012-02-10,78.1738662720,167.1399993896,104.3866806030,20.7900009155
2012-02-13,78.2740783691,167.5099945068,105.1635742188,19.0400009155
2012-02-14,78.6884002686,167.1199951172,105.0315017700,19.5400009155
2012-02-15,78.5480728149,168.1100006104,104.5420379639,21.1399993896
2012-02-16,77.9199371338,168.0000000000,105.6996688843,19.2199993134
2012-02-17,77.8999176025,167.3500061035,105.9793701172,17.7800006866
2012-02-21,77.0379409790,171.0200042725,106.0259933472,18.1900005341
2012-02-22,78.0067749023,172.9400024414,105.6841430664,18.1900005341
2012-02-23,78.0067749023,173.0200042725,106.1502838135,16.7999992371
2012-02-24,78.5146560669,172.2299957275,106.3833618164,17.3099994659
2012-02-27,79.2095794678,171.6999969482,106.5620346069,18.1900005341
2012-02-28,78.9489746094,173.4900054932,106.8728027344,17.9599990845
2012-02-29,78.4679107666,164.2899932861,106.4532699585,18.4300003052
2012-03-01,77.7291336060,166.6100006104,107.0048904419,17.2600002289
2012-03-02,78.4591522217,166.3399963379,106.6785583496,17.2900009155
2012-03-05,77.8362655640,165.6499938965,106.2435226440,18.0499992371
2012-03-06,78.7806472778,162.6999969482,104.6896667480,20.8700008392
2012-03-07,78.2984313965,163.6300048828,105.4200057983,19.0699996948
2012-03-08,77.5148544312,165.2799987793,106.4688262939,17.9500007629
2012-03-09,77.6688766479,166.3800048828,106.8805694580,17.1100006104
2012-03-12,77.6554718018,165.0700073242,106.8883514404,15.6400003433
2012-03-13,76.2892227173,162.3000030518,108.8151016235,14.8000001907
2012-03-14,74.3671188354,159.5700073242,108.6985626221,15.3100004196
2012-03-15,74.4809188843,161.0800018311,109.3278656006,15.4200000763
2012-03-16,74.6282882690,161.3000030518,109.4792404175,14.4700002670
2012-03-19,73.7375640869,161.5899963379,109.9084167480,15.0399999619
2012-03-20,74.0322494507,160.1300048828,109.5885086060,15.5799999237
2012-03-21,74.8693771362,160.2100067139,109.4090423584,15.1300001144
2012-03-22,75.1104965210,159.5700073242,108.6208801270,15.5699996948
2012-03-23,75.8204040527,161.5299987793,108.9720535278,14.8199996948
2012-03-26,75.4319915771,164.3999938965,110.5014801025,14.2600002289
2012-03-27,75.9745254517,163.2400054932,110.1581726074,15.5900001526
2012-03-28,75.8672790527,161.5099945068,109.6119232178,15.4700002670
2012-03-29,76.4365158081,161.2799987793,109.4246368408,15.4799995422
2012-03-30,75.1440124512,162.1199951172,109.8772201538,15.5000000000
2012-04-02,75.5602798462,162.9400024414,110.6808853149,15.6400003433
2012-04-03,74.2509231567,159.8899993896,110.2283706665,15.6599998474
2012-04-04,75.2715301514,157.2100067139,109.1358795166,16.4400005341
2012-04-05,75.8154525757,158.3099975586,109.0812988281,16.7000007629
2012-04-09,77.5881042480,159.3699951172,107.8562088013,18.8099994659
2012-04-10,78.4677886963,161.1000061035,106.0457839966,20.3899993896
2012-04-11,77.5277023315,161.0700073242,106.9041366577,20.0200004578
2012-04-12,77.2054061890,162.6999969482,108.3010101318,17.2000007629
2012-04-13,78.4543075562,160.8500061035,107.0134582520,19.5499992371
2012-04-16,78.3401489258,160.4600067139,106.9432373047,19.5499992371
2012-04-17,78.2931594849,160.2500000000,108.5272674561,18.4599990845
2012-04-18,78.5214538574,159.3099975586,108.1605300903,18.6399993896
2012-04-19,78.5953292847,159.4299926758,107.4660110474,18.3600006104
2012-04-20,78.6087722778,159.5399932861,107.6455001831,17.4400005341
2012-04-23,79.1794815063,159.0700073242,106.7402725220,18.9699993134
2012-04-24,78.6222305298,159.3000030518,107.1460647583,18.1000003815
2012-04-25,78.2192993164,159.6199951172,108.6130981445,16.8199996948
2012-04-26,78.6893463135,161.0299987793,109.3699722290,16.2399997711
2012-04-27,78.7564773560,161.3800048828,109.5494384766,16.3199996948
2012-04-30,78.7766494751,161.8800048828,109.1436920166,17.1499996185
2012-05-01,78.3680877686,161.3200073242,109.8226013184,16.6000003815
2012-05-02,78.9199905396,160.5899963379,109.4948654175,16.8799991608
2012-05-03,78.8997879028,158.9700012207,108.6599502563,17.5599994659
2012-05-04,79.5190353394,159.4700012207,106.9041366577,19.1599998474
2012-05-07,79.5324783325,159.0800018311,106.9822082520,18.9400005341
2012-05-08,79.9565658569,156.0000000000,106.5530242920,19.0499992371
2012-05-09,80.0104064941,154.4700012207,105.9209823608,20.0799999237
2012-05-10,79.7748336792,154.7700042725,106.1394653320,18.8299999237
2012-05-11,80.4344711304,153.5599975586,105.8195571899,19.8899993896
2012-05-14,81.5585632324,151.3300018311,104.6490631104,21.8700008392
2012-05-15,81.8883285522,149.7400054932,104.0481643677,21.9699993134
2012-05-16,82.1239700317,149.4600067139,103.6502685547,22.2700004578
2012-05-17,83.5777816772,152.8000030518,102.1129837036,24.4899997711
2012-05-18,83.5979995728,154.5500030518,101.2390441895,25.1000003815
2012-05-21,83.4230041504,154.6499938965,102.9791717529,22.0100002289
2012-05-22,82.4940948486,152.0800018311,103.1586303711,22.4799995422
2012-05-23,83.0662384033,151.6199951172,103.2132492065,22.3299999237
2012-05-24,82.7499084473,151.4100036621,103.4161682129,21.5400009155
2012-05-25,83.0595016479,152.6799926758,103.0806121826,21.7600002289
2012-05-29,82.8037185669,151.0200042725,104.3291015625,21.0300006866
2012-05-30,84.9038085938,151.9100036621,102.8152542114,24.1399993896
2012-05-31,85.8864898682,151.6199951172,102.5890274048,24.0599994659
2012-06-01,87.9254760742,157.5000000000,100.0061416626,26.6599998474
2012-06-04,87.2307586670,157.3200073242,99.9592971802,26.1200008392
2012-06-05,86.0638732910,157.1399993896,100.7162246704,24.6800003052
2012-06-06,84.3439788818,157.2100067139,102.9791717529,22.1599998474
2012-06-07,84.4721755981,154.5000000000,103.0415725708,21.7199993134
2012-06-08,84.4519119263,154.7299957275,103.8609085083,21.2299995422
2012-06-11,84.8363265991,155.3600006104,102.5421676636,23.5599994659
2012-06-12,84.0606994629,156.4600067139,103.7204666138,22.0900001526
2012-06-13,84.8902740479,157.1199951172,103.0571899414,24.2700004578
2012-06-14,84.7824020386,157.7500000000,104.1496658325,21.6800003052
2012-06-15,85.2544555664,157.8399963379,105.2148056030,21.1100006104
2012-06-18,85.7131195068,157.9299926758,105.4187469482,18.3199996948
2012-06-19,84.5935134888,157.1600036621,106.4384307861,18.3799991608
2012-06-20,85.0116653442,155.9700012207,106.2658843994,17.2399997711
2012-06-21,85.4636535645,152.0200042725,103.8814010620,20.0799999237
2012-06-22,84.3237228394,152.6399993896,104.6814346313,18.1100006104
2012-06-25,85.5512847900,153.7599945068,103.0028839111,20.3799991608
2012-06-26,85.2140121460,152.6199951172,103.5205764771,19.7199993134
2012-06-27,85.3489303589,152.8300018311,104.4539566040,19.4500007629
2012-06-28,85.5580291748,151.0500030518,104.1558990479,19.7099990845
2012-06-29,84.4451141357,155.1900024414,106.7521743774,17.0799999237
2012-07-02,85.3164215088,155.0899963379,107.0737686157,16.7999992371
2012-07-03,84.6607513428,157.4600067139,107.7797012329,16.6599998474
2012-07-05,85.0933990479,155.6799926758,107.2933425903,17.5000000000
2012-07-06,85.8842010498,153.7100067139,106.2737045288,17.1000003815
2012-07-09,86.6412124634,154.0399932861,106.1403579712,17.9799995422
2012-07-10,86.8169555664,152.1499938965,105.2148056030,18.7199993134
2012-07-11,86.9251174927,152.9900054932,105.2305145264,17.9500007629
2012-07-12,87.5402069092,152.5899963379,104.7206726074,18.3299999237
2012-07-13,87.3103790283,154.1399993896,106.4776458740,16.7399997711
2012-07-16,87.7159500122,154.2100067139,106.2266464233,17.1100006104
2012-07-17,87.0265350342,153.4700012207,106.9561004639,16.4799995422
2012-07-18,87.0738296509,153.0500030518,107.7483139038,16.1599998474
2012-07-19,86.8508148193,153.3800048828,108.0307083130,15.4499998093
2012-07-20,87.9120025635,153.6699981689,107.0424118042,16.2700004578
2012-07-23,88.4054336548,153.0299987793,105.9599304199,18.6200008392
2012-07-24,89.1016387939,153.5200042725,105.0501022339,20.4699993134
2012-07-25,89.3314971924,155.6699981689,105.0736236572,19.3400001526
2012-07-26,88.5135650635,156.7700042725,106.8070449829,17.5300006866
2012-07-27,86.8439865112,157.5399932861,108.7758255005,16.7000007629
2012-07-30,87.4929199219,157.4299926758,108.7758255005,18.0300006866
2012-07-31,87.6686096191,156.4900054932,108.0149841309,18.9300003052
2012-08-01,87.2304382324,155.1399993896,107.9208679199,18.9599990845
2012-08-02,87.7249069214,154.1300048828,107.1757431030,17.5699996948
2012-08-03,86.3091888428,155.5500030518,109.3013763428,15.6400003433
2012-08-06,86.3430557251,156.3000030518,109.5131301880,15.9499998093
2012-08-07,85.2321929932,156.2799987793,110.0622100830,15.9899997711
2012-08-08,84.7783508301,156.4799957275,110.1955184937,15.3199996948
2012-08-09,84.7173843384,156.9900054932,110.2896499634,15.2799997330
2012-08-10,85.1441421509,157.1799926758,110.4700775146,14.7399997711
2012-08-13,85.0018920898,155.9900054932,110.4151382446,13.6999998093
2012-08-14,83.8504104614,155.1300048828,110.4308547974,14.8500003815
2012-08-15,82.6717987061,155.6300048828,110.5563583374,14.6300001144
2012-08-16,81.9673233032,156.5599975586,111.3721237183,14.2899999619
2012-08-17,82.3669815063,156.7200012207,111.5211181641,13.4499998093
2012-08-20,82.5363159180,157.2599945068,111.5289688110,14.0200004578
2012-08-21,82.9020767212,158.8300018311,111.1916656494,15.0200004578
2012-08-22,84.2703399658,160.5399932861,111.2387466431,15.1099996567
2012-08-23,84.6225662231,161.8899993896,110.3289031982,15.9600000381
2012-08-24,84.5412826538,161.9700012207,110.9955596924,15.1800003052
2012-08-27,85.0357818604,161.3600006104,111.0190963745,16.3500003815
2012-08-28,85.2389755249,161.6399993896,110.9092864990,16.4899997711
2012-08-29,84.8664398193,160.5899963379,110.9955596924,17.0599994659
2012-08-30,85.3067092896,160.5200042725,110.1955184937,17.8299999237
2012-08-31,86.5123977661,164.2200012207,110.7210769653,17.4699993134
2012-09-04,86.4255371094,164.4799957275,110.6190795898,17.9799995422
2012-09-05,86.0182342529,164.3099975586,110.5250015259,17.7399997711
2012-09-06,84.5859603882,164.8899993896,112.7682952881,15.6000003815
2012-09-07,84.1922378540,168.4400024414,113.2074813843,14.3800001144
2012-09-10,84.3958663940,167.2899932861,112.5643081665,16.2800006866
2012-09-11,83.8664398193,167.8999938965,112.8780670166,16.4099998474
2012-09-12,82.8210906982,167.9199981689,113.2545013428,15.8000001907
2012-09-13,82.4952011108,171.3099975586,114.9801864624,14.0500001907
2012-09-14,80.3027191162,171.8000030518,115.4900054932,14.5100002289
2012-09-17,81.2665634155,170.3999938965,115.0978393555,14.5900001526
2012-09-18,81.6738433838,171.7200012207,115.0036773682,14.1800003052
2012-09-19,82.2101898193,171.7400054932,115.0664443970,13.8800001144
2012-09-20,82.4137802124,171.4700012207,115.0742797852,14.0699996948
2012-09-21,82.5088043213,171.9600067139,115.0261764526,13.9799995422
2012-09-24,83.1536712646,171.0500030518,114.8527603149,14.1499996185
2012-09-25,83.9750289917,170.7700042725,113.6304397583,15.4300003052
2012-09-26,84.8778533936,169.8099975586,112.9917297363,16.8099994659
2012-09-27,84.2737197876,172.3399963379,114.0563049316,14.8400001526
2012-09-28,84.3211517334,171.8899993896,113.5279388428,15.7299995422
2012-10-01,84.6341323853,172.2899932861,113.8275833130,16.3199996948
2012-10-02,84.5185317993,172.1000061035,113.9458923340,15.7100000381
2012-10-03,84.5457305908,172.4100036621,114.4111251831,15.4300003052
2012-10-04,83.4913253784,173.6100006104,115.2312393188,14.5500001907
2012-10-05,82.4097442627,172.6199951172,115.2391357422,14.3299999237
2012-10-08,83.1036605835,172.0500030518,114.8448410034,15.1099996567
2012-10-09,82.9538955688,170.9900054932,113.7093200684,16.3700008392
2012-10-10,83.5389404297,170.8399963379,112.9838714600,16.2900009155
2012-10-11,84.1171875000,171.3200073242,113.0469055176,15.5900001526
2012-10-12,84.3279800415,170.0599975586,112.6763153076,16.1399993896
2012-10-15,84.1375732422,168.3500061035,113.6146850586,15.2700004578
2012-10-16,82.9743957520,169.4199981689,114.7659454346,15.2200002670
2012-10-17,82.2057418823,169.5399932861,115.2864151001,15.0699996948
2012-10-18,81.7023315430,168.7899932861,114.9867477417,15.0299997330
2012-10-19,82.8111114502,166.9700012207,113.0705871582,17.0599994659
2012-10-22,82.2805099487,167.5800018311,113.0863494873,16.6200008392
2012-10-23,83.4573440552,165.4299926758,111.5171356201,18.8299999237
2012-10-24,82.6342620850,164.8600006104,111.2017211914,18.3299999237
2012-10-25,82.2125549316,166.0200042725,111.5250320435,18.1200008392
2012-10-26,83.4233016968,165.9299926758,111.4619445801,17.8099994659
2012-10-31,83.9131317139,166.8300018311,111.4619445801,18.6000003815
2012-11-01,83.2260894775,166.0700073242,112.6289901733,16.6900005341
2012-11-02,83.1648254395,162.6000061035,111.6275329590,17.5900001526
2012-11-05,83.6341857910,163.2299957275,111.8562088013,18.4200000763
2012-11-06,82.8451156616,166.3000030518,112.7315521240,17.5799999237
2012-11-07,84.3484191895,166.4900054932,110.1766128540,19.0799999237
2012-11-08,85.6000671387,167.9900054932,108.8518524170,18.4899997711
2012-11-09,85.6953125000,167.8200073242,108.9464416504,18.6100006104
2012-11-12,85.8381500244,167.4499969482,109.0331878662,16.6800003052
2012-11-13,86.1238479614,167.1000061035,108.6546783447,16.6499996185
2012-11-14,86.2054443359,167.1399993896,107.1879730225,17.9200000763
2012-11-15,86.0354080200,166.0899963379,107.0065994263,17.9899997711
2012-11-16,85.9605560303,165.8800048828,107.5349273682,16.4099998474
2012-11-19,85.4776077271,167.8699951172,109.7113647461,15.2399997711
2012-11-20,84.6205291748,167.3899993896,109.7586898804,15.0799999237
2012-11-21,84.5728912354,167.5599975586,109.9636840820,15.3100004196
2012-11-23,84.4912719727,169.6100006104,111.4619445801,15.1400003433
2012-11-26,84.8926239014,169.4299926758,111.2254104614,15.5000000000
2012-11-27,85.2259216309,168.7100067139,110.6576156616,15.9200000763
2012-11-28,85.1034927368,166.5500030518,111.5486755371,15.5100002289
2012-11-29,85.1171035767,167.1799926758,112.0691299438,15.0600004196
2012-11-30,84.8858337402,166.0500030518,112.0927886963,15.8699998856
2012-12-03,84.9641952515,166.1300048828,111.5408020020,16.6399993896
2012-12-04,85.4549255371,164.4199981689,111.3830871582,17.1200008392
2012-12-05,85.4140167236,164.1199951172,111.5802078247,16.4599990845
2012-12-06,85.5980148315,164.5000000000,111.9587020874,16.5799999237
2012-12-07,84.8074722290,165.1600036621,112.2978286743,15.8999996185
2012-12-10,85.1823120117,165.8000030518,112.3451232910,16.0499992371
2012-12-11,84.5348205566,165.6499938965,113.1100158691,15.5699996948
2012-12-12,83.5533447266,165.7700042725,113.1652374268,15.9499998093
2012-12-13,83.6147232056,164.3699951172,112.4713058472,16.5599994659
2012-12-14,84.2417144775,164.1300048828,112.0533218384,17.0000000000
2012-12-17,82.9808807373,164.4400024414,113.3702163696,16.3400001526
2012-12-18,82.1357040405,162.0800018311,114.6319122314,15.5699996948
2012-12-19,82.4083480835,161.6900024414,113.7802429199,17.3600006104
2012-12-20,82.4219360352,159.7299957275,114.4347534180,17.6700000763
2012-12-21,83.3216018677,160.3300018311,113.3960494995,17.8400001526
2012-12-24,83.1717376709,160.6199951172,113.0466079712,17.8400001526
2012-12-26,83.4708404541,160.7799987793,112.5701141357,19.4799995422
2012-12-27,83.7508926392,161.1600036621,112.4192352295,19.4699993134
2012-12-28,84.2290725708,160.5399932861,111.2042083740,22.7199993134
2012-12-31,82.7741317749,162.0200042725,113.0943069458,18.0200004578
2013-01-02,81.6675491333,163.1699981689,115.9928512573,14.6800003052
2013-01-03,80.5609893799,161.1999969482,115.7308273315,14.5600004196
2013-01-04,80.8751907349,160.4400024414,116.2390518188,13.8299999237
2013-01-07,80.9093704224,159.4299926758,115.9214248657,13.7899999619
2013-01-08,81.4421539307,160.5599975586,115.5878524780,13.6199998856
2013-01-09,81.3670043945,160.4900054932,115.8816757202,13.8100004196
2013-01-10,81.1416244507,161.9799957275,116.8029251099,13.4899997711
2013-01-11,81.8656463623,161.0599975586,116.7950210571,13.3599996567
2013-01-14,81.6402206421,161.5399932861,116.7155685425,13.5200004578
2013-01-15,82.0159454346,162.5599975586,116.7950210571,13.5500001907
2013-01-16,82.1866912842,162.6499938965,116.7790756226,13.4200000763
2013-01-17,81.3670043945,163.3500061035,117.5335311890,13.5699996948
2013-01-18,81.9954452515,163.0899963379,117.7955780029,12.4600000381
2013-01-22,82.1525344849,163.6699981689,118.4309005737,12.4300003052
2013-01-23,82.0295867920,163.2100067139,118.6215438843,12.4600000381
2013-01-24,81.7427139282,161.4199981689,118.6532516479,12.6899995804
2013-01-25,80.6224822998,160.6499938965,119.3203430176,12.8900003433
2013-01-28,80.3287582397,160.2899932861,119.1774139404,13.5699996948
2013-01-29,79.8847885132,160.9900054932,119.6459655762,13.3100004196
2013-01-30,79.7480926514,162.1900024414,119.1774139404,14.3199996948
2013-01-31,80.1374816895,161.1999969482,118.8835601807,14.2799997330
2013-02-01,79.0969238281,161.4499969482,120.1065444946,12.8999996185
2013-02-04,80.1100997925,162.0000000000,118.7565612793,14.6700000763
2013-02-05,79.3981399536,161.9600067139,119.9557189941,13.7200002670
2013-02-06,80.0485076904,162.3899993896,120.0430526733,13.4099998474
2013-02-07,79.8704833984,161.8399963379,119.8842468262,13.5000000000
2013-02-08,80.1785507202,161.5700073242,120.5513076782,13.0200004578
2013-02-11,80.1169433594,159.6999969482,120.5275039673,12.9399995804
2013-02-12,79.9184112549,159.8899993896,120.7259902954,12.6400003433
2013-02-13,79.2680435181,159.0500030518,120.8292465210,12.9799995422
2013-02-14,79.9868621826,158.3500061035,120.9404144287,12.6599998474
2013-02-15,79.7540817261,155.7599945068,120.7974700928,12.4600000381
2013-02-19,79.3570632935,155.3300018311,121.7027740479,12.3100004196
2013-02-20,79.5966567993,151.4400024414,120.1859436035,14.6800003052
2013-02-21,80.0621795654,152.6199951172,119.4553909302,15.2200002670
2013-02-22,80.1169433594,152.9700012207,120.6228103638,14.1700000763
2013-02-25,81.6915588379,154.3399963379,118.3276672363,18.9899997711
2013-02-26,81.2191619873,156.2200012207,119.1377258301,16.8700008392
2013-02-27,80.9795608521,154.5700073242,120.6386184692,14.7299995422
2013-02-28,81.1301574707,153.0000000000,120.4003524780,15.5100002289
2013-03-01,81.5719375610,152.4400024414,120.7974700928,15.3599996567
2013-03-04,81.1397628784,152.3000030518,121.4407348633,14.0100002289
2013-03-05,80.9064788818,152.3800048828,122.5287170410,13.4799995422
2013-03-06,80.1724243164,153.2299957275,122.6954956055,13.5299997330
2013-03-07,79.5549163818,152.6900024414,122.9178466797,13.0600004196
2013-03-08,78.7248229980,152.7100067139,123.4419860840,12.5900001526
2013-03-11,78.8002929688,152.9900054932,123.9105529785,11.5600004196
2013-03-12,79.3697204590,154.1900024414,123.6325454712,12.2700004578
2013-03-13,79.2873611450,153.6600036621,123.8072814941,11.8299999237
2013-03-14,79.0473098755,153.6799926758,124.4664459229,11.3000001907
2013-03-15,79.4177246094,154.0000000000,124.3021392822,11.3000001907
2013-03-18,80.0214691162,155.3800048828,123.6161193848,13.3599996567
2013-03-19,80.5634460449,156.0800018311,123.3289031982,14.3900003433
2013-03-20,79.6647567749,155.3699951172,124.1903610229,12.6700000763
2013-03-21,80.4330825806,156.2500000000,123.1295318604,13.9899997711
2013-03-22,80.4948730469,155.5500030518,124.1186599731,13.5699996948
2013-03-25,80.4194107056,155.2400054932,123.6001586914,13.7399997711
2013-03-26,80.5154647827,154.7200012207,124.5892868042,12.7700004578
2013-03-27,81.2015075684,155.3600006104,124.5892868042,13.1499996185
2013-03-28,80.7898635864,154.4499969482,124.9721450806,12.6999998093
2013-04-01,81.3983306885,154.6699981689,124.4775466919,13.5799999237
2013-04-02,81.0683135986,152.4299926758,125.0918121338,12.7799997330
2013-04-03,81.7971267700,150.7299957275,123.8234710693,14.2100000381
2013-04-04,82.7733993530,150.2899932861,124.3259887695,13.8900003433
2013-04-05,84.4441299438,152.8099975586,123.7676696777,13.9200000763
2013-04-08,83.7978439331,152.1600036621,124.6052322388,13.1899995804
2013-04-09,83.5915679932,153.3399963379,125.0359802246,12.8400001526
2013-04-10,82.4433822632,150.7500000000,126.5675201416,12.3599996567
2013-04-11,82.6015625000,151.0500030518,126.9823532104,12.2399997711
2013-04-12,83.8322525024,143.9499969482,126.6711578369,12.0600004196
2013-04-15,84.5610733032,131.3099975586,123.7357864380,17.2700004578
2013-04-16,83.8666229248,132.8000030518,125.5623931885,13.9600000381
2013-04-17,84.4235153198,132.8699951172,123.7276992798,16.5100002289
2013-04-18,84.6297607422,134.3000030518,122.9540252686,17.5599994659
2013-04-19,84.4510192871,135.4700012207,124.0229339600,14.9700002670
2013-04-22,84.5128784180,137.8999938965,124.5732879639,14.3900003433
2013-04-23,84.2172622681,136.8800048828,125.8575668335,13.4799995422
2013-04-24,84.4304504395,138.3699951172,125.9373168945,13.6099996567
2013-04-25,84.0660095215,141.6300048828,126.4478759766,13.6199998856
2013-04-26,84.8360137939,140.9100036621,126.2245330811,13.6099996567
2013-04-29,84.5266571045,142.3000030518,127.0700759888,13.7100000381
2013-04-30,84.5748138428,142.7700042725,127.3731765747,13.5200004578
2013-05-01,85.4436264038,141.1100006104,126.2564239502,14.4899997711
2013-05-02,85.3333969116,141.9199981689,127.4290084839,13.5900001526
2013-05-03,83.3214645386,142.0899963379,128.7212371826,12.8500003815
2013-05-06,83.1147537231,142.1499938965,129.0482482910,12.6599998474
2013-05-07,82.7909393311,140.3800048828,129.7023773193,12.8299999237
2013-05-08,82.9218826294,142.4600067139,130.2926483154,12.6599998474
2013-05-09,82.7082443237,140.8099975586,129.9257202148,13.1300001144
2013-05-10,81.8194351196,139.6000061035,130.3484954834,12.5900001526
2013-05-13,81.1924743652,138.4299926758,130.4522094727,12.5500001907
2013-05-14,80.3105010986,137.8099975586,131.8003082275,12.7700004578
2013-05-15,80.8479385376,134.6300048828,132.5101470947,12.8100004196
2013-05-16,81.6885757446,134.0899963379,131.8880004883,13.0699996948
2013-05-17,80.6550674438,131.0700073242,133.1643066406,12.4499998093
2013-05-20,80.5585556030,135.1199951172,133.1563415527,13.0200004578
2013-05-21,81.1924743652,132.8800048828,133.3477935791,13.3699998856
2013-05-22,79.9866561890,131.9400024414,132.3585968018,13.8199996948
2013-05-23,80.3656387329,134.6100006104,131.9757385254,14.0699996948
2013-05-24,80.4759216309,133.7599945068,131.8640136719,13.9899997711
2013-05-28,78.4364089966,133.4900054932,132.6537933350,14.4799995422
2013-05-29,79.3183746338,134.8300018311,131.7922821045,14.8299999237
2013-05-30,79.1254272461,136.6999969482,132.2788543701,14.5299997330
2013-05-31,78.8567199707,133.9199981689,130.3804016113,16.2999992371
2013-06-03,79.2745437622,136.5099945068,131.0983276367,16.2800006866
2013-06-04,78.5425033569,135.2299957275,130.4681396484,16.2700004578
2013-06-05,79.6267929077,135.5200042725,128.6415100098,17.5000000000
2013-06-06,79.5784759521,136.5299987793,129.8060150146,16.6299991608
2013-06-07,78.1556854248,133.2799987793,131.4572448730,15.1400003433
2013-06-10,77.7827301025,133.9400024414,131.4572448730,15.4399995804
2013-06-11,78.7082061768,133.2500000000,130.1011962891,17.0699996948
2013-06-12,77.5824508667,134.2500000000,129.0243225098,18.5900001526
2013-06-13,78.7980346680,133.7400054932,130.9866638184,16.4099998474
2013-06-14,78.6115570068,134.4299926758,130.1650390625,17.1499996185
2013-06-17,78.1971282959,133.7700042725,131.1701202393,16.7999992371
2013-06-18,78.2386169434,132.1300048828,132.2070312500,16.6100006104
2013-06-19,77.4305191040,130.5899963379,130.3804016113,16.6399993896
2013-06-20,76.1596908569,123.5999984741,127.1498107910,20.4899997711
2013-06-21,74.8681411743,125.0500030518,127.5579681396,18.8999996185
2013-06-24,75.1789398193,123.9300003052,125.9461288452,20.1100006104
2013-06-25,74.5090332031,123.4700012207,127.1570205688,18.4699993134
2013-06-26,74.9924163818,118.2799987793,128.4160156250,17.2099990845
2013-06-27,75.7591094971,115.9400024414,129.1697692871,16.8600006104
2013-06-28,76.2771224976,119.1100006104,128.6405181885,16.8600006104
2013-07-01,76.4307937622,121.1299972534,129.3943176270,16.3700008392
2013-07-02,76.3823165894,120.0500030518,129.2740325928,16.4400005341
2013-07-03,76.1538467407,120.7399978638,129.3302001953,16.2000007629
2013-07-05,73.5579452515,118.0899963379,130.7254943848,14.8900003433
2013-07-08,74.2709503174,119.5100021362,131.4712371826,14.7799997330
2013-07-09,74.3470840454,120.6200027466,132.4175109863,14.3500003815
2013-07-10,73.7656097412,120.9499969482,132.4655761719,14.2100000381
2013-07-11,74.6309280396,124.2399978638,134.2699127197,14.0100002289
2013-07-12,74.5686340332,124.1299972534,134.3260040283,13.8400001526
2013-07-15,74.9632339478,124.1800003052,134.8392333984,13.7899999619
2013-07-16,75.2193374634,124.8899993896,134.3340454102,14.4200000763
2013-07-17,75.3578186035,123.3199996948,134.6788024902,13.7799997330
2013-07-18,74.4163360596,124.0100021362,135.4166259766,13.7700004578
2013-07-19,75.5931091309,125.1100006104,135.6571044922,12.5399999619
2013-07-22,75.7038650513,128.8399963379,135.9217987061,12.2899999619
2013-07-23,75.3855056763,129.7100067139,135.6330718994,12.6599998474
2013-07-24,74.4301910400,127.4800033569,135.1359100342,13.1800003052
2013-07-25,74.4024810791,128.6699981689,135.4646453857,12.9700002670
2013-07-26,74.8593902588,128.7799987793,135.6090393066,12.7200002670
2013-07-29,74.3125305176,128.4700012207,135.1920318604,13.3900003433
2013-07-30,74.2847976685,128.1199951172,135.1920318604,13.3900003433
2013-07-31,74.5547561646,127.9599990845,135.2882995605,13.4499998093
2013-08-01,73.1182479858,126.6100006104,136.8520050049,12.9399995804
2013-08-02,73.9232406616,126.3600006104,137.0844879150,11.9799995422
2013-08-05,73.3542098999,125.6999969482,136.8840332031,11.8400001526
2013-08-06,73.5693206787,123.9700012207,136.1062469482,12.7200002670
2013-08-07,74.1175765991,124.1500015259,135.6651458740,12.9799995422
2013-08-08,74.3188552856,126.8600006104,136.1623077393,12.7299995422
2013-08-09,74.4368362427,126.8600006104,135.7694549561,13.4099998474
2013-08-12,73.9301986694,129.1300048828,135.6090393066,12.8100004196
2013-08-13,72.8614501953,127.7399978638,136.0100555420,12.3100004196
2013-08-14,72.9725189209,129.0000000000,135.3123168945,13.0399999619
2013-08-15,71.9870376587,131.6900024414,133.4198760986,14.7299995422
2013-08-16,71.7372207642,132.5800018311,132.9787750244,14.3699998856
2013-08-19,71.1126556396,132.0099945068,132.1288146973,15.1000003815
2013-08-20,71.6608657837,132.4499969482,132.7783508301,14.9099998474
2013-08-21,70.8766174316,132.0700073242,131.9604034424,15.9399995804
2013-08-22,71.5983810425,132.8099975586,133.1632232666,14.7600002289
2013-08-23,72.3756790161,134.8999938965,133.6123504639,13.9799995422
2013-08-26,72.7365570068,135.4499969482,133.1151428223,14.9899997711
2013-08-27,73.6526336670,136.7500000000,130.9740600586,16.7700004578
2013-08-28,73.0557861328,136.7100067139,131.4391174316,16.4899997711
2013-08-29,73.6387329102,135.8699951172,131.6476593018,16.8099994659
2013-08-30,73.5554504395,134.6199951172,131.2306518555,17.0100002289
2013-09-03,72.5180435181,136.4199981689,131.8240814209,16.6100006104
2013-09-04,72.3579254150,134.6600036621,132.9146423340,15.8800001144
2013-09-05,71.3490295410,132.1999969482,133.0830688477,15.7700004578
2013-09-06,71.7038955688,134.1499938965,133.1472320557,15.8500003815
2013-09-09,71.7386322021,133.9100036621,134.4222717285,15.6300001144
2013-09-10,71.2376632690,131.7400054932,135.4166259766,14.5299997330
2013-09-11,71.8708877563,131.6999969482,135.8415985107,13.8199996948
2013-09-12,71.7734680176,127.6699981689,135.4807586670,14.2899999619
2013-09-13,72.0517959595,127.8199996948,135.7854309082,14.1599998474
2013-09-16,71.5717163086,126.4499969482,136.5713043213,14.3800001144
2013-09-17,72.1631469727,126.5000000000,137.1807708740,14.5299997330
2013-09-18,73.0537490845,132.0099945068,138.7685699463,13.5900001526
2013-09-19,72.6223678589,131.7500000000,138.5359191895,13.1599998474
2013-09-20,73.0050582886,127.9599990845,137.5673980713,13.1199998856
2013-09-23,73.5408782959,127.5500030518,136.9308166504,14.3100004196
2013-09-24,74.3340911865,127.6600036621,136.6084899902,14.0799999237
2013-09-25,74.4871215820,128.7899932861,136.2136077881,14.0100002289
2013-09-26,73.9652633667,127.7900009155,136.7373962402,14.0600004196
2013-09-27,74.1461868286,128.9700012207,136.1089019775,15.4600000381
2013-09-30,74.0348434448,128.1799926758,135.3836364746,16.6000003815
2013-10-01,73.8102340698,124.5899963379,136.4553375244,15.5399999619
2013-10-02,73.9218597412,127.0599975586,136.3264160156,16.6000003815
2013-10-03,73.8032608032,127.1800003052,135.0693969727,17.6700000763
2013-10-04,73.7474060059,126.5299987793,136.0927734375,16.7399997711
2013-10-07,74.0474166870,127.6399993896,134.9162902832,19.4099998474
2013-10-08,74.0683670044,127.4000015259,133.3449249268,20.3400001526
2013-10-09,73.4753341675,126.1100006104,133.4416351318,19.6000003815
2013-10-10,73.5939102173,124.2699966431,136.3183593750,16.4799995422
2013-10-11,73.5730056763,122.5999984741,137.1967315674,15.7200002670
2013-10-14,72.9800643921,122.8300018311,137.7447052002,16.0699996948
2013-10-15,72.9312133789,123.7300033569,136.7454223633,18.6599998474
2013-10-16,73.8451461792,123.5400009155,138.6552276611,14.7100000381
2013-10-17,74.5148239136,127.4199981689,139.5819091797,13.4799995422
2013-10-18,74.6753234863,126.8499984741,140.5247192383,13.0399999619
2013-10-21,74.4380874634,126.9800033569,140.5327606201,13.1599998474
2013-10-22,75.2682952881,129.3399963379,141.3466186523,13.3299999237
2013-10-23,75.5612792969,128.6900024414,140.6697540283,13.4200000763
2013-10-24,75.2682952881,129.8999938965,141.1371307373,13.1999998093
2013-10-25,75.5473556519,130.4600067139,141.7817840576,13.0900001526
2013-10-28,75.2892379761,130.5599975586,142.0073394775,13.3100004196
2013-10-29,75.3868942261,129.7700042725,142.7648162842,13.4099998474
2013-10-30,74.9334182739,129.6000061035,142.0557250977,13.6499996185
2013-10-31,75.0938644409,127.7399978638,141.6528167725,13.7500000000
2013-11-01,74.2810592651,126.9499969482,141.9912719727,13.2799997330
2013-11-04,74.3509521484,126.8099975586,142.4909057617,12.9300003052
2013-11-05,73.4626541138,126.5599975586,142.0396270752,13.2700004578
2013-11-06,73.4976196289,127.1999969482,142.7648162842,12.6700000763
2013-11-07,74.1201324463,126.1600036621,140.9598541260,13.9099998474
2013-11-08,72.3363723755,124.2799987793,142.8614959717,12.8999996185
2013-11-11,72.0635757446,123.8700027466,142.8857269287,12.5299997330
2013-11-12,72.3993606567,122.4499969482,142.5955810547,12.8199996948
2013-11-13,72.6651763916,122.8499984741,143.7398681641,12.5200004578
2013-11-14,73.1128463745,124.2699966431,144.4570312500,12.3699998856
2013-11-15,73.2597579956,124.3199996948,145.0855712891,12.1899995804
2013-11-18,73.7004623413,122.9000015259,144.5778961182,13.1000003815
2013-11-19,73.1408615112,122.9499969482,144.2636871338,13.3900003433
2013-11-20,71.8957138062,120.1200027466,143.8124389648,13.3999996185
2013-11-21,72.0146560669,119.9400024414,144.9728088379,12.6599998474
2013-11-22,72.6861267090,119.9199981689,145.6979675293,12.2600002289
2013-11-25,72.8959960938,120.4599990845,145.5529327393,12.7899999619
2013-11-26,73.1688232422,119.8199996948,145.5932464600,12.8100004196
2013-11-27,73.0429534912,119.4599990845,145.9477386475,12.9799995422
2013-11-29,73.0638885498,120.6999969482,145.8511047363,13.6999998093
2013-12-02,72.4956207275,117.5800018311,145.4723663330,14.2299995422
2013-12-03,72.7622222900,117.9599990845,144.8438262939,14.5500001907
2013-12-04,72.0676269531,119.9599990845,144.8276824951,14.6999998093
2013-12-05,71.8641662598,118.3000030518,144.1911468506,15.0799999237
2013-12-06,72.2079391479,118.5500030518,145.8027648926,13.7899999619
2013-12-09,72.3763351440,119.7200012207,146.1733551025,13.4899997711
2013-12-10,72.8955001831,121.8199996948,145.6496429443,13.9099998474
2013-12-11,72.3342361450,120.8600006104,144.0138702393,15.4200000763
2013-12-12,72.0605850220,118.2900009155,143.5384368896,15.5399999619
2013-12-13,72.4114532471,119.3799972534,143.5222930908,15.7600002289
2013-12-16,72.1448211670,119.6900024414,144.4167633057,16.0300006866
2013-12-17,72.4675369263,118.6500015259,143.9574432373,16.2099990845
2013-12-18,72.1027069092,117.6100006104,146.4151611328,13.8000001907
2013-12-19,72.0325393677,114.8199996948,146.2458496094,14.1499996185
2013-12-20,73.1410827637,115.9400024414,147.0966644287,13.7899999619
2013-12-23,72.7271499634,115.5699996948,147.8825378418,13.0399999619
2013-12-24,72.1448211670,116.0999984741,148.2066192627,12.4799995422
2013-12-26,71.8667755127,116.7399978638,148.9600372314,12.3299999237
2013-12-27,71.6626510620,117.1200027466,148.9519195557,12.4600000381
2013-12-30,72.1553649902,115.3899993896,148.9276733398,13.5600004196
2013-12-31,71.6978530884,116.1200027466,149.6324920654,13.7200002670
2014-01-02,71.9160690308,118.0000000000,148.1984863281,14.2299995422
2014-01-03,71.9160690308,119.2900009155,148.1741333008,13.7600002289
2014-01-06,72.2187423706,119.5000000000,147.7447357178,13.5500001907
2014-01-07,72.4017639160,118.8199996948,148.6521453857,12.9200000763
2014-01-08,72.2046737671,118.1200027466,148.6846160889,12.8699998856
2014-01-09,72.6269378662,118.4599990845,148.7817687988,12.8900003433
2014-01-10,73.4927673340,120.2600021362,149.1869049072,12.1400003433
2014-01-13,73.8587875366,121.0199966431,147.2019348145,13.2799997330
2014-01-14,73.5208663940,119.8899993896,148.8061523438,12.2799997330
2014-01-15,73.4434585571,119.6600036621,149.6082000732,12.2799997330
2014-01-16,73.9362258911,119.7900009155,149.4136810303,12.5299997330
2014-01-17,74.2459487915,120.9300003052,148.7817687988,12.4399995804
2014-01-21,74.3022232056,119.6999969482,149.2192840576,12.8699998856
2014-01-22,74.1191940308,119.1900024414,149.3164825439,12.8400001526
2014-01-23,75.1679840088,121.7900009155,148.0931549072,13.7700004578
2014-01-24,75.6537017822,122.2900009155,144.9334106445,18.1399993896
2014-01-27,75.1257629395,120.9599990845,144.2205047607,17.4200000763
2014-01-28,75.3087692261,120.9499969482,145.0792846680,15.8000001907
2014-01-29,75.9282379150,122.4700012207,143.6858215332,17.3500003815
2014-01-30,75.7099838257,119.7699966431,145.2089080811,17.2900009155
2014-01-31,76.2168350220,120.0899963379,144.3582000732,18.4099998474
2014-02-03,77.1454772949,121.3199996948,141.1094055176,21.4400005341
2014-02-04,76.3269042969,120.9899978638,142.0977783203,19.1100006104
2014-02-05,75.6211776733,121.2900009155,141.9195404053,19.9500007629
2014-02-06,75.2965850830,121.2399978638,143.7910461426,17.2299995422
2014-02-07,75.3600997925,122.1699981689,145.5734252930,15.2899999619
2014-02-10,75.5718154907,122.9199981689,145.8408203125,15.2600002289
2014-02-11,75.1342773438,124.3600006104,147.4369049072,14.5100002289
2014-02-12,74.7461624146,124.4300003052,147.5098114014,14.3000001907
2014-02-13,75.1695785522,125.4899978638,148.2714233398,14.1400003433
2014-02-14,75.2119216919,127.1500015259,149.0896453857,13.5699996948
2014-02-18,75.3812408447,127.4000015259,149.2679443359,13.8699998856
2014-02-19,75.0637512207,126.2699966431,148.2795104980,15.5000000000
2014-02-20,74.8802185059,127.5999984741,149.1544647217,14.7899999619
2014-02-21,75.2753753662,127.5800018311,148.9843597412,14.6800003052
2014-02-24,75.0848464966,128.9900054932,149.8107299805,14.2299995422
2014-02-25,75.7552413940,129.2100067139,149.7540283203,13.6700000763
2014-02-26,76.1575241089,128.1100006104,149.7621765137,14.3500003815
2014-02-27,76.5738601685,128.1999969482,150.5480194092,14.0399999619
2014-02-28,76.6161956787,127.6200027466,150.9287261963,14.0000000000
2014-03-03,77.1276550293,130.2899932861,149.8674468994,16.0000000000
2014-03-04,75.9674987793,128.6799926758,151.9739532471,14.1000003815
2014-03-05,76.1302413940,128.8899993896,152.1116180420,13.8900003433
2014-03-06,75.3804168701,130.1699981689,152.4599914551,14.2100000381
2014-03-07,74.9064407349,129.0899963379,152.5248565674,14.1099996567
2014-03-10,75.0125503540,129.1300048828,152.4438171387,14.1999998093
2014-03-11,75.2106170654,129.8600006104,151.6903381348,14.8000001907
2014-03-12,75.7340927124,131.7599945068,151.7308959961,14.4700002670
2014-03-13,76.7527008057,132.2100067139,150.0295104980,16.2199993134
2014-03-14,76.7668991089,133.1000061035,149.6082000732,17.8199996948
2014-03-17,76.1938781738,131.6399993896,150.9611816406,15.6400003433
2014-03-18,76.4697723389,130.6199951172,152.0387268066,14.5200004578
2014-03-19,75.8755722046,128.0899963379,151.2285614014,15.1199998856
2014-03-20,75.7411422729,127.8600006104,152.1116180420,14.5200004578
2014-03-21,76.5617523193,128.4700012207,151.5216827393,15.0000000000
2014-03-24,77.1064147949,126.1800003052,150.8950958252,15.0900001526
2014-03-25,76.8164291382,126.4100036621,151.6111907959,14.0200004578
2014-03-26,77.4176864624,125.4100036621,150.5207519531,14.9300003052
2014-03-27,77.8067779541,124.5899963379,150.2034454346,14.6199998856
2014-03-28,77.3682098389,124.5599975586,150.9439392090,14.4099998474
2014-03-31,77.1771774292,123.6100006104,152.1807861328,13.8800001144
2014-04-01,76.5175933838,123.3899993896,153.1898498535,13.1000003815
2014-04-02,76.0778808594,124.3199996948,153.7025299072,13.0900001526
2014-04-03,76.4112014771,123.9199981689,153.4991302490,13.3699998856
2014-04-04,76.9218826294,125.5699996948,151.6844024658,13.9600000381
2014-04-07,77.3828582764,124.9100036621,150.0081481934,15.5699996948
2014-04-08,77.5672607422,126.0899963379,150.6265258789,14.8900003433
2014-04-09,77.1842727661,126.3199996948,152.2458801270,13.8199996948
2014-04-10,77.9005737305,127.0100021362,149.0478210449,15.8900003433
2014-04-11,78.5318450928,126.9300003052,147.7051239014,17.0300006866
2014-04-14,78.3261260986,127.8499984741,148.8688354492,16.1100006104
2014-04-15,78.8154983521,125.4899978638,149.8941497803,15.6099996567
2014-04-16,78.9147796631,125.5400009155,151.4647369385,14.1800003052
2014-04-17,78.0495452881,124.7500000000,151.6763153076,13.3599996567
2014-04-21,77.9856719971,124.2399978638,152.2052154541,13.2500000000
2014-04-22,78.2481155396,123.7799987793,152.8969116211,13.1899995804
2014-04-23,78.6949157715,123.7600021362,152.5389251709,13.2700004578
2014-04-24,78.8438720703,124.5599975586,152.8481292725,13.3199996948
2014-04-25,78.9572830200,125.4300003052,151.5948486328,14.0600004196
2014-04-28,78.5742874146,124.8799972534,152.0750274658,13.9700002670
2014-04-29,78.4679870605,124.8600006104,152.7829589844,13.7100000381
2014-04-30,78.7941970825,124.2200012207,153.2386932373,13.4099998474
2014-05-01,79.6394729614,123.8000030518,153.2549438477,13.2500000000
2014-05-02,80.1300506592,125.0599975586,153.0352630615,12.9099998474
2014-05-05,79.6466522217,126.2200012207,153.3281860352,13.2899999619
2014-05-06,79.9665298462,125.9800033569,151.9936676025,13.8000001907
2014-05-07,79.6821975708,124.1699981689,152.8887939453,13.3999996185
2014-05-08,79.3409271240,124.1699981689,152.7259979248,13.4300003052
2014-05-09,79.0849609375,124.0999984741,152.9539489746,12.9200000763
2014-05-12,78.7649993896,124.9400024414,154.4430541992,12.2299995422
2014-05-13,79.4475631714,124.5999984741,154.5814666748,12.1300001144
2014-05-14,80.3077545166,125.8099975586,153.8490295410,12.1700000763
2014-05-15,80.9476242065,124.7699966431,152.4982147217,13.1700000763
2014-05-16,80.7201385498,124.5000000000,153.0270996094,12.4399995804
2014-05-19,80.1229324341,124.5800018311,153.5886230469,12.4200000763
2014-05-20,80.3006744385,124.6900024414,152.6202392578,12.9600000381
2014-05-21,79.8101501465,124.3899993896,153.9059753418,11.9099998474
2014-05-22,79.6963806152,124.6699981689,154.2803039551,12.0299997330
2014-05-23,80.1229324341,124.5100021362,154.8987884521,11.3599996567
2014-05-27,80.5921707153,121.8499984741,155.8508911133,11.5100002289
2014-05-28,81.5874786377,121.1999969482,155.7369384766,11.6800003052
2014-05-29,81.1538619995,120.9400024414,156.5425872803,11.5699996948
2014-05-30,81.1182479858,120.4300003052,156.7948303223,11.3999996185
2014-06-02,80.5152206421,119.6999969482,156.9738159180,11.5799999237
2014-06-03,79.5245285034,120.0100021362,156.8925170898,11.8699998856
2014-06-04,79.5031204224,119.7600021362,157.2098693848,12.0799999237
2014-06-05,79.5387649536,120.6600036621,158.2352294922,11.6800003052
2014-06-06,79.5387649536,120.6100006104,158.9919738770,10.7299995422
2014-06-09,79.4246749878,120.6500015259,159.1547393799,11.1499996185
2014-06-10,79.1324539185,121.3899993896,159.1710205078,10.9899997711
2014-06-11,79.2749786377,121.4100036621,158.6176147461,11.6000003815
2014-06-12,79.9806823730,122.6399993896,157.4946594238,12.5600004196
2014-06-13,79.9379272461,122.9599990845,157.9747772217,12.1800003052
2014-06-16,80.1374969482,122.4199981689,158.1049652100,12.6499996185
2014-06-17,79.5031204224,122.2799987793,158.5444030762,12.0600004196
2014-06-18,80.1160964966,122.6699981689,159.7080688477,10.6099996567
2014-06-19,79.0897064209,126.9400024414,159.8871002197,10.6199998856
2014-06-20,79.6884689331,126.5000000000,160.2117614746,10.8500003815
2014-06-23,79.4389648438,126.8499984741,160.1626434326,10.9799995422
2014-06-24,80.2444000244,126.9800033569,159.1977996826,12.1300001144
2014-06-25,80.4511337280,126.9899978638,159.9173736572,11.5900001526
2014-06-26,80.8360061646,126.7300033569,159.8028564453,11.6300001144
2014-06-27,80.7148361206,126.6600036621,160.1136016846,11.2600002289
2014-06-30,80.9144210815,128.0399932861,160.0318145752,11.5699996948
2014-07-01,80.2369232178,127.6999969482,161.1029968262,11.1499996185
2014-07-02,79.3794403076,127.6999969482,161.2664337158,10.8199996948
2014-07-03,79.0935363770,127.1600036621,162.0596618652,10.3199996948
2014-07-07,79.6723937988,127.0199966431,161.4954071045,11.3299999237
2014-07-08,80.5656814575,127.0699996948,160.4570159912,11.9799995422
2014-07-09,80.6300125122,127.8399963379,161.1764984131,11.6499996185
2014-07-10,80.6514663696,128.5399932861,160.5387268066,12.5900001526
2014-07-11,81.1659698486,128.7799987793,160.7595520020,12.0799999237
2014-07-14,80.8158264160,125.7200012207,161.5690307617,11.8199996948
2014-07-15,80.6514663696,124.5299987793,161.2664337158,11.9600000381
2014-07-16,81.0802154541,124.9700012207,161.8633270264,11.0000000000
2014-07-17,82.1021118164,127.0899963379,160.0236358643,14.5399999619
2014-07-18,81.8376617432,126.1299972534,161.6590118408,12.0600004196
2014-07-21,82.2449951172,126.3399963379,161.3564147949,12.8100004196
2014-07-22,82.4165115356,125.7399978638,162.0596618652,12.2399997711
2014-07-23,82.3093795776,125.6200027466,162.4193878174,11.5200004578
2014-07-24,81.6947860718,124.3499984741,162.4276123047,11.8400001526
2014-07-25,82.6595153809,125.7900009155,161.6671142578,12.6899995804
2014-07-28,82.5451736450,125.5800018311,161.7325439453,12.5600004196
2014-07-29,82.8452987671,125.1999969482,161.0375213623,13.2799997330
2014-07-30,81.6947860718,124.8300018311,161.0620574951,13.3299999237
2014-07-31,81.4517974854,123.3899993896,157.8813629150,16.9500007629
2014-08-01,82.0823059082,124.3799972534,157.3989257812,17.0300006866
2014-08-04,81.8673706055,123.9899978638,158.5355072021,15.1199998856
2014-08-05,82.1324996948,123.8700027466,156.9983215332,16.8700008392
2014-08-06,82.1826019287,125.6699981689,157.0473937988,16.3700008392
2014-08-07,82.9492492676,126.1800003052,156.1970214844,16.6599998474
2014-08-08,82.7701721191,126.1900024414,158.0040283203,15.7700004578
2014-08-11,82.7630081177,125.9599990845,158.4618835449,14.2299995422
2014-08-12,82.2255706787,125.9899978638,158.2411499023,14.1300001144
2014-08-13,82.7630081177,126.1999969482,159.3123016357,12.8999996185
2014-08-14,83.4293975830,126.3099975586,160.0645294189,12.4200000763
2014-08-15,84.3393096924,125.4800033569,160.0318145752,13.1499996185
2014-08-18,83.5010299683,124.9599990845,161.3727874756,12.3199996948
2014-08-19,83.2430572510,124.6800003052,162.2149505615,12.2100000381
2014-08-20,83.1068801880,124.2200012207,162.6483306885,11.7799997330
2014-08-21,83.5726318359,122.8799972534,163.1225738525,11.7600002289
2014-08-22,84.0383682251,123.1900024414,162.8690948486,11.4700002670
2014-08-25,84.3536300659,122.7399978638,163.6949768066,11.6999998093
2014-08-26,84.0813217163,123.3499984741,163.8012084961,11.6300001144
2014-08-27,84.7978439331,123.3199996948,163.7357788086,11.7799997330
2014-08-28,85.2421264648,124.0000000000,163.6458892822,12.0500001907
2014-08-29,85.2994079590,123.8600006104,164.1119384766,12.0900001526
2014-09-02,83.8279266357,121.6500015259,164.0301513672,12.2500000000
2014-09-03,84.2947387695,122.1500015259,163.9402313232,12.3599996567
2014-09-04,83.2677841187,121.4800033569,163.7031250000,12.6400003433
2014-09-05,83.1098632812,122.0599975586,164.4389495850,12.0900001526
2014-09-08,83.1456909180,120.7300033569,164.0138397217,12.6599998474
2014-09-09,83.0810623169,120.8700027466,162.9754180908,13.5000000000
2014-09-10,82.5568695068,120.2600021362,163.5886383057,12.8800001144
2014-09-11,82.2839584351,119.4700012207,163.7767181396,12.8000001907
2014-09-12,81.4221954346,118.3799972534,162.8200225830,13.3100004196
2014-09-15,81.5443115234,118.6399993896,162.6974029541,14.1199998856
2014-09-16,81.2139205933,118.8300018311,163.9238739014,12.7299995422
2014-09-17,81.0056838989,117.5400009155,164.1446685791,12.6499996185
2014-09-18,81.2641983032,117.7799987793,165.0195465088,12.0299997330
2014-09-19,82.2983245850,117.0899963379,164.8708648682,12.1099996567
2014-09-22,82.3989105225,116.8499984741,163.5975799561,13.6899995804
2014-09-23,82.9087371826,117.5999984741,162.6610565186,14.9300003052
2014-09-24,82.4490966797,117.0500030518,163.9343719482,13.2700004578
2014-09-25,83.4257812500,117.3899993896,161.2891387939,15.6400003433
2014-09-26,83.3037490845,117.0599975586,162.5707244873,14.8500003815
2014-09-29,83.9715957642,117.0299987793,162.2749481201,15.9799995422
2014-09-30,83.4976425171,116.2099990845,161.8478240967,16.3099994659
2014-10-01,85.1166915894,116.7699966431,159.6544952393,16.7099990845
2014-10-02,84.3751983643,116.7399978638,159.6790771484,16.1599998474
2014-10-03,84.7351379395,114.6100006104,161.4369964600,14.5500001907
2014-10-06,84.7855529785,116.0299987793,161.2480926514,15.4600000381
2014-10-07,85.9302139282,116.3600006104,158.7590484619,17.2000007629
2014-10-08,85.9518203735,117.4700012207,161.5356292725,15.1099996567
2014-10-09,85.5774765015,117.6399993896,158.3318939209,18.7600002289
2014-10-10,86.4269790649,117.5899963379,156.5246276855,21.2399997711
2014-10-13,86.9525299072,118.5199966431,153.9533843994,24.6399993896
2014-10-14,87.5212936401,118.5899963379,154.1916351318,22.7900009155
2014-10-15,88.2124023438,118.9899978638,153.1483154297,25.2700004578
2014-10-16,87.6508941650,119.2200012207,153.0168762207,25.2000007629
2014-10-17,87.1613235474,118.9899978638,154.8242034912,21.9899997711
2014-10-20,87.4780426025,119.8000030518,156.3274688721,18.5699996948
2014-10-21,86.7797241211,120.0199966431,159.4244537354,16.0799999237
2014-10-22,86.8733367920,119.3399963379,158.2908020020,17.8700008392
2014-10-23,86.1029968262,118.5199966431,160.1308898926,16.5300006866
2014-10-24,86.1893920898,118.3499984741,161.3631439209,16.1100006104
2014-10-27,86.3478164673,118.0599975586,161.1413574219,16.0400009155
2014-10-28,85.8078308105,118.0999984741,162.9896697998,14.3900003433
2014-10-29,86.0022583008,116.4100036621,162.7432403564,15.1499996185
2014-10-30,86.0742340088,115.1900024414,163.7865447998,14.5200004578
2014-10-31,85.8510665894,112.6600036621,165.6594390869,14.0299997330
2014-11-03,85.8510742188,112.1500015259,165.7498474121,14.7299995422
2014-11-04,86.1180648804,112.2200012207,165.1747436523,14.8900003433
2014-11-05,85.9953765869,109.7900009155,166.2180633545,14.1700000763
2014-11-06,85.4397125244,109.8799972534,166.8834686279,13.6700000763
2014-11-07,86.4212188721,112.9700012207,167.0395355225,13.1199998856
2014-11-10,85.6273651123,110.4599990845,167.5652923584,12.6700000763
2014-11-11,85.6850662231,112.0400009155,167.7295989990,12.9200000763
2014-11-12,85.6129074097,111.5000000000,167.5489044189,13.0200004578
2014-11-13,85.8149795532,111.6699981689,167.7378234863,13.7899999619
2014-11-14,86.2335205078,114.4700012207,167.7788543701,13.3100004196
2014-11-17,86.0170135498,114.0500030518,167.8856658936,13.9899997711
2014-11-18,86.2551574707,115.0500030518,168.8549652100,13.8599996567
2014-11-19,85.7067337036,113.6800003052,168.5838928223,13.9600000381
2014-11-20,86.1541748047,114.8600006104,168.8796691895,13.5799999237
2014-11-21,86.6737670898,115.3899993896,169.7832794189,12.8999996185
2014-11-24,86.7459106445,115.1100006104,170.2597045898,12.6199998856
2014-11-25,87.4675750732,115.3799972534,170.1364898682,12.2500000000
2014-11-26,87.7057800293,115.1600036621,170.5719146729,12.0699996948
2014-11-28,88.3985671997,112.1100006104,170.2104644775,13.3299999237
2014-12-01,87.8828735352,116.5800018311,169.0275115967,14.1599998474
2014-12-02,87.0293502808,115.1399993896,170.1200408936,12.8500003815
2014-12-03,87.3693008423,116.3300018311,170.7772827148,12.5000000000
2014-12-04,88.0998306274,115.8799972534,170.5883636475,12.3800001144
2014-12-05,87.5862579346,114.4300003052,170.8676757812,11.8900003433
2014-12-08,88.6567916870,115.7799987793,169.7257995605,14.2100000381
2014-12-09,89.1124877930,118.1900024414,169.6108703613,15.3500003815
2014-12-10,89.7634582520,117.9599990845,166.8916778564,18.5300006866
2014-12-11,90.1323623657,117.6900024414,167.7378234863,20.0799999237
2014-12-12,91.3547821045,117.4100036621,165.0269622803,21.0799999237
2014-12-15,91.1667022705,114.3899993896,163.8932647705,20.4200000763
2014-12-16,92.2950820923,114.9499969482,162.5789184570,23.5699996948
2014-12-17,91.4632720947,114.2699966431,165.7662658691,19.4400005341
2014-12-18,89.8357772827,115.1500015259,169.8654327393,16.8099994659
2014-12-19,91.0437698364,114.7699966431,170.5882415771,16.4899997711
2014-12-22,91.1667022705,112.5500030518,171.3729553223,15.2500000000
2014-12-23,89.3584060669,112.7399978638,171.6042175293,14.8000001907
2014-12-24,89.8447952271,112.7699966431,171.6207275391,14.3699998856
2014-12-26,90.1782150269,114.8300018311,172.1741333008,14.5000000000
2014-12-29,90.8523406982,113.6699981689,172.4054718018,15.0600004196
2014-12-30,91.0987701416,115.1999969482,171.4802703857,15.9200000763
2014-12-31,91.2727584839,113.5800018311,169.7787475586,19.2000007629
2015-01-02,92.2875366211,114.0800018311,169.6878356934,17.7900009155
2015-01-05,93.7372131348,115.8000030518,166.6233215332,19.9200000763
2015-01-06,95.4260787964,117.1200027466,165.0539398193,21.1200008392
2015-01-07,95.2376556396,116.4300003052,167.1107025146,19.3099994659
2015-01-08,93.9764328003,115.9400024414,170.0760650635,17.0100002289
2015-01-09,95.0057144165,117.2600021362,168.7130889893,17.5499992371
2015-01-12,95.5493469238,118.5599975586,167.3915252686,19.6000003815
2015-01-13,95.5493469238,118.1600036621,166.9206848145,20.5599994659
2015-01-14,96.2742156982,117.9700012207,165.9129486084,21.4799995422
2015-01-15,97.7891235352,120.9400024414,164.3931274414,22.3899993896
2015-01-16,96.5423660278,122.5199966431,166.5489959717,20.9500007629
2015-01-20,97.8253402710,124.1999969482,166.9041748047,19.8899993896
2015-01-21,96.6945953369,124.2300033569,167.7467193604,18.8500003815
2015-01-22,96.3466873169,125.2300033569,170.2412567139,16.3999996185
2015-01-23,97.6876525879,124.2300033569,169.3079223633,16.6599998474
2015-01-26,97.3904571533,122.9899978638,169.7043457031,15.5200004578
2015-01-27,97.5426864624,124.4000015259,167.4658966064,17.2199993134
2015-01-28,99.1373901367,123.4199981689,165.3182220459,20.4400005341
2015-01-29,98.4849395752,120.7600021362,166.8463287354,18.7600002289
2015-01-30,100.2318801880,123.4499969482,164.7482910156,20.9699993134
2015-02-02,99.8534011841,122.4199981689,166.7885284424,19.4300003052
2015-02-03,97.7398910522,121.0500030518,169.2005004883,17.3299999237
2015-02-04,97.9069213867,121.5800018311,168.5561981201,18.3299999237
2015-02-05,96.8319549561,121.7900009155,170.2577972412,16.8500003815
2015-02-06,95.1178741455,118.6399993896,169.7869567871,17.2900009155
2015-02-09,94.9653396606,119.1699981689,169.0270538330,18.5499992371
2015-02-10,94.2099914551,118.4700012207,170.8277893066,17.2299995422
2015-02-11,94.3842773438,117.0699996948,170.9268798828,16.9599990845
2015-02-12,94.0720062256,117.3399963379,172.5706634521,15.3400001526
2015-02-13,93.1059875488,117.9800033569,173.2810363770,14.6899995804
2015-02-17,91.7042007446,116.0100021362,173.5535888672,15.8000001907
2015-02-18,92.2489242554,116.3399963379,173.5700988770,15.4499998093
2015-02-19,91.6387939453,115.9400024414,173.4461822510,15.2899999619
2015-02-20,91.9075393677,115.2799987793,174.4870147705,14.3000001907
2015-02-23,92.9607391357,115.4300003052,174.4621887207,14.5600004196
2015-02-24,94.1809158325,115.2600021362,174.9577789307,13.6899995804
2015-02-25,94.5876770020,115.6999969482,174.8091430664,13.8400001526
2015-02-26,93.2948150635,116.0699996948,174.6026458740,13.9099998474
2015-02-27,94.0792312622,116.1600036621,174.0079040527,13.3400001526
2015-03-02,92.3268661499,115.6800003052,175.1065063477,13.0399999619
2015-03-03,91.9920959473,115.4700012207,174.3878784180,13.8599996567
2015-03-04,92.0212478638,115.1100006104,173.6527099609,14.2299995422
2015-03-05,91.9047927856,115.0000000000,173.8427276611,14.0399999619
2015-03-06,89.8744583130,111.8600006104,171.3977050781,15.1999998093
2015-03-09,90.7040176392,111.9700012207,172.1080627441,15.0600004196
2015-03-10,91.8974990845,111.4199981689,169.3160552979,16.6900005341
2015-03-11,92.5670471191,110.7500000000,168.9196319580,16.8700008392
2015-03-12,92.5015411377,110.7200012207,171.0672607422,15.4200000763
2015-03-13,92.2177352905,110.8799972534,170.0182952881,16.0000000000
2015-03-16,93.1055831909,110.8099975586,172.2897796631,15.6099996567
2015-03-17,93.8769531250,110.2099990845,171.7776489258,15.6599998474
2015-03-18,95.6890106201,112.3700027466,173.8427276611,13.9700002670
2015-03-19,95.2014083862,112.2900009155,173.0497131348,14.0699996948
2015-03-20,95.7035293579,113.5699996948,174.5772247314,13.0200004578
2015-03-23,95.5870895386,114.2900009155,174.2370147705,13.4099998474
2015-03-24,96.5113449097,114.5699996948,173.2580108643,13.6199998856
2015-03-25,95.6961898804,114.7300033569,170.7190551758,15.4399995804
2015-03-26,94.2044143677,115.4800033569,170.3125305176,15.8000001907
2015-03-27,95.3760375977,115.0599975586,170.7025299072,15.0699996948
2015-03-30,94.9029922485,113.7500000000,172.7850952148,14.5100002289
2015-03-31,95.1068344116,113.6600036621,171.2750091553,15.2899999619
2015-04-01,96.3559875488,115.5999984741,170.6693572998,15.1099996567
2015-04-02,95.3350601196,115.2799987793,171.2832794189,14.6700000763
2015-04-06,94.8026885986,116.6900024414,172.4365997314,14.7399997711
2015-04-07,95.5975723267,116.1100006104,171.9802551270,14.7799997330
2015-04-08,95.6267623901,115.4700012207,172.5610351562,13.9799995422
2015-04-09,94.3870010376,114.6699981689,173.3243408203,13.0900001526
2015-04-10,94.5255889893,115.9700012207,174.2701873779,12.5799999237
2015-04-13,94.6568527222,115.1399993896,173.4819946289,13.9399995804
2015-04-14,95.3277664185,114.4400024414,173.8139190674,13.6700000763
2015-04-15,95.2475585938,115.4300003052,174.5937805176,12.8400001526
2015-04-16,94.7735977173,115.0299987793,174.5440216064,12.6000003815
2015-04-17,95.8600997925,115.5999984741,172.5361480713,13.8900003433
2015-04-20,95.0141754150,114.7200012207,174.1125946045,13.3000001907
2015-04-21,94.5839309692,115.3799972534,173.9051666260,13.2500000000
2015-04-22,93.1400070190,113.8300018311,174.7596588135,12.7100000381
2015-04-23,93.5410919189,114.6600036621,175.1994628906,12.4799995422
2015-04-24,94.1244888306,113.0500030518,175.6060333252,12.2899999619
2015-04-27,94.1244888306,115.3300018311,174.8759460449,13.1199998856
2015-04-28,92.8264007568,116.3300018311,175.4317779541,12.4099998474
2015-04-29,91.6888046265,115.5100021362,174.7099609375,13.3900003433
2015-04-30,91.8492126465,113.4700012207,172.9593505859,14.5500001907
2015-05-01,90.6127853394,113.0800018311,174.8343811035,12.6999998093
2015-05-04,89.7578430176,114.0999984741,175.3322448730,12.8500003815
2015-05-05,89.6335983276,114.4199981689,173.3243408203,14.3100004196
2015-05-06,88.0990371704,114.3600006104,172.6107940674,15.1499996185
2015-05-07,89.2828521729,113.4199981689,173.2994384766,15.1300001144
2015-05-08,89.5240173340,113.9700012207,175.5811462402,12.8599996567
2015-05-11,87.3463439941,113.5299987793,174.7431488037,13.8500003815
2015-05-12,87.5729064941,114.5000000000,174.2203979492,13.8599996567
2015-05-13,86.8713455200,116.5500030518,174.2536010742,13.7600002289
2015-05-14,87.1052017212,117.1800003052,176.0706634521,12.7399997711
2015-05-15,88.8516998291,117.5299987793,176.2615051270,12.3800001144
2015-05-18,87.3609848022,117.5199966431,176.8091430664,12.7299995422
2015-05-19,86.5863952637,115.8899993896,176.7510375977,12.8500003815
2015-05-20,86.7325515747,116.0800018311,176.6265258789,12.8800001144
2015-05-21,87.9455566406,115.6900024414,177.1409149170,12.1099996567
2015-05-22,87.9821243286,115.5999984741,176.7178497314,12.1300001144
2015-05-26,89.4874725342,113.9100036621,174.8178100586,14.0600004196
2015-05-27,89.6920394897,113.8899993896,176.4772033691,13.2700004578
2015-05-28,89.4728469849,114.0199966431,176.2781219482,13.3100004196
2015-05-29,89.6701126099,114.0999984741,175.1828613281,13.8400001526
2015-06-01,88.7063827515,114.0000000000,175.5396728516,13.9700002670
2015-06-02,87.4687728882,114.4599990845,175.3653717041,14.2399997711
2015-06-03,86.0626831055,113.6399993896,175.8300781250,13.6599998474
2015-06-04,87.1831588745,112.8399963379,174.3448944092,14.7100000381
2015-06-05,86.1213073730,112.2399978638,174.0461883545,14.2100000381
2015-06-08,86.0260848999,112.5699996948,172.9758605957,15.2899999619
2015-06-09,85.3450775146,112.8199996948,172.9510192871,14.4700002670
2015-06-10,84.5980682373,113.7799987793,175.0252380371,13.2200002670
2015-06-11,86.3776168823,113.2600021362,175.5894775391,12.8500003815
2015-06-12,86.3776168823,113.2300033569,174.2453002930,13.7799997330
2015-06-15,86.5167541504,113.7300033569,173.4986114502,15.3900003433
2015-06-16,87.1978607178,113.3199996948,174.4444274902,14.8100004196
2015-06-17,86.5240859985,113.8499984741,174.7265167236,14.5000000000
2015-06-18,86.0993652344,115.3199996948,176.5435638428,13.1899995804
2015-06-19,87.2051544189,115.1200027466,175.7599182129,13.9600000381
2015-06-22,85.4255981445,113.6399993896,176.6603088379,12.7399997711
2015-06-23,84.9129562378,112.8899993896,176.7853393555,12.1099996567
2015-06-24,85.6453170776,112.5899963379,175.5014495850,13.2600002289
2015-06-25,85.3450775146,112.4400024414,174.9678039551,14.0100002289
2015-06-26,84.3856735229,112.5599975586,174.9344787598,14.0200004578
2015-06-29,86.6193008423,113.0699996948,171.2660675049,18.8500003815
2015-06-30,86.0187683105,112.3700027466,171.6245727539,18.2299995422
2015-07-01,84.8576965332,111.9800033569,173.0001983643,16.0900001526
2015-07-02,85.1365966797,111.7600021362,172.8417358398,16.7900009155
2015-07-06,86.7145538330,112.0599975586,172.3499145508,17.0100002289
2015-07-07,87.5292434692,110.7600021362,173.4337921143,16.0900001526
2015-07-08,88.2851638794,111.0899963379,170.5240325928,19.6599998474
2015-07-09,86.5457534790,111.3600006104,170.8324890137,19.9699993134
2015-07-10,85.1733093262,111.4899978638,172.9835357666,16.8299999237
2015-07-13,84.9090576172,110.9899978638,174.8928222656,13.8999996185
2015-07-14,85.1879425049,110.7399978638,175.6514892578,13.3699998856
2015-07-15,86.0907135010,110.1600036621,175.5931549072,13.2299995422
2015-07-16,86.6852188110,109.7600021362,177.0021514893,12.1099996567
2015-07-17,87.1329040527,108.6500015259,177.1522064209,11.9499998093
2015-07-20,86.7659530640,105.6999969482,177.2439422607,12.2500000000
2015-07-21,87.2356262207,105.3700027466,176.5435791016,12.2200002670
2015-07-22,87.7787551880,104.8000030518,176.2267303467,12.1199998856
2015-07-23,88.8722915649,104.3300018311,175.2346649170,12.6400003433
2015-07-24,89.0925140381,105.3499984741,173.4170837402,13.7399997711
2015-07-27,89.5695953369,104.8600006104,172.4082031250,15.6000003815
2015-07-28,88.9163284302,105.0199966431,174.5260009766,13.4399995804
2015-07-29,88.5861206055,105.1699981689,175.7265167236,12.5000000000
2015-07-30,89.2686309814,104.2699966431,175.7682800293,12.1300001144
2015-07-31,89.9291915894,104.9300003052,175.5014495850,12.1199998856
2015-08-03,90.8758316040,104.0999984741,174.9094696045,12.5600004196
2015-08-04,90.1549987793,104.3099975586,174.5676422119,13.0000000000
2015-08-05,89.4783096313,103.9300003052,175.1428833008,12.5100002289
2015-08-06,90.2726821899,104.3899993896,173.7088928223,13.7700004578
2015-08-07,91.4568786621,104.6500015259,173.3753814697,13.3900003433
2015-08-10,90.3241958618,105.7200012207,175.5597991943,12.2299995422
2015-08-11,91.7584915161,106.2600021362,173.9757080078,13.7100000381
2015-08-12,91.2583236694,107.7500000000,174.1841125488,13.6099996567
2015-08-13,90.9640884399,106.8600006104,173.9673461914,13.4899997711
2015-08-14,91.1773757935,106.8499984741,174.6009826660,12.8299999237
2015-08-17,91.5892715454,107.1299972534,175.5763854980,13.0200004578
2015-08-18,90.8684692383,107.1100006104,175.0678710938,13.7899999619
2015-08-19,91.7658004761,108.5500030518,173.6838989258,15.2500000000
2015-08-20,92.6926345825,110.4400024414,170.0571594238,19.1399993896
2015-08-21,92.9720993042,111.1299972534,164.9379730225,28.0300006866
2015-08-24,92.9426803589,110.5299987793,157.9929504395,40.7400016785
2015-08-25,91.4495239258,109.1600036621,156.1337432861,36.0200004578
2015-08-26,89.6842803955,107.6699981689,162.1283569336,30.3199996948
2015-08-27,89.7357864380,107.7300033569,166.1385192871,26.1000003815
2015-08-28,90.0005416870,108.6999969482,166.1468963623,26.0499992371
2015-08-31,89.3090896606,108.8199996948,164.8045806885,28.4300003052
2015-09-01,89.9526748657,109.1999969482,159.8856048584,31.3999996185
2015-09-02,89.1786575317,108.6200027466,162.9203338623,26.0900001526
2015-09-03,89.6135711670,107.8399963379,163.0370941162,25.6100006104
2015-09-04,90.4317779541,107.4899978638,160.5691833496,27.7999992371
2015-09-08,89.0975494385,107.5199966431,164.6044921875,24.8999996185
2015-09-09,89.5251312256,106.1299972534,162.4034118652,26.2299995422
2015-09-10,88.9206619263,106.3799972534,163.2872161865,24.3700008392
2015-09-11,89.4808807373,106.1600036621,164.0292205811,23.2000007629
2015-09-14,89.6209411621,106.2200012207,163.4206085205,24.2500000000
2015-09-15,87.9034194946,105.9000015259,165.4632263184,22.5400009155
2015-09-16,87.5716857910,107.3099975586,166.8972015381,21.3500003815
2015-09-17,88.6405639648,108.4100036621,166.5221099854,21.1399993896
2015-09-18,90.0042572021,109.2099990845,163.8008880615,22.2800006866
2015-09-21,88.5373535156,108.5299987793,164.6473236084,20.1399993896
2015-09-22,89.7683792114,107.7900009155,162.5102386475,22.4400005341
2015-09-23,89.7609939575,108.2200012207,162.2504119873,22.1299991608
2015-09-24,90.3728561401,110.4899978638,161.6638183594,23.4699993134
2015-09-25,89.5914382935,109.8099975586,161.6218719482,23.6200008392
2015-09-28,91.1247177124,108.4199981689,157.5655517578,27.6299991608
2015-09-29,91.3826904297,107.9800033569,157.6578369141,26.8299999237
2015-09-30,91.0657348633,106.8600006104,160.5994567871,24.5000000000
2015-10-01,91.4542465210,106.7300033569,161.0184478760,22.5499992371
2015-10-02,92.0082702637,108.9899978638,163.4237670898,20.9400005341
2015-10-05,90.7599029541,108.7699966431,166.3318328857,19.5400009155
2015-10-06,91.1513977051,109.8600006104,165.7619781494,19.3999996185
2015-10-07,90.8485565186,109.6999969482,167.1196594238,18.3999996185
2015-10-08,90.0877761841,109.1399993896,168.6281585693,17.4200000763
2015-10-09,90.3241043091,110.8700027466,168.7287139893,17.0799999237
2015-10-12,91.0110778809,111.3099975586,168.8879547119,16.1700000763
2015-10-13,91.1661834717,111.8600006104,167.8235931396,17.6700000763
2015-10-14,91.9639739990,113.8099975586,167.0190582275,18.0300006866
2015-10-15,91.5133514404,113.2900009155,169.5835418701,16.0499992371
2015-10-16,91.5429077148,112.4899978638,170.3545684814,15.0500001907
2015-10-19,91.2917251587,112.0199966431,170.4383850098,14.9799995422
2015-10-20,90.7304000854,112.7300033569,170.2205047607,15.7500000000
2015-10-21,91.6315612793,111.7300033569,169.1645202637,16.7000007629
2015-10-22,91.7866516113,111.6900024414,172.0223846436,14.4499998093
2015-10-23,91.0037002563,111.5000000000,173.9080352783,14.4600000381
2015-10-26,91.6093750000,111.4300003052,173.4805603027,15.2899999619
2015-10-27,91.8383407593,111.6800003052,173.1453399658,15.4300003052
2015-10-28,91.4690322876,110.7799987793,175.1148223877,14.3299999237
2015-10-29,90.0138549805,109.7200012207,175.0142669678,14.6099996567
2015-10-30,90.6934051514,109.3000030518,174.2599487305,15.0699996948
2015-11-02,90.2766494751,108.5899963379,176.3215942383,14.1499996185
2015-11-03,89.5363845825,106.9800033569,176.8328247070,14.5399999619
2015-11-04,89.6400299072,105.9700012207,176.2964324951,15.5100002289
2015-11-05,89.4031295776,105.6399993896,176.1204681396,15.0500001907
2015-11-06,88.0928268433,104.0999984741,176.0283050537,14.3299999237
2015-11-09,87.5968627930,104.4000015259,174.3857116699,16.5200004578
2015-11-10,87.8559722900,104.1800003052,174.7879486084,15.2899999619
2015-11-11,87.6709136963,103.8300018311,174.1007385254,16.0599994659
2015-11-12,88.0928268433,103.8499984741,171.6703033447,18.3700008392
2015-11-13,88.5962524414,103.5599975586,169.7427825928,20.0799999237
2015-11-16,88.5147857666,103.7099990845,172.3239898682,18.1599998474
2015-11-17,88.6628341675,102.3399963379,172.1983184814,18.8400001526
2015-11-18,88.8479080200,102.4300003052,174.9303894043,16.8500003815
2015-11-19,89.4401245117,103.5599975586,174.7795715332,16.9899997711
2015-11-20,89.1662597656,103.0899963379,175.4165496826,15.4700002670
2015-11-23,89.4401245117,102.2600021362,175.2153625488,15.6199998856
2015-11-24,89.4327392578,102.9400024414,175.4500885010,15.9300003052
2015-11-25,89.6400299072,102.4599990845,175.4248657227,15.1899995804
2015-11-27,89.5511550903,101.2500000000,175.6260375977,15.1199998856
2015-11-30,89.9065322876,101.9199981689,174.8969268799,16.1299991608
2015-12-01,91.1209335327,102.2799987793,176.5646667480,14.6700000763
2015-12-02,91.1506042480,100.6900024414,174.7628479004,15.9099998474
2015-12-03,88.6727905273,101.7600021362,172.3156280518,18.1100006104
2015-12-04,89.4517211914,104.0199966431,175.6762847900,14.8100004196
2015-12-07,90.3197555542,102.6699981689,174.6119842529,15.8400001526
2015-12-08,90.3642578125,102.8399963379,173.4386901855,17.6000003815
2015-12-09,90.2677917480,102.6399993896,172.0893554688,19.6100006104
2015-12-10,90.3865280151,102.5500030518,172.5335235596,19.3400001526
2015-12-11,91.8108444214,103.1100006104,169.1896362305,24.3899993896
2015-12-14,90.6238708496,101.7900009155,170.0444641113,22.7299995422
2015-12-15,90.0897827148,101.5199966431,171.8296051025,20.9500007629
2015-12-16,89.8968505859,102.7500000000,174.3438262939,17.8600006104
2015-12-17,90.9131469727,100.5000000000,171.6871185303,18.9400005341
2015-12-18,91.4176864624,102.0400009155,168.6284637451,20.7000007629
2015-12-21,91.3954315186,103.1500015259,170.0195312500,18.7000007629
2015-12-22,90.7351150513,102.6100006104,171.5623626709,16.6000003815
2015-12-23,90.0526885986,102.3099975586,173.6868438721,15.5699996948
2015-12-24,90.5685501099,103.0500030518,173.4002227783,15.7399997711
2015-12-28,90.8362045288,102.2699966431,173.0039825439,16.9099998474
2015-12-29,89.3271331787,102.1999969482,174.8502807617,16.0799999237
2015-12-30,89.2378921509,101.4199981689,173.6109771729,17.2900009155
2015-12-31,89.6393203735,101.4599990845,171.8742675781,18.2099990845
2016-01-04,90.2860946655,102.8899993896,169.4715728760,20.7000007629
2016-01-05,89.9218368530,103.1800003052,169.7581634521,19.3400001526
2016-01-06,91.1335449219,104.6699981689,167.6168365479,20.5900001526
2016-01-07,91.2971343994,106.1500015259,163.5954284668,24.9899997711
2016-01-08,91.7059478760,105.6800003052,161.7996978760,27.0100002289
2016-01-11,90.7024230957,104.7399978638,161.9599151611,24.2999992371
2016-01-12,92.0107650757,104.2099990845,163.2666320801,22.4699993134
2016-01-13,92.9177169800,104.7200012207,159.1946716309,25.2199993134
2016-01-14,92.0479736328,103.0199966431,161.8081359863,23.9500007629
2016-01-15,93.4826660156,104.0800018311,158.3347473145,27.0200004578
2016-01-19,93.1927413940,103.9800033569,158.5455474854,26.0499992371
2016-01-20,94.1740951538,105.3700027466,156.5137634277,27.5900001526
2016-01-21,93.5347366333,105.4899978638,157.3905487061,26.6900005341
2016-01-22,93.1778945923,105.0000000000,160.6194763184,22.3400001526
2016-01-25,93.6834106445,106.0800018311,158.1914062500,24.1499996185
2016-01-26,93.7280502319,107.2900009155,160.3496704102,22.5000000000
2016-01-27,93.7057342529,107.6900024414,158.6045074463,23.1100006104
2016-01-28,93.8395462036,106.5400009155,159.4307098389,22.4200000763
2016-01-29,94.6350021362,106.9499969482,163.3172302246,20.2000007629
2016-02-01,94.3452758789,108.0500030518,163.2582397461,19.9799995422
2016-02-02,96.0955352783,108.0899963379,160.3159027100,21.9799995422
2016-02-03,95.2986450195,109.2500000000,161.2769927979,21.6499996185
2016-02-04,95.7604141235,110.5699996948,161.5299377441,21.8400001526
2016-02-05,95.8721694946,112.3199996948,158.4527740479,23.3799991608
2016-02-08,97.9352798462,113.8300018311,156.3198242188,26.0000000000
2016-02-09,98.0395584106,113.5800018311,156.3282775879,26.5400009155
2016-02-10,98.9035110474,114.4599990845,156.1933441162,26.2900009155
2016-02-11,99.5961532593,119.0599975586,154.1616363525,28.1399993896
2016-02-12,97.9426803589,118.3600006104,157.3399200439,25.3999996185
2016-02-16,96.9074172974,114.7699966431,159.9955902100,24.1100006104
2016-02-17,96.3115844727,115.4800033569,162.6090545654,22.3099994659
2016-02-18,97.4957962036,118.2900009155,161.9430084229,21.6399993896
2016-02-19,97.5776748657,117.5800018311,161.8671722412,20.5300006866
2016-02-22,97.5255889893,115.4899978638,164.2108764648,19.3799991608
2016-02-23,97.9203414917,117.2200012207,162.1369628906,20.9799995422
2016-02-24,97.7267532349,117.6100006104,162.8787689209,20.7199993134
2016-02-25,98.0768280029,117.9199981689,164.8515777588,19.1100006104
2016-02-26,97.1308135986,117.1100006104,164.4721832275,19.8099994659
2016-02-29,97.5553512573,118.6399993896,163.1823577881,20.5499992371
2016-03-01,95.8375625610,117.7699966431,167.0182495117,17.7000007629
2016-03-02,96.2331085205,118.6800003052,167.7686004639,17.0900001526
2016-03-03,96.5837478638,120.7300033569,168.4261627197,16.7000007629
2016-03-04,95.9644241333,120.5400009155,168.9741668701,16.8600006104
2016-03-07,95.9345855713,121.1399993896,169.1089935303,17.3500003815
2016-03-08,96.9942169189,120.5800018311,167.2627716064,18.6700000763
2016-03-09,96.4047241211,119.5800018311,168.0889892578,18.3400001526
2016-03-10,96.0092010498,121.5000000000,168.2238464355,18.0499992371
2016-03-11,95.0391311646,119.4100036621,170.9384613037,16.5000000000
2016-03-14,95.3376083374,117.8700027466,170.7193145752,16.9200000763
2016-03-15,95.4271774292,117.9599990845,170.4410858154,16.8400001526
2016-03-16,95.7107467651,120.5899963379,171.4274902344,14.9899997711
2016-03-17,96.1062011719,120.1299972534,172.5150299072,14.4399995804
2016-03-18,96.3077087402,119.8000030518,173.1929168701,14.0200004578
2016-03-21,95.5689392090,118.9599990845,173.4386138916,13.7899999619
2016-03-22,95.5465698242,119.3099975586,173.3454589844,14.1700000763
2016-03-23,96.6285476685,116.6100006104,172.2014465332,14.9399995804
2016-03-24,96.6658630371,116.3300018311,172.1251373291,14.7399997711
2016-03-28,96.7927627563,116.5999984741,172.2268676758,15.2399997711
2016-03-29,97.8076324463,118.7600021362,173.8199920654,13.8199996948
2016-03-30,96.7778320312,117.0999984741,174.5826568604,13.5600004196
2016-03-31,97.4643478394,117.6399993896,174.1590118408,13.9499998093
2016-04-01,97.7185668945,116.9300003052,175.3453521729,13.1000003815
2016-04-04,97.7784194946,116.1500015259,174.7775573730,14.1199998856
2016-04-05,98.8477020264,117.6600036621,173.0318908691,15.4200000763
2016-04-06,98.1298828125,116.9400024414,174.9216308594,14.0900001526
2016-04-07,99.3413009644,118.6100006104,172.8285675049,16.1599998474
2016-04-08,98.7131042480,118.4300003052,173.2945709229,15.3599996567
2016-04-11,98.5859832764,120.0299987793,172.8878936768,16.2600002289
2016-04-12,97.9055328369,120.0500030518,174.4978942871,14.8500003815
2016-04-13,98.2495117188,118.7699966431,176.2605438232,13.8400001526
2016-04-14,97.7784194946,117.1100006104,176.2689819336,13.7200002670
2016-04-15,98.6159515381,117.9199981689,176.0740814209,13.6199998856
2016-04-18,98.1896972656,117.7399978638,177.3113098145,13.3500003815
2016-04-19,97.8830871582,119.5800018311,177.8706054688,13.2399997711
2016-04-20,96.8062896729,118.9700012207,178.0400848389,13.2799997330
2016-04-21,96.2305755615,119.4199981689,177.0825500488,13.9499998093
2016-04-22,95.9837875366,117.8899993896,177.0825500488,13.2200002670
2016-04-25,95.5874176025,118.2300033569,176.7774200439,14.0799999237
2016-04-26,95.1537704468,118.6999969482,177.0401306152,13.9600000381
2016-04-27,96.1034317017,119.0400009155,177.4045715332,13.7700004578
2016-04-28,96.4997329712,121.2900009155,175.7944488525,15.2200002670
2016-04-29,96.7464828491,123.6500015259,174.8453521729,15.6999998093
2016-05-02,95.7724075317,123.2399978638,176.2350921631,14.6800003052
2016-05-03,96.9787292480,122.9599990845,174.7013092041,15.6000003815
2016-05-04,97.5107727051,122.2099990845,173.7267913818,16.0499992371
2016-05-05,98.1625823975,122.0699996948,173.6928710938,15.9099998474
2016-05-06,97.7430267334,123.1800003052,174.3284606934,14.7200002670
2016-05-09,98.0502319336,120.6500015259,174.4724884033,14.5699996948
2016-05-10,98.0577316284,120.9800033569,176.6418914795,13.6300001144
2016-05-11,98.6121978760,122.1200027466,174.9894409180,14.6899995804
2016-05-12,98.1625823975,121.1600036621,175.0402679443,14.4099998474
2016-05-13,99.1141815186,121.7099990845,173.5149230957,15.0399999619
2016-05-16,98.2600402832,121.8000030518,175.2267456055,14.6800003052
2016-05-17,98.4248962402,122.2200012207,173.5912170410,15.5699996948
2016-05-18,97.0237274170,120.0999984741,173.6420440674,15.9499998093
2016-05-19,97.4432983398,119.8700027466,173.0403594971,16.3299999237
2016-05-20,97.5182189941,119.7099990845,174.1335296631,15.1999998093
2016-05-23,97.7355194092,119.3700027466,173.8962707520,15.8199996948
2016-05-24,97.3009643555,117.3000030518,176.1504211426,14.4200000763
2016-05-25,96.9337615967,116.9800033569,177.3451995850,13.8999996185
2016-05-26,97.4358139038,116.5800018311,177.3960571289,13.4300003052
2016-05-27,97.2934494019,115.6200027466,178.1587219238,13.1199998856
2016-05-31,97.5257339478,116.0599975586,177.8197326660,14.1899995804
2016-06-01,97.9214019775,115.9400024414,178.1841278076,14.1999998093
2016-06-02,98.6272354126,115.6699981689,178.7265167236,13.6300001144
2016-06-03,100.0311965942,118.8799972534,178.1926574707,13.4700002670
2016-06-06,99.2879257202,118.9199981689,179.0993194580,13.6499996185
2016-06-07,99.5281372070,118.8199996948,179.3789978027,14.0500001907
2016-06-08,100.0612258911,120.5800018311,179.9636535645,14.0799999237
2016-06-09,100.7069244385,121.2500000000,179.7179260254,14.6400003433
2016-06-10,101.1949920654,121.7399978638,178.0146331787,17.0300006866
2016-06-13,101.6454162598,122.6399993896,176.6418914795,20.9699993134
2016-06-14,101.5704193115,122.7699966431,176.2944030762,20.5000000000
2016-06-15,101.9608306885,123.6800003052,176.0486907959,20.1399993896
2016-06-16,102.4563217163,122.3799972534,176.5740356445,19.3700008392
2016-06-17,101.8181610107,123.9499969482,175.9165344238,19.4099998474
2016-06-20,100.7294769287,123.2099990845,177.0493927002,18.3700008392
2016-06-21,100.2639770508,120.8399963379,177.5519561768,18.4799995422
2016-06-22,100.4291152954,120.9000015259,177.2622528076,21.1700000763
2016-06-23,99.2803955078,120.1100006104,179.5707244873,17.2500000000
2016-06-24,101.9458084106,126.0000000000,173.1225280762,25.7600002289
2016-06-27,104.4910507202,126.6800003052,170.0219421387,23.8500003815
2016-06-28,104.7088699341,125.3199996948,173.0884704590,18.7500000000
2016-06-29,103.9054412842,125.8399963379,176.0357208252,16.6399993896
2016-06-30,104.2883224487,126.4700012207,178.4378051758,15.6300001144
2016-07-01,105.7363204956,128.4100036621,178.8126678467,14.7700004578
2016-07-05,107.0601577759,129.4700012207,177.5263671875,15.5799999237
2016-07-06,107.2331924438,130.2299957275,178.5911865234,14.9600000381
2016-07-07,107.2256851196,129.7400054932,178.4804382324,14.7600002289
2016-07-08,108.0154876709,130.5200042725,181.1380615234,13.1999998093
2016-07-11,107.0677108765,129.2899932861,181.7769165039,13.5399999619
2016-07-12,105.3075942993,127.1500015259,183.0972900391,13.5500001907
2016-07-13,106.5486755371,128.3200073242,183.0717010498,13.0399999619
2016-07-14,104.9991455078,127.3300018311,184.0938415527,12.8199996948
2016-07-15,104.0965194702,126.8399963379,183.8468475342,12.6700000763
2016-07-18,103.9988098145,127.0400009155,184.3408660889,12.4399995804
2016-07-19,104.5854721069,127.2099990845,184.1535186768,11.9700002670
2016-07-20,104.0137939453,125.3899993896,184.9201049805,11.7700004578
2016-07-21,104.2243804932,127.3000030518,184.2216339111,12.7399997711
2016-07-22,104.4049301147,126.3499984741,185.0478820801,12.0200004578
2016-07-25,104.3297042847,125.4700012207,184.5453643799,12.8699998856
2016-07-26,104.4952316284,126.0000000000,184.6304626465,13.0500001907
2016-07-27,105.7965164185,128.0299987793,184.4345550537,12.8299999237
2016-07-28,105.6008987427,127.6600036621,184.6475219727,12.7200002670
2016-07-29,106.4809799194,128.9799957275,184.9457397461,11.8699998856
2016-08-01,105.3265609741,129.2200012207,184.7923736572,12.4399995804
2016-08-02,104.2413635254,130.2700042725,183.6083679199,13.3699998856
2016-08-03,104.3016967773,129.6499938965,184.1450347900,12.8599996567
2016-08-04,105.0853576660,129.8699951172,184.3408660889,12.4200000763
2016-08-05,103.9927291870,127.5500030518,185.8486328125,11.3900003433
2016-08-08,104.1886749268,127.4400024414,185.7378692627,11.5000000000
2016-08-09,105.2134857178,127.9599990845,185.8486328125,11.6599998474
2016-08-10,105.6203918457,128.5599975586,185.3886108398,12.0500001907
2016-08-11,104.6784362793,127.6699981689,186.2489318848,11.6800003052
2016-08-12,105.5601196289,127.4000015259,186.0870971680,11.5500001907
2016-08-15,104.5653991699,127.8399963379,186.6237792969,11.8100004196
2016-08-16,104.2865753174,128.4700012207,185.6612243652,12.6400003433
2016-08-17,104.9120712280,128.5000000000,186.0104370117,12.1899995804
2016-08-18,105.0777969360,129.1100006104,186.4278564453,11.4300003052
2016-08-19,104.5277786255,127.9700012207,186.1552581787,11.3400001526
2016-08-22,105.4094238281,127.7799987793,186.1467285156,12.2700004578
2016-08-23,105.5224609375,127.7600021362,186.5215301514,12.3800001144
2016-08-24,105.2737731934,126.3399963379,185.5675048828,13.4499998093
2016-08-25,104.8743743896,126.2300033569,185.4397583008,13.6300001144
2016-08-26,104.2639770508,126.0500030518,185.0904998779,13.6499996185
2016-08-29,105.6581268311,126.3000030518,186.0019378662,12.9399995804
2016-08-30,105.2511749268,125.0299987793,185.6952362061,13.1199998856
2016-08-31,105.4018859863,124.7799987793,185.1671447754,13.4200000763
2016-09-01,105.5182037354,125.2900009155,185.1756896973,13.4799995422
2016-09-02,104.6575088501,126.5699996948,186.0104370117,11.9799995422
2016-09-06,105.4199829102,128.7100067139,186.5726165771,12.0200004578
2016-09-07,105.3445129395,128.2700042725,186.5556182861,11.9399995804
2016-09-08,104.0233154297,127.5899963379,186.1296997070,12.5100002289
2016-09-09,102.3096618652,126.7500000000,181.6747131348,17.5000000000
2016-09-12,102.3624801636,126.5899963379,184.2812652588,15.1599998474
2016-09-13,101.1998672485,125.7500000000,181.6321105957,17.8500003815
2016-09-14,101.3509063721,126.1800003052,181.5639801025,18.1399993896
2016-09-15,100.9129562378,125.3700027466,183.3783416748,16.2999992371
2016-09-16,101.7283096313,125.0599975586,182.6694641113,15.3699998856
2016-09-19,101.3961944580,125.3199996948,182.7037048340,15.5299997330
2016-09-20,101.7509689331,125.4400024414,182.7122802734,15.9200000763
2016-09-21,102.5738296509,127.2699966431,184.7669677734,13.3000001907
2016-09-22,103.3892288208,127.5699996948,185.9312744141,12.0200004578
2016-09-23,103.2911071777,127.6500015259,184.9125366211,12.2899999619
2016-09-26,103.9478378296,127.5500030518,183.4143066406,14.5000000000
2016-09-27,104.7103576660,126.6200027466,184.5529327393,13.1000003815
2016-09-28,104.4838485718,126.2200012207,185.4689788818,12.3900003433
2016-09-29,104.7480468750,126.0699996948,183.7910156250,14.0200004578
2016-09-30,103.8119354248,125.6399993896,185.1778869629,13.2899999619
2016-10-03,103.4693222046,125.3199996948,184.7327117920,13.5699996948
2016-10-04,102.2592391968,120.9700012207,183.7910156250,13.6300001144
2016-10-05,101.7828292847,120.7799987793,184.6043243408,12.9899997711
2016-10-06,101.2156372070,119.6600036621,184.7327117920,12.8400001526
2016-10-07,101.2836532593,119.7399978638,184.0991363525,13.4799995422
2016-10-10,100.6861953735,120.1600036621,185.0580596924,13.3800001144
2016-10-11,100.4592971802,119.5500030518,182.7208404541,15.3599996567
2016-10-12,100.5575790405,119.7399978638,182.9605407715,15.9099998474
2016-10-13,100.9357833862,120.0299987793,182.3612518311,16.6900005341
2016-10-14,99.5214996338,119.3600006104,182.4554443359,16.1200008392
2016-10-17,100.1567230225,119.6800003052,181.8219451904,16.2099990845
2016-10-18,100.4819793701,120.4199981689,182.9605407715,15.2799997330
2016-10-19,100.5651702881,121.1100006104,183.4485321045,14.4099998474
2016-10-20,100.6710205078,120.7399978638,183.1060791016,13.7500000000
2016-10-21,100.8223114014,120.8300018311,183.1916656494,13.3400001526
2016-10-24,100.3836746216,120.5599975586,183.9707641602,13.0200004578
2016-10-25,100.6483612061,121.4700012207,183.3543701172,13.4600000381
2016-10-26,99.9676895142,120.7900009155,182.9862060547,14.2399997711
2016-10-27,98.8786239624,121.0100021362,182.4982757568,15.3599996567
2016-10-28,98.6593017578,121.5800018311,181.9588775635,16.1900005341
2016-10-31,99.2643356323,121.9400024414,181.9674682617,17.0599994659
2016-11-01,99.2719116211,122.7300033569,180.6490478516,18.5599994659
2016-11-02,99.7037963867,123.6399993896,179.5617828369,19.3199996948
2016-11-03,98.9385452271,124.3000030518,178.7399139404,22.0799999237
2016-11-04,99.8250808716,124.3899993896,178.5429992676,22.5100002289
2016-11-07,98.9763870239,122.1500015259,182.4810943604,18.7099990845
2016-11-08,98.5748214722,121.6399993896,183.3029785156,18.7399997711
2016-11-09,94.3920516968,121.5599975586,185.2464447021,14.3800001144
2016-11-10,92.9978103638,119.7500000000,185.7087402344,14.7399997711
2016-11-11,92.4749526978,117.0999984741,185.2806243896,14.1700000763
2016-11-14,91.9217987061,116.1100006104,185.4261627197,14.4799995422
2016-11-15,92.3764648438,117.1200027466,186.8730010986,13.3699998856
2016-11-16,93.2099914551,116.7699966431,186.5219726562,13.7200002670
2016-11-17,91.8384780884,116.1699981689,187.4808197021,13.3500003815
2016-11-18,91.5732345581,115.1500015259,187.0613555908,12.8500003815
2016-11-21,91.8005828857,115.5800018311,188.4739227295,12.4200000763
2016-11-22,91.7702865601,115.5400009155,188.8421020508,12.4099998474
2016-11-23,91.4141082764,113.2500000000,188.9448547363,12.4300003052
2016-11-25,91.5504989624,112.6100006104,189.6468353271,12.3400001526
2016-11-28,92.2249374390,113.8000030518,188.7564392090,13.1499996185
2016-11-29,92.6113662720,113.2699966431,189.1246032715,12.8999996185
2016-11-30,91.1110305786,111.7500000000,188.6708831787,13.3299999237
2016-12-01,90.1490097046,111.5400009155,187.9774017334,14.0699996948
2016-12-02,90.8096008301,112.1399993896,188.0716094971,14.1199998856
2016-12-05,90.7108612061,111.5400009155,189.2016448975,12.1400003433
2016-12-06,90.6425476074,111.4300003052,189.8009490967,11.7899999619
2016-12-07,91.4170227051,111.8300018311,192.2837066650,12.2200002670
2016-12-08,90.3388366699,111.5699996948,192.7545623779,12.6400003433
2016-12-09,89.2151565552,110.4000015259,193.9188079834,11.7500000000
2016-12-12,89.3821945190,110.8199996948,193.6962738037,12.6400003433
2016-12-13,89.7010269165,110.4499969482,194.9889984131,12.7200002670
2016-12-14,88.6987991333,108.8300018311,193.3795166016,13.1899995804
2016-12-15,89.1467895508,107.3399963379,194.1756896973,12.7899999619
2016-12-16,88.9417648315,108.0500030518,193.7959136963,12.1999998093
2016-12-19,89.8984603882,108.5899963379,194.2178649902,11.7100000381
2016-12-20,89.4504547119,107.7900009155,194.9671325684,11.4499998093
2016-12-21,89.8453140259,107.8499984741,194.4245910645,11.2700004578
2016-12-22,89.6846389771,107.5899963379,194.0887451172,11.4300003052
2016-12-23,89.8674240112,107.9300003052,194.3729400635,11.4399995804
2016-12-27,89.5781250000,108.5599975586,194.8551483154,11.9899997711
2016-12-28,90.2327804565,108.8600006104,193.2447509766,12.9499998093
2016-12-29,90.5525131226,110.2900009155,193.2017364502,13.3699998856
2016-12-30,90.6895370483,109.6100006104,192.4955596924,14.0399999619
2017-01-03,91.0778198242,110.4700012207,193.9681549072,12.8500003815
2017-01-04,91.4279785156,110.8600006104,195.1220550537,11.8500003815
2017-01-05,92.8591537476,112.5800018311,194.9671325684,11.6700000763
2017-01-06,92.0065383911,111.7500000000,195.6646423340,11.3199996948
2017-01-09,92.7449417114,112.6699981689,195.0187377930,11.5600004196
2017-01-10,92.6841125488,113.1500015259,195.0187377930,11.4899997711
2017-01-11,92.9961853027,113.5000000000,195.5699157715,11.2600002289
2017-01-12,92.7906875610,113.9100036621,195.0790863037,11.5399999619
2017-01-13,92.3490982056,114.2099990845,195.5268096924,11.2299995422
2017-01-17,93.3159103394,115.8499984741,194.8379516602,11.8699998856
2017-01-18,92.1207504272,114.8700027466,195.2685089111,12.4799995422
2017-01-19,91.4888610840,114.7699966431,194.5451202393,12.7799997330
2017-01-20,91.3061828613,115.0500030518,195.2599029541,11.5399999619
2017-01-23,92.2196807861,115.7900009155,194.7517700195,11.7700004578
2017-01-24,91.5878219604,115.2699966431,196.0004730225,11.0699996948
2017-01-25,90.4383544922,114.3199996948,197.6970062256,10.8100004196
2017-01-26,90.7428283691,113.2600021362,197.4903259277,10.6300001144
2017-01-27,91.0702056885,113.4899978638,197.1802520752,10.5799999237
2017-01-30,90.7961425781,113.9700012207,195.9574127197,11.8800001144
2017-01-31,91.4279785156,115.5500030518,195.9402160645,11.9899997711
2017-02-01,90.8626632690,115.1999969482,196.0176849365,11.8100004196
2017-02-02,90.8245315552,115.8399963379,196.1468658447,11.9300003052
2017-02-03,90.7863540649,116.1299972534,197.4988861084,10.9700002670
2017-02-06,91.3356552124,117.6999969482,197.1458282471,11.3699998856
2017-02-07,92.0070571899,117.4599990845,197.1544494629,11.2899999619
2017-02-08,93.2582092285,118.1900024414,197.4127655029,11.4499998093
2017-02-09,92.1825027466,117.2900009155,198.5840148926,10.8800001144
2017-02-10,92.1290817261,117.5999984741,199.3676452637,10.8500003815
2017-02-13,91.8391647339,116.8000030518,200.4527130127,11.0699996948
2017-02-14,91.1754531860,116.9300003052,201.2535400391,10.7399997711
2017-02-15,90.7558670044,117.4499969482,202.3041839600,11.9700002670
2017-02-16,91.2517547607,118.0800018311,202.1320037842,11.7600002289
2017-02-17,91.7934341431,117.6800003052,202.4505767822,11.4899997711
2017-02-21,91.6332168579,117.7500000000,203.6562194824,11.5699996948
2017-02-22,91.7857589722,117.9100036621,203.4753417969,11.7399997711
2017-02-23,92.0604171753,118.9400024414,203.6131439209,11.7100000381
2017-02-24,93.0827331543,119.6999969482,203.8715362549,11.4700002670
2017-02-27,92.5334472656,119.1200027466,204.1901550293,12.0900001526
2017-02-28,92.8767471313,119.2300033569,203.6389923096,12.9200000763
2017-03-01,91.3204879761,119.0599975586,206.4894256592,12.5399999619
2017-03-02,90.9917984009,117.5800018311,205.1891021729,11.8100004196
2017-03-03,91.2287750244,117.5100021362,205.3182525635,10.9600000381
2017-03-06,90.7930603027,116.7200012207,204.7068328857,11.2399997711
2017-03-07,90.5178375244,115.7799987793,204.0953979492,11.4499998093
2017-03-08,90.0286865234,115.0599975586,203.7164916992,11.8599996567
2017-03-09,89.3101501465,114.4700012207,203.9748077393,12.3000001907
2017-03-10,89.6235961914,114.7200012207,204.6896057129,11.6599998474
2017-03-13,89.0579071045,114.7399978638,204.7929534912,11.3500003815
2017-03-14,89.4859619141,114.1200027466,204.0093536377,12.3000001907
2017-03-15,90.5790786743,116.2500000000,205.7746887207,11.6300001144
2017-03-16,90.1203765869,116.7300033569,205.3699035645,11.2100000381
2017-03-17,90.6860580444,116.9899978638,205.0092773438,11.2799997330
2017-03-20,91.0758666992,117.5100021362,204.7844085693,11.3400001526
2017-03-21,91.8326110840,118.5400009155,202.1550903320,12.4700002670
2017-03-22,92.1995391846,118.8300018311,202.6307830811,12.8100004196
2017-03-23,92.0695953369,118.6699981689,202.4145202637,13.1199998856
2017-03-24,92.3982467651,118.8600006104,202.2675018311,12.9600000381
2017-03-27,92.8186340332,119.5299987793,202.0599365234,12.5000000000
2017-03-28,92.1995391846,119.0400009155,203.5302886963,11.5299997330
2017-03-29,92.7498550415,119.3300018311,203.7204895020,11.4200000763
2017-03-30,92.0008163452,118.4700012207,204.3692169189,11.5399999619
2017-03-31,92.2682800293,118.7200012207,203.8935699463,12.3699998856
2017-04-03,93.1989974976,119.3499984741,203.5388946533,12.3800001144
2017-04-04,92.6934432983,119.6200027466,203.6686553955,11.7899999619
2017-04-05,92.9768218994,119.6200027466,203.0632019043,12.8900003433
2017-04-06,92.8390045166,119.1800003052,203.6340484619,12.3900003433
2017-04-07,92.4636077881,119.4599990845,203.4264984131,12.8699998856
2017-04-10,92.8926391602,119.4599990845,203.5475463867,14.0500001907
2017-04-11,93.7734832764,121.1900024414,203.3053588867,15.0699996948
2017-04-12,94.2866744995,122.0199966431,202.4145202637,15.7700004578
2017-04-13,94.5778045654,122.5999984741,201.0998840332,15.9600000381
2017-04-17,94.2866744995,122.2399978638,202.8816223145,14.6599998474
2017-04-18,95.5199737549,122.8199996948,202.2761688232,14.4200000763
2017-04-19,94.9991226196,121.7300033569,201.9042663574,14.9300003052
2017-04-20,94.6314010620,121.9599990845,203.5475463867,14.1499996185
2017-04-21,94.6314010620,122.3099975586,202.8988952637,14.6300001144
2017-04-24,94.1641616821,121.4800033569,205.1303558350,10.8400001526
2017-04-25,93.0304641724,120.2500000000,206.3239288330,10.7600002289
2017-04-26,93.5436782837,120.8399963379,206.1941833496,10.8500003815
2017-04-27,93.5130615234,120.3899993896,206.3671417236,10.3599996567
2017-04-28,93.7198638916,120.7699966431,205.9174194336,10.8199996948
2017-05-01,92.9407806396,119.6699981689,206.4363708496,10.1099996567
2017-05-02,93.4166946411,119.6500015259,206.5142364502,10.5900001526
2017-05-03,93.4780807495,117.9800033569,206.2633514404,10.6800003052
2017-05-04,93.0175247192,116.7900009155,206.5055389404,10.4600000381
2017-05-05,93.1019744873,117.0100021362,207.3185577393,10.5699996948
2017-05-08,92.5953369141,116.7500000000,207.2839508057,9.7700004578
2017-05-09,92.5876846313,116.0500030518,207.0937194824,9.9600000381
2017-05-10,92.4802093506,116.0400009155,207.4656372070,10.2100000381
2017-05-11,92.4802093506,116.5000000000,207.0418090820,10.6000003815
2017-05-12,93.1787338257,116.8300018311,206.6958465576,10.3999996185
2017-05-15,92.9254074097,117.1399993896,207.8374938965,10.4200000763
2017-05-16,93.2708511353,117.6500015259,207.6472167969,10.6499996185
2017-05-17,94.6294860840,119.7900009155,203.9627532959,15.5900001526
2017-05-18,94.7369308472,118.8099975586,204.7844085693,14.6599998474
2017-05-19,94.9595336914,119.4000015259,206.1163787842,12.0399999619
2017-05-22,94.6985702515,119.9000015259,207.1628570557,10.9300003052
2017-05-23,94.0614547729,119.1399993896,207.6212921143,10.7200002670
2017-05-24,94.5911254883,119.6100006104,208.1056823730,10.0200004578
2017-05-25,94.6218109131,119.4800033569,209.1002655029,9.9899997711
2017-05-26,94.7829971313,120.5400009155,209.0570526123,9.8100004196
2017-05-30,95.2512130737,120.1399993896,208.8753509521,10.3800001144
2017-05-31,95.4892044067,120.6200027466,208.8235321045,10.4099998474
2017-06-01,95.4991989136,120.7200012207,210.4841461182,9.8900003433
2017-06-02,96.6299514771,121.6100006104,211.1847076416,9.7500000000
2017-06-05,96.0299530029,121.7300033569,211.0290527344,10.0699996948
2017-06-06,96.5530395508,123.0999984741,210.3544464111,10.4499998093
2017-06-07,96.0915145874,122.4499969482,210.7436065674,10.3900003433
2017-06-08,95.8376083374,121.6500015259,210.8473663330,10.1599998474
2017-06-09,95.6914825439,120.5400009155,210.5273590088,10.6999998093
2017-06-12,95.6607437134,120.3600006104,210.4841461182,11.4600000381
2017-06-13,95.6761016846,120.4800033569,211.5134124756,10.4200000763
2017-06-14,97.1530456543,119.8199996948,211.2452697754,10.6400003433
2017-06-15,96.9991760254,119.3199996948,210.8387298584,10.8999996185
2017-06-16,97.1914443970,119.3399963379,210.8848571777,10.3800001144
2017-06-19,97.0530471802,118.4300003052,212.6404876709,10.3699998856
2017-06-20,97.9222488403,118.1800003052,211.2063598633,10.8599996567
2017-06-21,98.1222000122,118.5199966431,211.1542205811,10.7500000000
2017-06-22,98.3375930786,118.9199981689,211.0585632324,10.4799995422
2017-06-23,98.2914886475,119.4300003052,211.3106994629,10.0200004578
2017-06-26,98.6606903076,118.3600006104,211.4497222900,9.8999996185
2017-06-27,97.6068496704,118.8099975586,209.7462615967,11.0600004196
2017-06-28,97.2837982178,118.9000015259,211.6235961914,10.0299997330
2017-06-29,96.4684143066,118.3199996948,209.7636413574,11.4399995804
2017-06-30,96.2453231812,118.0199966431,210.1547546387,11.1800003052
2017-07-03,95.9354858398,116.0899963379,210.5110473633,11.2200002670
2017-07-05,95.9586029053,116.5199966431,210.9978027344,11.0699996948
2017-07-06,95.1646804810,116.4700012207,209.0683441162,12.5399999619
2017-07-07,94.5942382812,115.2799987793,210.4241943359,11.1899995804
2017-07-10,94.7329940796,115.4700012207,210.6501312256,11.1099996567
2017-07-11,94.8948745728,115.6200027466,210.4937438965,10.8900003433
2017-07-12,95.5500488281,116.0299987793,212.0755004883,10.3000001907
2017-07-13,94.9488449097,115.8199996948,212.4318237305,9.8999996185
2017-07-14,95.0644073486,116.7699966431,213.4226226807,9.5100002289
2017-07-17,95.3265075684,117.2900009155,213.3966064453,9.8199996948
2017-07-18,96.1590347290,118.1100006104,213.5095977783,9.8900003433
2017-07-19,96.1975708008,118.0800018311,214.6654968262,9.7899999619
2017-07-20,96.4750213623,118.2399978638,214.7611083984,9.5799999237
2017-07-21,96.8835754395,119.2600021362,214.5699157715,9.3599996567
2017-07-24,96.5058670044,119.3099975586,214.5177917480,9.4300003052
2017-07-25,95.2494659424,118.9199981689,215.0392303467,9.4300003052
2017-07-26,95.4036026001,119.8799972534,215.0479431152,9.6000003815
2017-07-27,94.9333877563,119.7900009155,214.8480834961,10.1099996567
2017-07-28,95.4960632324,120.6900024414,214.5959472656,10.2899999619
2017-07-31,95.6117553711,120.7500000000,214.4743194580,10.2600002289
2017-08-01,96.2830276489,120.6500015259,214.9523315430,10.0900001526
2017-08-02,96.3371200562,120.4000015259,215.0566558838,10.2799997330
2017-08-03,97.3336105347,120.5899963379,214.6394348145,10.4399995804
2017-08-04,96.5070266724,119.6500015259,215.0305023193,10.0299997330
2017-08-07,96.6151809692,119.5100021362,215.4303588867,9.9300003052
2017-08-08,96.2675781250,119.8600006104,214.9001922607,10.9600000381
2017-08-09,96.7928695679,121.3099975586,214.8914947510,11.1099996567
2017-08-10,97.6194229126,122.2099990845,211.8582305908,16.0400009155
2017-08-11,97.6657943726,122.7900009155,212.1711273193,15.5100002289
2017-08-14,97.1636276245,121.9199981689,214.2743988037,12.3299999237
2017-08-15,96.7542114258,120.9800033569,214.2483367920,12.0399999619
2017-08-16,97.1095886230,121.8700027466,214.6220855713,11.7399997711
2017-08-17,97.8357467651,122.4899978638,211.2759246826,15.5500001907
2017-08-18,97.8125610352,122.3000030518,210.9456481934,14.2600002289
2017-08-21,98.0520019531,122.7600021362,211.1108245850,13.1899995804
2017-08-22,97.6734848022,122.2099990845,213.3184051514,11.3500003815
2017-08-23,98.3378295898,122.6699981689,212.5535430908,12.2500000000
2017-08-24,97.9747924805,122.2900009155,212.0581512451,12.2299995422
2017-08-25,98.3532791138,122.7399978638,212.5535430908,11.2799997330
2017-08-28,98.2915039062,124.6900024414,212.5622253418,11.3199996948
2017-08-29,98.6082153320,124.4199981689,212.8055419922,11.6999998093
2017-08-30,98.5773086548,124.3600006104,213.8137359619,11.2200002670
2017-08-31,98.8708190918,125.8199996948,215.1001129150,10.5900001526
2017-09-01,98.1146087646,126.0599975586,215.4042663574,10.1300001144
2017-09-05,99.6704864502,127.4599990845,213.8572235107,12.2299995422
2017-09-06,99.0589904785,126.8099975586,214.5873260498,11.6300001144
2017-09-07,100.0730209351,128.1300048828,214.5611572266,11.5500001907
2017-09-08,99.8562698364,127.9700012207,214.3091888428,12.1199998856
2017-09-11,98.6641693115,126.1900024414,216.5950012207,10.7299995422
2017-09-12,98.1455535889,126.5599975586,217.3250274658,10.5799999237
2017-09-13,97.7584838867,125.6100006104,217.4293212891,10.5000000000
2017-09-14,98.1610412598,126.1600036621,217.3598175049,10.4399995804
2017-09-15,98.1997146606,125.5299987793,217.6524353027,10.1700000763
2017-09-18,97.6346511841,124.3600006104,218.1153259277,10.1499996185
2017-09-19,97.3947143555,124.6200027466,218.3336791992,10.1800003052
2017-09-20,97.4643783569,123.6200027466,218.4122924805,9.7799997330
2017-09-21,97.4101791382,122.6800003052,217.8270721436,9.6700000763
2017-09-22,97.6888580322,123.2399978638,217.8708038330,9.5900001526
2017-09-25,98.3003540039,124.5299987793,217.4253082275,10.2100000381
2017-09-26,98.1223144531,123.1399993896,217.5563049316,10.1700000763
2017-09-27,96.6438217163,121.9800033569,218.4035644531,9.8699998856
2017-09-28,96.3574371338,122.2099990845,218.6655883789,9.5500001907
2017-09-29,96.5741806030,121.5800018311,219.4342498779,9.5100002289
2017-10-02,96.3973236084,120.7699966431,220.3862915039,9.4499998093
2017-10-03,96.4903640747,120.8300018311,220.8579254150,9.5100002289
2017-10-04,96.4981689453,121.1699981689,221.1199493408,9.6300001144
2017-10-05,96.1336212158,120.5199966431,222.4301300049,9.1899995804
2017-10-06,95.8621444702,121.0899963379,222.1768035889,9.6499996185
2017-10-09,96.1646728516,122.0800018311,221.8100128174,10.3299999237
2017-10-10,96.3197555542,122.4000015259,222.3951416016,10.0799999237
2017-10-11,96.5058746338,122.7900009155,222.7445831299,9.8500003815
2017-10-12,96.9170150757,122.8899993896,222.4127197266,9.9099998474
2017-10-13,97.6150817871,123.8199996948,222.6834259033,9.6099996567
2017-10-16,97.5452804565,122.9700012207,222.9803924561,9.9099998474
2017-10-17,97.6693801880,122.1299972534,223.1376037598,10.3100004196
2017-10-18,97.0255584717,121.6699981689,223.3559570312,10.0699996948
2017-10-19,97.1962661743,122.3899993896,223.4170837402,10.0500001907
2017-10-20,96.1646728516,121.6100006104,224.5700378418,9.9700002670
2017-10-23,96.3352737427,121.8000030518,223.6965789795,11.0699996948
2017-10-24,95.7379837036,121.3300018311,224.0896301270,11.1599998474
2017-10-25,95.2803955078,121.3499984741,222.9803924561,11.2299995422
2017-10-26,94.9623794556,120.3300018311,223.2686157227,11.3000001907
2017-10-27,95.5906372070,120.9000015259,225.0941162109,9.8000001907
2017-10-30,96.5058746338,121.1299972534,224.2556152344,10.5000000000
2017-10-31,96.5369567871,120.6699981689,224.6049804688,10.1800003052
2017-11-01,96.9667663574,121.1100006104,224.9019622803,10.1999998093
2017-11-02,97.3942794800,121.1900024414,224.9893188477,9.9300003052
2017-11-03,97.6585388184,120.6200027466,225.7405242920,9.1400003433
2017-11-06,98.0239334106,121.6500015259,226.0898895264,9.3999996185
2017-11-07,98.4358062744,121.2099990845,225.9326324463,9.8900003433
2017-11-08,98.2182159424,121.6299972534,226.3168945312,9.7799997330
2017-11-09,97.9383850098,122.1299972534,225.4958801270,10.5000000000
2017-11-10,96.4615478516,121.1299972534,225.4260406494,11.2899999619
2017-11-13,96.6636276245,121.3099975586,225.6356201172,11.5000000000
2017-11-14,97.3165054321,121.5599975586,225.1116180420,11.5900001526
2017-11-15,98.3736877441,121.4100036621,223.9848785400,13.1300001144
2017-11-16,97.5186462402,121.4000015259,225.8889007568,11.7600002289
2017-11-17,98.2415084839,122.8600006104,225.2250518799,11.4300003052
2017-11-20,98.2026748657,121.3099975586,225.6094665527,10.6499996185
2017-11-21,98.5135955811,121.5100021362,227.0855407715,9.7299995422
2017-11-22,98.8322830200,122.6299972534,226.8846740723,9.8800001144
2017-11-24,98.5602188110,122.3199996948,227.4087219238,9.6700000763
2017-11-27,98.4203186035,122.8300018311,227.2951812744,9.8699998856
2017-11-28,98.5524597168,122.8099975586,229.6010894775,10.0299997330
2017-11-29,97.5808715820,122.0400009155,229.4612884521,10.6999998093
2017-11-30,97.2543869019,121.0999984741,231.4702911377,11.2799997330
2017-12-01,98.5667495728,121.5899963379,230.9897918701,11.4300003052
2017-12-04,98.6135177612,121.1800003052,230.7103729248,11.6800003052
2017-12-05,99.1041946411,120.3199996948,229.8805541992,11.3299999237
2017-12-06,99.4469223022,120.0699996948,229.9241943359,11.0200004578
2017-12-07,98.6680297852,118.4899978638,230.6492462158,10.1599998474
2017-12-08,98.6758193970,118.4800033569,231.9070129395,9.5799999237
2017-12-11,98.4733123779,118.0100021362,232.6056823730,9.3400001526
2017-12-12,98.4343566895,118.1500015259,233.0162506104,9.9200000763
2017-12-13,99.1742477417,119.1699981689,232.9900054932,10.1800003052
2017-12-14,99.5949172974,118.9300003052,232.0379943848,10.4899997711
2017-12-15,99.9687576294,119.1800003052,233.9702758789,9.4200000763
2017-12-18,99.0574645996,119.7300033569,235.4539489746,9.5299997330
2017-12-19,97.7723159790,119.8199996948,234.5496673584,10.0299997330
2017-12-20,96.6896972656,120.1399993896,234.4267578125,9.7200002670
2017-12-21,97.2531967163,120.3099975586,234.9095916748,9.6199998856
2017-12-22,97.3858947754,120.9400024414,234.8481140137,9.8999996185
2017-12-26,97.6747589111,121.7699966431,234.5672302246,10.2500000000
2017-12-27,98.9469604492,122.2300033569,234.6813507080,10.4700002670
2017-12-28,98.8611450195,122.8499984741,235.1641998291,10.1800003052
2017-12-29,99.0172500610,123.6500015259,234.2774963379,11.0399999619
2018-01-02,97.9478836060,125.1500015259,235.9542846680,9.7700004578
2018-01-03,98.4162139893,124.8199996948,237.4467468262,9.1499996185
2018-01-04,98.4006118774,125.4599990845,238.4474792480,9.2200002670
2018-01-05,98.1195755005,125.3300018311,240.0365447998,9.2200002670
2018-01-08,98.0571594238,125.3099975586,240.4755554199,9.5200004578
2018-01-09,96.7458953857,124.7300033569,241.0198364258,10.0799999237
2018-01-10,96.6288070679,125.0299987793,240.6511230469,9.8199996948
2018-01-11,97.0268630981,125.4400024414,242.4068145752,9.8800001144
2018-01-12,97.1907730103,126.9599990845,243.9870605469,10.1599998474
2018-01-16,97.5966644287,127.1699981689,243.1530914307,11.6599998474
2018-01-17,97.4639816284,126.1399993896,245.4707794189,11.9099998474
2018-01-18,96.5585937500,125.8600006104,245.0581512451,12.2200002670
2018-01-19,96.0512313843,126.4199981689,246.1731109619,11.2700004578
2018-01-22,96.1448898315,126.6500015259,248.1747589111,11.0299997330
2018-01-23,96.5585937500,127.2799987793,248.7014465332,11.1000003815
2018-01-24,96.0356369019,128.8300018311,248.6049499512,11.4700002670
2018-01-25,96.8239364624,127.9700012207,248.7101898193,11.5799999237
2018-01-26,96.4648895264,128.0700073242,251.5897674561,11.0799999237
2018-01-29,95.7936325073,127.3499984741,249.9217224121,13.8400001526
2018-01-30,95.2316818237,126.8000030518,247.3583374023,14.7899999619
2018-01-31,95.7936325073,127.6500015259,247.4811248779,13.5399999619
2018-02-01,94.4052963257,128.0700073242,247.2002410889,13.4700002670
2018-02-02,93.5293121338,126.3899993896,241.8187255859,17.3099994659
2018-02-05,94.4131622314,126.7099990845,231.7052459717,37.3199996948
2018-02-06,93.8265686035,125.3799972534,236.2703552246,29.9799995422
2018-02-07,92.9349212646,124.7900009155,234.9886169434,27.7299995422
2018-02-08,92.8331832886,124.9800033569,226.1744384766,33.4599990845
2018-02-09,92.2466125488,124.7699966431,229.5719299316,29.0599994659
2018-02-12,92.6532974243,125.3700027466,232.9430389404,25.6100006104
2018-02-13,93.0678710938,126.0800018311,233.5224456787,24.9699993134
2018-02-14,92.0354232788,128.2299957275,236.6742553711,19.2600002289
2018-02-15,92.3482666016,128.3800048828,239.6941986084,19.1299991608
2018-02-16,92.8488693237,127.9599990845,239.7643585205,19.4599990845
2018-02-20,92.4421386719,126.2399978638,238.2631835938,20.6000003815
2018-02-21,91.3080291748,125.6600036621,237.0779876709,20.0200004578
2018-02-22,91.5818176270,126.3000030518,237.3852386475,18.7199993134
2018-02-23,92.3952255249,126.1399993896,241.1690826416,16.4899997711
2018-02-26,92.4265136719,126.4499969482,243.9694671631,15.8000001907
2018-02-27,92.2935028076,125.1299972534,240.9231872559,18.5900001526
2018-02-28,92.8801498413,125.0000000000,238.4826660156,19.8500003815
2018-03-01,93.5141983032,124.7200012207,235.0149078369,22.4699993134
2018-03-02,92.7539596558,125.3899993896,236.2264251709,19.5900001526
2018-03-05,92.5031967163,125.1800003052,238.9567260742,18.7299995422
2018-03-06,92.5893630981,126.5299987793,239.5625000000,18.3600006104
2018-03-07,92.4875030518,125.7200012207,239.4746551514,17.7600002289
2018-03-08,93.0204162598,125.4199981689,240.6335449219,16.5400009155
2018-03-09,92.4091415405,125.5400009155,244.8211059570,14.6400003433
2018-03-12,92.9420471191,125.5400009155,244.5139007568,15.7799997330
2018-03-13,93.4122924805,125.7799987793,242.9335937500,16.3500003815
2018-03-14,94.2351913452,125.6999969482,241.6870269775,17.2299995422
2018-03-15,94.2351913452,124.9000015259,241.4237365723,16.5900001526
2018-03-16,93.8982162476,124.5999984741,241.6854553223,15.8000001907
2018-03-19,93.6004028320,124.8700027466,238.4153747559,19.0200004578
2018-03-20,93.2242279053,124.3099975586,238.8208160400,18.2000007629
2018-03-21,93.3261184692,126.4800033569,238.3624725342,17.8600006104
2018-03-22,94.2508850098,125.9800033569,232.4040832520,23.3400001526
2018-03-23,94.1803817749,127.6100006104,227.4504699707,24.8700008392
2018-03-26,93.8198471069,128.2799987793,233.6732940674,21.0300006866
2018-03-27,94.8230438232,127.4899978638,229.6981353760,22.5000000000
2018-03-28,95.0738220215,125.7300033569,229.0193939209,22.8700008392
2018-03-29,95.5362091064,125.7900009155,231.9457550049,19.9699993134
2018-04-02,95.7246856689,127.2600021362,226.9392547607,23.6200008392
2018-04-03,94.9863815308,126.3000030518,229.8479919434,21.1000003815
2018-04-04,94.7900848389,126.4499969482,232.3071136475,20.0599994659
2018-04-05,94.0831985474,125.8000030518,234.1405029297,18.9400005341
2018-04-06,95.1121215820,126.3899993896,228.9224548340,21.4899997711
2018-04-09,95.2691345215,126.8199996948,230.0506896973,21.7700004578
2018-04-10,95.0963668823,127.1200027466,233.7085876465,20.4699993134
2018-04-11,95.4340972900,128.1100006104,232.4833831787,20.2399997711
2018-04-12,94.7350540161,126.6200027466,234.3961181641,18.4899997711
2018-04-13,94.9550323486,127.4499969482,233.7085876465,17.4099998474
2018-04-16,94.9863815308,127.6299972534,235.6300354004,16.5599994659
2018-04-17,95.2455978394,127.7500000000,238.1509857178,15.2500000000
2018-04-18,94.4837646484,127.8499984741,238.3271789551,15.6000003815
2018-04-19,93.7140655518,127.5999984741,237.0050506592,15.9600000381
2018-04-20,93.0385894775,126.6299972534,234.9953613281,16.8799991608
2018-04-23,93.0621871948,125.6200027466,234.9601440430,16.3400001526
2018-04-24,92.6380767822,126.2300033569,231.7958984375,18.0200004578
2018-04-25,92.0176086426,125.4100036621,232.3688049316,17.8400001526
2018-04-26,92.6616287231,124.9700012207,234.7309875488,16.2399997711
2018-04-27,93.3763504028,125.5000000000,234.9513854980,15.4099998474
2018-04-30,93.5412445068,124.5899963379,233.1444549561,15.9300003052
2018-05-01,93.2044067383,123.7099990845,233.5587615967,15.4899997711
2018-05-02,93.1020278931,123.6500015259,231.9898071289,15.9700002670
2018-05-03,93.5192184448,124.2799987793,231.4786224365,15.8999996185
2018-05-04,93.6609115601,124.5400009155,234.4753417969,14.7700004578
2018-05-07,93.5113754272,124.5699996948,235.2686614990,14.7500000000
2018-05-08,93.4247512817,124.5899963379,235.2686614990,14.7100000381
2018-05-09,92.8658981323,124.3300018311,237.5428009033,13.4200000763
2018-05-10,93.6136856079,125.1800003052,239.7639617920,13.2299995422
2018-05-11,93.8498458862,125.0000000000,240.4955139160,12.6499996185
2018-05-14,93.3539581299,124.4899978638,240.6100616455,12.9300003052
2018-05-15,92.2912673950,122.4800033569,238.9530487061,14.6300001144
2018-05-16,91.9370956421,122.2900009155,239.9577941895,13.4200000763
2018-05-17,91.4726791382,122.3600006104,239.7551574707,13.4300003052
2018-05-18,92.2598342896,122.4100036621,239.1557464600,13.4200000763
2018-05-21,92.3070602417,122.4800033569,240.9537963867,13.0799999237
2018-05-22,92.1653823853,122.4100036621,240.2839508057,13.2200002670
2018-05-23,92.8344268799,122.5400009155,240.9450378418,12.5799999237
2018-05-24,93.5743026733,123.5899963379,240.4514465332,12.5299997330
2018-05-25,94.1568450928,123.2099990845,239.8785400391,13.2200002670
2018-05-29,96.2190780640,123.1900024414,237.1196289062,17.0200004578
2018-05-30,95.5736007690,123.3700027466,240.2839508057,14.9399995804
2018-05-31,95.4162368774,123.0999984741,238.8120727539,15.4300003052
2018-06-01,94.9120864868,122.4899978638,241.1565551758,13.4600000381
2018-06-04,94.2256927490,122.3700027466,242.3024444580,12.7399997711
2018-06-05,94.4465942383,122.8499984741,242.4787445068,12.3999996185
2018-06-06,93.6813125610,122.9199981689,244.5059509277,11.6400003433
2018-06-07,94.5886077881,122.8600006104,244.4794616699,12.1300001144
2018-06-08,94.3045959473,123.0100021362,245.2023162842,12.1800003052
2018-06-11,94.1310119629,123.2300033569,245.5284271240,12.3500003815
2018-06-12,94.1546630859,122.8199996948,245.8457794189,12.3400001526
2018-06-13,94.1073226929,123.1900024414,245.0612335205,12.9399995804
2018-06-14,94.8884353638,123.3799972534,245.6781921387,12.1199998856
2018-06-15,94.9752273560,121.3399963379,245.3648223877,11.9799995422
2018-06-18,94.8884353638,121.1100006104,244.8600921631,12.3100004196
2018-06-19,95.4406661987,120.8000030518,243.9216308594,13.3500003815
2018-06-20,94.6043853760,120.2600021362,244.3377532959,12.7899999619
2018-06-21,95.1014404297,120.0500030518,242.8060913086,14.6400003433
2018-06-22,95.0935287476,120.3399963379,243.2487792969,13.7700004578
2018-06-25,95.3065719604,119.8899993896,239.9375000000,17.3299999237
2018-06-26,95.4406661987,119.2600021362,240.4687652588,15.9200000763
2018-06-27,96.3400955200,118.5800018311,238.4765472412,17.9099998474
2018-06-28,96.3637847900,118.2200012207,239.8401641846,16.8500003815
2018-06-29,96.0324172974,118.6500015259,240.1853637695,16.0900001526
2018-07-02,95.9572830200,117.4599990845,240.6988677979,15.6000003815
2018-07-03,96.4712524414,118.6500015259,239.8489227295,16.1399993896
2018-07-05,96.7480392456,119.0500030518,241.8055877686,14.9700002670
2018-07-06,97.0643157959,118.8600006104,243.8508300781,13.3699998856
2018-07-09,96.4396209717,119.1500015259,246.0464935303,12.6899995804
2018-07-10,96.4317169189,118.9300003052,246.9320068359,12.6400003433
2018-07-11,96.8033370972,117.6399993896,245.1257934570,13.6300001144
2018-07-12,96.7954559326,118.1299972534,247.3480834961,12.5799999237
2018-07-13,97.0406188965,117.6100006104,247.5428771973,12.1800003052
2018-07-16,96.6373062134,117.5500030518,247.3215637207,12.8299999237
2018-07-17,96.4554443359,116.2799987793,248.3219757080,12.0600004196
2018-07-18,96.0680007935,116.3099975586,248.8443908691,12.1000003815
2018-07-19,96.6768722534,115.8099975586,247.9058074951,12.8699998856
2018-07-20,95.4907073975,116.5599975586,247.6226196289,12.8599996567
2018-07-23,94.3125228882,116.0000000000,248.0829620361,12.6199998856
2018-07-24,94.6367340088,116.0400009155,249.3313140869,12.4099998474
2018-07-25,94.4865112305,116.6800003052,251.4562530518,12.2899999619
2018-07-26,94.3046188354,115.7699966431,250.8629913330,12.1400003433
2018-07-27,94.4627990723,115.8300018311,249.1631622314,13.0299997330
2018-07-30,94.1385955811,115.6500015259,247.8616485596,14.2600002289
2018-07-31,94.6525497437,115.9899978638,249.0834503174,12.8299999237
2018-08-01,93.8814315796,115.1399993896,248.6672668457,13.1499996185
2018-08-02,94.0161285400,114.5199966431,250.0219726562,12.1899995804
2018-08-03,94.4837341309,114.9199981689,251.0932769775,11.6400003433
2018-08-06,94.5391845703,114.3300018311,252.0140533447,11.2700004578
2018-08-07,94.0478363037,114.5899963379,252.8462524414,10.9300003052
2018-08-08,94.1429748535,114.9100036621,252.7400360107,10.8500003815
2018-08-09,94.9354705811,114.7399978638,252.3947753906,11.2700004578
2018-08-10,95.6249618530,114.6900024414,250.7036590576,13.1599998474
2018-08-13,95.4268264771,112.9599990845,249.7651977539,14.7799997330
2018-08-14,95.2128219604,113.0699996948,251.3588714600,13.3100004196
2018-08-15,95.7676391602,111.1900024414,249.4818572998,14.6400003433
2018-08-16,95.7596740723,111.0999984741,251.5004882812,13.4499998093
2018-08-17,95.8785781860,112.1299972534,252.3859558105,12.6400003433
2018-08-20,96.5205230713,112.6900024414,252.9260406494,12.4899997711
2018-08-21,96.1955642700,113.0199966431,253.5192413330,12.8599996567
2018-08-22,96.5759811401,113.2699966431,253.3687133789,12.2500000000
2018-08-23,96.7265701294,112.1999969482,253.0321960449,12.4099998474
2018-08-24,96.9167785645,114.1600036621,254.5550384521,11.9899997711
2018-08-27,96.3620147705,114.5899963379,256.5649108887,12.1599998474
2018-08-28,95.7834854126,113.6800003052,256.6888122559,12.5000000000
2018-08-29,95.9102630615,114.1999969482,258.0700683594,12.2500000000
2018-08-30,96.1163406372,113.6399993896,257.0252380371,13.5299997330
2018-08-31,95.8944473267,113.5100021362,257.0339965820,12.8599996567
2018-09-04,95.3400039673,112.9300003052,256.5913085938,13.1599998474
2018-09-05,95.0858078003,113.3199996948,255.9008178711,13.9099998474
2018-09-06,95.4353103638,113.5400009155,255.1305694580,14.6499996185
2018-09-07,94.6251220703,113.2300033569,254.6347961426,14.8800001144
2018-09-10,94.9746246338,113.1500015259,255.0774536133,14.1599998474
2018-09-11,94.2517852783,113.2200012207,255.9186248779,13.2200002670
2018-09-12,94.4742355347,114.1699981689,255.9805603027,13.1400003433
2018-09-13,94.6171875000,113.7600021362,257.4945068359,12.3699998856
2018-09-14,94.1644439697,113.0199966431,257.5387573242,12.0699996948
2018-09-17,94.1644439697,113.6100006104,256.1752624512,13.6800003052
2018-09-18,93.1794891357,113.4400024414,257.5652770996,12.7899999619
2018-09-19,92.6235046387,113.8799972534,257.8398437500,11.7500000000
2018-09-20,93.0524291992,114.2699966431,259.9293518066,11.8000001907
2018-09-21,93.0126953125,113.4899978638,259.6918029785,11.6800003052
2018-09-24,92.7744216919,113.4700012207,258.8291015625,12.1999998093
2018-09-25,92.6790618896,113.6500015259,258.5889282227,12.4200000763
2018-09-26,93.3304214478,113.0500030518,257.8152465820,12.8900003433
2018-09-27,93.3939666748,112.0500030518,258.5356750488,12.4099998474
2018-09-28,93.1476974487,112.7600021362,258.5623168945,12.1199998856
2018-10-01,92.4638977051,112.5699996948,259.4606018066,12.0000000000
2018-10-02,93.0291137695,113.8700027466,259.3093872070,12.0500001907
2018-10-03,91.4130706787,113.4199981689,259.4516601562,11.6099996567
2018-10-04,90.7682571411,113.4800033569,257.4240112305,14.2200002670
2018-10-05,89.9880981445,113.8000030518,255.9830169678,14.8199996948
2018-10-08,89.6855926514,112.5400009155,255.9830169678,15.6899995804
2018-10-09,90.5931015015,112.5999984741,255.6095886230,15.9499998093
2018-10-10,90.3463439941,112.8799972534,247.5161895752,22.9599990845
2018-10-11,91.4449310303,115.7799987793,242.0641937256,24.9799995422
2018-10-12,91.1264724731,115.2300033569,245.4260253906,21.3099994659
2018-10-15,91.0866928101,116.0000000000,244.0474700928,21.2999992371
2018-10-16,91.2936553955,115.8000030518,249.3838958740,17.6200008392
2018-10-17,90.7523956299,115.7900009155,249.4282379150,17.3999996185
2018-10-18,90.7205047607,115.9199981689,245.8262329102,20.0599994659
2018-10-19,90.5214691162,116.0100021362,245.6928558350,19.8899993896
2018-10-22,90.4020843506,115.7099990845,244.5900726318,19.6399993896
2018-10-23,90.6886520386,116.3899993896,243.3449096680,20.7099990845
2018-10-24,91.3732910156,116.6600036621,235.9719238281,25.2299995422
2018-10-25,90.9911651611,116.4000015259,240.2053985596,24.2199993134
2018-10-26,91.5404205322,116.7699966431,235.9807586670,24.1599998474
2018-10-29,91.3334503174,116.3099975586,234.6733856201,24.7000007629
2018-10-30,90.8797607422,115.8000030518,238.1508331299,23.3500003815
2018-10-31,90.4180450439,115.1500015259,240.6945037842,21.2299995422
2018-11-01,90.5018081665,116.6299972534,243.2560424805,19.3400001526
2018-11-02,89.3765792847,116.6500015259,241.8152313232,19.5100002289
2018-11-05,89.7276992798,116.3700027466,243.1492004395,19.9599990845
2018-11-06,89.6718444824,116.0400009155,244.6878662109,19.9099998474
2018-11-07,89.7915573120,116.0299987793,249.9264221191,16.3600006104
2018-11-08,89.7835845947,115.7799987793,249.4727325439,16.7199993134
2018-11-09,90.4538879395,114.4800033569,247.0358428955,17.3600006104
2018-11-12,91.0444183350,113.6600036621,242.4199218750,20.4500007629
2018-11-13,90.9885482788,113.6999969482,241.9663543701,20.0200004578
2018-11-14,91.0444183350,114.6399993896,240.3121337891,21.2500000000
2018-11-15,91.0045394897,114.7699966431,242.8202056885,19.9799995422
2018-11-16,91.5311889648,115.6200027466,243.4516601562,18.1399993896
2018-11-19,91.7865676880,115.6699981689,239.3337707520,20.1000003815
2018-11-20,91.8184890747,115.6699981689,234.9046020508,22.4799995422
2018-11-21,91.7865676880,115.8600006104,235.7050628662,20.7999992371
2018-11-23,91.8823471069,115.7699966431,234.1308746338,21.5200004578
2018-11-26,91.6748275757,115.6399993896,237.9107360840,18.8999996185
2018-11-27,91.7785873413,114.9499969482,238.7112121582,19.0200004578
2018-11-28,91.3317108154,115.3799972534,244.2075653076,18.4899997711
2018-11-29,91.6908416748,115.7399978638,243.6739959717,18.7900009155
2018-11-30,92.0339508057,115.5400009155,245.1592102051,18.0699996948
2018-12-03,92.6874084473,116.4100036621,248.4055175781,16.4400005341
2018-12-04,94.2391510010,117.1200027466,240.3566284180,20.7399997711
2018-12-06,94.5350952148,117.1399993896,239.9919128418,21.1900005341
2018-12-07,94.7110824585,118.0899963379,234.4155120850,23.2299995422
2018-12-10,95.1030044556,117.6800003052,234.8601531982,22.6399993896
2018-12-11,95.0869979858,117.5400009155,234.9135742188,21.7600002289
2018-12-12,94.6630859375,117.7900009155,236.0964355469,21.4599990845
2018-12-13,94.4391403198,117.5299987793,236.0164184570,20.6499996185
2018-12-14,94.7670516968,117.0599975586,231.6583709717,21.6299991608
2018-12-17,95.3189620972,117.8700027466,227.1136169434,24.5200004578
2018-12-18,95.8898162842,118.1500015259,226.8645935059,25.5799999237
2018-12-19,97.1565856934,117.4300003052,223.4671478271,25.5799999237
2018-12-20,96.8038024902,119.2399978638,219.8295745850,28.3799991608
2018-12-21,96.7877883911,118.7200012207,215.3253784180,30.1100006104
2018-12-24,97.2688293457,120.0199966431,209.6358032227,36.0699996948
2018-12-26,96.2265472412,119.6600036621,220.2276458740,30.4099998474
2018-12-27,96.2425994873,120.5699996948,221.9184112549,29.9599990845
2018-12-28,97.0523376465,121.0599975586,221.6321258545,28.3400001526
2018-12-31,97.4211578369,121.2500000000,223.5733337402,25.4200000763
2019-01-02,97.9342803955,121.3300018311,223.8059234619,23.2199993134
2019-01-03,99.0487289429,122.4300003052,218.4653320312,25.4500007629
2019-01-04,97.9022216797,121.4400024414,225.7829589844,21.3799991608
2019-01-07,97.6135635376,121.8600006104,227.5632324219,21.3999996185
2019-01-08,97.3570022583,121.5299987793,229.7012023926,20.4699993134
2019-01-09,97.2046966553,122.3099975586,230.7747497559,19.9799995422
2019-01-10,96.5793380737,121.5899963379,231.5888061523,19.5000000000
2019-01-11,96.9561462402,121.8000030518,231.6782531738,18.1900005341
2019-01-14,96.5953903198,122.0899963379,230.2648315430,19.0699996948
2019-01-15,96.2425994873,121.8799972534,232.9038543701,18.6000003815
2019-01-16,96.3387985229,122.2699966431,233.4674530029,19.0400009155
2019-01-17,96.3628387451,122.1100006104,235.2386474609,18.0599994659
2019-01-18,95.8577423096,121.0199966431,238.3696594238,17.7999992371
2019-01-22,96.5071792603,121.4499969482,235.1491851807,20.7999992371
2019-01-23,96.4670715332,121.2799987793,235.6412506104,19.5200004578
2019-01-24,97.1004409790,121.0899963379,235.7664947510,18.8899993896
2019-01-25,96.6354446411,122.8600006104,237.7613525391,17.4200000763
2019-01-28,96.5392227173,123.2900009155,235.9543457031,18.8700008392
2019-01-29,97.0283203125,123.9800033569,235.6412506104,19.1299991608
2019-01-30,96.9561462402,124.6900024414,239.3715972900,17.6599998474
2019-01-31,97.7899551392,124.7500000000,241.4739074707,16.5699996948
2019-02-01,97.1993942261,124.5000000000,241.5901489258,16.1399993896
2019-02-04,96.7654342651,123.9599990845,243.2899780273,15.7299995422
2019-02-05,97.2074279785,124.2799987793,244.3096618652,15.5699996948
2019-02-06,97.2555999756,123.4400024414,243.9876708984,15.3800001144
2019-02-07,97.8984527588,123.7399978638,241.6617736816,16.3700008392
2019-02-08,98.3162994385,124.2099990845,241.9570007324,15.7200002670
2019-02-11,97.9305801392,123.5999984741,242.0911254883,15.9700002670
2019-02-12,97.6815032959,123.8600006104,245.2042999268,15.4300003052
2019-02-13,97.3118667603,123.3700027466,246.0004730225,15.6499996185
2019-02-14,97.8662872314,124.0599975586,245.4548339844,16.2199993134
2019-02-15,98.0189971924,124.8000030518,248.1295776367,14.9099998474
2019-02-19,98.2681274414,126.6999969482,248.5589752197,14.8800001144
2019-02-20,97.9868698120,126.4800033569,249.0599060059,14.0200004578
2019-02-21,97.1109313965,125.0500030518,248.1742858887,14.4600000381
2019-02-22,97.6895294189,125.5000000000,249.7129211426,13.5100002289
2019-02-25,97.4002456665,125.3700027466,250.0529479980,14.8500003815
2019-02-26,97.8823776245,125.5800018311,249.8739929199,15.1700000763
2019-02-27,96.7734603882,124.6900024414,249.7666931152,14.6999998093
2019-02-28,96.4440155029,123.9899978638,249.3014221191,14.7799997330
2019-03-01,95.5525970459,121.8799972534,250.8581390381,13.5699996948
2019-03-04,96.3014755249,121.5599975586,249.9455413818,14.6300001144
2019-03-05,96.5028152466,121.7200012207,249.6055755615,14.7399997711
2019-03-06,96.8571243286,121.6100006104,248.0937652588,15.7399997711
2019-03-07,97.4852066040,121.5100021362,246.0184478760,16.5900001526
2019-03-08,97.8958663940,122.8399963379,245.5262908936,16.0499992371
2019-03-11,97.6059951782,122.2399978638,249.0867919922,14.3299999237
2019-03-12,98.2904434204,122.9800033569,250.0260925293,13.7700004578
2019-03-13,98.1052551270,123.8399963379,251.6810760498,13.4099998474
2019-03-14,97.3966369629,122.4100036621,251.5200653076,13.5000000000
2019-03-15,98.0408172607,122.9700012207,252.7626342773,12.8800001144
2019-03-18,97.9844665527,123.0400009155,253.6791534424,13.1000003815
2019-03-19,97.7670440674,123.3799972534,253.7420501709,13.5600004196
2019-03-20,98.7897491455,124.1800003052,252.9783477783,13.9099998474
2019-03-21,99.0071182251,123.6800003052,255.8356781006,13.6300001144
2019-03-22,100.5452117920,123.9700012207,250.9116973877,16.4799995422
2019-03-25,100.7062683105,124.9199981689,250.7230682373,16.3299999237
2019-03-26,100.6337585449,124.3000030518,252.5919799805,14.6800003052
2019-03-27,101.5598373413,123.6500015259,251.2712249756,15.1499996185
2019-03-28,101.9141464233,121.9000015259,252.2236328125,14.4300003052
2019-03-29,101.8175582886,122.0100021362,253.8139343262,13.7100000381
2019-04-01,100.3713378906,121.5299987793,256.8239746094,13.3999996185
2019-04-02,100.5569458008,121.9800033569,256.9497680664,13.3599996567
2019-04-03,99.6853485107,121.8000030518,257.3541564941,13.7399997711
2019-04-04,99.9677886963,122.1100006104,258.0369873047,13.5799999237
2019-04-05,100.0969161987,121.9800033569,259.2860107422,12.8199996948
2019-04-08,99.7418136597,122.5100021362,259.4835815430,13.1800003052
2019-04-09,100.0565948486,123.1500015259,258.1538696289,14.2799997330
2019-04-10,100.2986755371,123.5299987793,259.0343627930,13.3000001907
2019-04-11,99.7095642090,121.9499969482,258.9625549316,13.0200004578
2019-04-12,98.9993438721,121.8300018311,260.7145690918,12.0100002289
2019-04-15,99.2495040894,121.5999984741,260.5438842773,12.3199996948
2019-04-16,98.6280975342,120.5100021362,260.7145690918,12.1800003052
2019-04-17,98.6684646606,120.2799987793,260.0766296387,12.6000003815
2019-04-18,99.1849594116,120.3700027466,260.5887756348,12.0900001526
2019-04-22,98.7087936401,120.3700027466,260.8135070801,12.4200000763
2019-04-23,98.9186172485,120.1200027466,263.1585693359,12.2799997330
2019-04-24,99.7257232666,120.4700012207,262.5745544434,13.1400003433
2019-04-25,99.5804061890,120.5699996948,262.4127807617,13.2500000000
2019-04-26,99.9193572998,121.3700027466,263.6348266602,12.7299995422
2019-04-29,99.2818374634,120.8300018311,264.0481567383,13.1099996567
2019-04-30,99.7902069092,121.1999969482,264.1828308105,13.1199998856
2019-05-01,100.2019042969,120.4000015259,262.1971130371,14.8000001907
2019-05-02,99.7247543335,119.9400024414,261.6310424805,14.4200000763
2019-05-03,100.0077972412,120.6500015259,264.1918945312,12.8699998856
2019-05-06,100.2827911377,120.8099975586,263.1045837402,15.4399995804
2019-05-07,101.0510330200,121.2099990845,258.7109069824,19.3199996948
2019-05-08,100.6143112183,120.9100036621,258.3514404297,19.3999996185
2019-05-09,101.0267944336,121.1999969482,257.5697326660,19.1000003815
2019-05-10,100.8893203735,121.4300003052,258.8636474609,16.0400009155
2019-05-13,101.6818542480,122.6699981689,252.3583831787,20.5499992371
2019-05-14,101.3826370239,122.4599990845,254.6405944824,18.0599994659
2019-05-15,102.0053634644,122.3899993896,256.1321716309,16.4400005341
2019-05-16,101.6656875610,121.5100021362,258.5041809082,15.2899999619
2019-05-17,101.8921585083,120.6500015259,256.8329467773,15.9600000381
2019-05-20,101.6818542480,120.6399993896,255.1348266602,16.3099994659
2019-05-21,101.5201339722,120.3600006104,257.4349670410,14.9499998093
2019-05-22,102.1024169922,120.2399978638,256.6442871094,14.7500000000
2019-05-23,103.2508087158,121.1699981689,253.5084686279,16.9200000763
2019-05-24,103.3397750854,121.3000030518,254.0834960938,15.8500003815
2019-05-28,104.0838165283,120.8300018311,251.7204437256,17.5000000000
2019-05-29,104.3992156982,120.8700027466,250.0312042236,17.8999996185
2019-05-30,105.2969284058,121.6900024414,250.7140655518,17.2999992371
2019-05-31,106.6151199341,123.3300018311,247.3356018066,18.7099990845
2019-06-03,107.3282318115,125.1100006104,246.7066040039,18.8600006104
2019-06-04,106.1045532227,125.1500015259,252.0618743896,16.9699993134
2019-06-05,105.5049133301,125.4700012207,254.2453002930,16.0900001526
2019-06-06,105.8452529907,125.8799972534,255.8985290527,15.9300003052
2019-06-07,106.7610626221,126.5899963379,258.4593811035,16.2999992371
2019-06-10,105.7561187744,125.3300018311,259.6453247070,15.9399995804
2019-06-11,105.8209838867,125.1800003052,259.5824279785,15.9899997711
2019-06-12,105.9020004272,125.8300018311,259.1242370605,15.9099998474
2019-06-13,106.2666778564,126.5999984741,260.1934814453,15.8199996948
2019-06-14,106.5341110229,126.5599975586,259.9059143066,15.2799997330
2019-06-17,106.7205123901,126.4800033569,260.0048217773,15.3500003815
2019-06-18,107.2553710938,127.1200027466,262.7272338867,15.1499996185
2019-06-19,107.4093170166,127.8899993896,263.3202819824,14.3299999237
2019-06-20,107.6929397583,131.1100006104,265.8361816406,14.7500000000
2019-06-21,106.5097808838,131.9799957275,265.4497070312,15.3999996185
2019-06-24,107.3039703369,133.9400024414,265.1247253418,15.2600002289
2019-06-25,107.6362075806,134.1999969482,262.5244445801,16.2800006866
2019-06-26,106.9474029541,132.9700012207,262.2624816895,16.2099990845
2019-06-27,107.7010726929,132.8399963379,263.1924438477,15.8199996948
2019-06-28,107.6281051636,133.1999969482,264.5468139648,15.0799999237
2019-07-01,107.3764190674,130.6199951172,266.9484863281,14.0600004196
2019-07-02,108.2046432495,133.4100036621,267.6437377930,12.9300003052
2019-07-03,108.9760131836,133.6300048828,269.7835998535,12.5699996948
2019-07-05,107.5307006836,132.1399993896,269.4765930176,13.2799997330
2019-07-08,107.6768341064,131.2899932861,267.9959106445,13.9600000381
2019-07-09,107.6362304688,131.7500000000,268.3299560547,14.0900001526
2019-07-10,107.0434951782,133.8300018311,269.6120605469,13.0299997330
2019-07-11,105.6143951416,132.6999969482,270.2439880371,12.9300003052
2019-07-12,105.7362136841,133.5299987793,271.4539489746,12.3900003433
2019-07-15,106.3452224731,133.5299987793,271.5443115234,12.6800003052
2019-07-16,106.0285415649,132.3999938965,270.6684570312,12.8599996567
2019-07-17,107.1734313965,134.5800018311,268.8265075684,13.9700002670
2019-07-18,107.1815338135,136.4799957275,269.8106994629,13.5299997330
2019-07-19,106.9298171997,134.4700012207,268.3117980957,14.4499998093
2019-07-22,107.1328125000,134.4499969482,268.9710388184,13.5299997330
2019-07-23,106.5481719971,133.6900024414,270.8941650391,12.6099996567
2019-07-24,107.0110244751,134.3699951172,272.1671752930,12.0699996948
2019-07-25,106.4994506836,133.4199981689,270.8671264648,12.7399997711
2019-07-26,106.7511444092,133.6399993896,272.6818847656,12.1599998474
2019-07-29,106.7836456299,134.5299987793,272.1852416992,12.8299999237
2019-07-30,107.0434951782,134.9799957275,271.5171508789,13.9399995804
2019-07-31,107.9041824341,133.2100067139,268.5466613770,16.1200008392
2019-08-01,110.0472030640,136.4100036621,266.2081298828,17.8700008392
2019-08-02,111.0641708374,135.8899993896,264.2037353516,17.6100006104
2019-08-05,112.9842910767,137.7899932861,256.2583007812,24.5900001526
2019-08-06,113.8873825073,138.9100036621,259.8518676758,20.1700000763
2019-08-07,113.9280700684,141.0200042725,260.0053710938,19.4899997711
2019-08-08,114.1721572876,141.7299957275,265.1066894531,16.9099998474
2019-08-09,113.9443283081,141.2599945068,263.3008117676,17.9699993134
2019-08-12,116.3200378418,142.6300048828,260.0956115723,21.0900001526
2019-08-13,115.9213714600,141.7799987793,264.1405639648,17.5200004578
2019-08-14,118.5330200195,142.7500000000,256.3305664062,22.1000003815
2019-08-15,119.8510894775,143.6999969482,257.0077209473,21.1800003052
2019-08-16,118.8910217285,142.7799987793,260.7998352051,18.4699993134
2019-08-19,117.1905441284,141.1100006104,263.9419250488,16.8799991608
2019-08-20,118.4028625488,142.2100067139,261.9194030762,17.5000000000
2019-08-21,117.6136322021,141.7599945068,264.0502319336,15.8000001907
2019-08-22,116.8325881958,141.3999938965,263.9689636230,16.6800003052
2019-08-23,118.7527084351,144.1699981689,257.1882324219,19.8700008392
2019-08-26,118.2726516724,144.1900024414,260.0324096680,19.3199996948
2019-08-27,120.0951538086,145.5700073242,259.0121154785,20.3099994659
2019-08-28,120.2497253418,145.1600036621,260.8359680176,19.3500003815
2019-08-29,119.7941207886,144.1199951172,264.1676330566,17.8799991608
2019-08-30,119.8266601562,143.7500000000,264.0502319336,18.9799995422
2019-09-03,119.9815368652,145.7500000000,262.5061950684,19.6599998474
2019-09-04,120.1608047485,146.6600036621,265.4858398438,17.3299999237
2019-09-05,117.9847183228,143.1399993896,268.8987731934,16.2700004578
2019-09-06,118.8241348267,141.9199981689,269.1064453125,15.0000000000
2019-09-09,116.7132263184,141.3899993896,269.2418823242,15.2700004578
2019-09-10,114.6675033569,140.1799926758,269.1786804199,15.1999998093
2019-09-11,114.4637374878,141.0299987793,271.0928039551,14.6099996567
2019-09-12,113.7139129639,141.3200073242,272.0317993164,14.2200002670
2019-09-13,111.2850341797,140.1499938965,271.8511962891,13.7399997711
2019-09-16,112.7032775879,141.3200073242,271.0114746094,14.6700000763
2019-09-17,113.3145065308,141.6000061035,271.6976928711,14.4399995804
2019-09-18,113.7953720093,140.7100067139,271.8602905273,13.9499998093
2019-09-19,114.1376571655,141.2799987793,271.8421325684,14.0500001907
2019-09-20,115.6454925537,142.9499969482,270.5578308105,15.3199996948
2019-09-23,115.6210403442,143.7500000000,270.4942321777,14.9099998474
2019-09-24,117.0147552490,144.5099945068,268.3718261719,17.0499992371
2019-09-25,115.3031768799,141.8300018311,269.9591369629,15.9600000381
2019-09-26,116.0448989868,141.7899932861,269.3967285156,16.0699996948
2019-09-27,116.3301849365,141.0599975586,267.9454345703,17.2199993134
2019-09-30,116.6153869629,138.8699951172,269.1880493164,16.2399997711
2019-10-01,116.9664993286,139.6300048828,265.9862060547,18.5599994659
2019-10-02,117.2521820068,141.2599945068,261.2875671387,20.5599994659
2019-10-03,118.3217697144,141.8999938965,263.4283752441,19.1200008392
2019-10-04,119.1954498291,141.8999938965,266.9930419922,17.0400009155
2019-10-07,118.2075271606,140.6900024414,265.8411254883,17.8600006104
2019-10-08,118.5259094238,141.9199981689,261.7139892578,20.2800006866
2019-10-09,117.8564605713,142.0500030518,264.1992492676,18.6399993896
2019-10-10,116.1010513306,140.8099975586,265.9862060547,17.5699996948
2019-10-11,114.6640777588,140.0299987793,268.7437133789,15.5799999237
2019-10-14,115.4968566895,140.5899963379,268.4443969727,14.5699996948
2019-10-15,114.1007003784,139.6100006104,271.1019592285,13.5399999619
2019-10-16,114.2395095825,140.4100036621,270.6665649414,13.6800003052
2019-10-17,113.9618835449,140.6100006104,271.4647521973,13.7899999619
2019-10-18,113.9618835449,140.4600067139,270.2766418457,14.2500000000
2019-10-21,113.1045761108,139.7899932861,272.1089477539,14.0000000000
2019-10-22,113.7659454346,140.1999969482,271.2199707031,14.4600000381
2019-10-23,113.8802413940,140.5299987793,272.0091552734,14.0100002289
2019-10-24,113.6516571045,141.5299987793,272.4536132812,13.7100000381
2019-10-25,113.0964508057,141.8600006104,273.5692138672,12.6499996185
2019-10-28,112.0677185059,140.6399993896,275.1112365723,13.1099996567
2019-10-29,112.1412124634,140.2500000000,275.0295410156,13.1999998093
2019-10-30,113.7823104858,141.0200042725,275.8732299805,12.3299999237
2019-10-31,115.3172988892,142.4299926758,275.1383361816,13.2200002670
2019-11-01,114.9622268677,142.5599975586,277.6873168945,12.3000001907
2019-11-04,113.4491882324,142.1499938965,278.8029174805,12.8299999237
2019-11-05,112.1732482910,139.8500061035,278.4945373535,13.1000003815
2019-11-06,112.8521118164,140.4499969482,278.5580444336,12.6199998856
2019-11-07,110.8073806763,138.2700042725,279.5376281738,12.7299995422
2019-11-08,110.3412094116,137.3899993896,280.2269897461,12.0699996948
2019-11-11,110.4148254395,137.0599975586,279.6918334961,12.6899995804
2019-11-12,110.9219360352,137.4299926758,280.2815246582,12.6800003052
2019-11-13,111.6416397095,137.9799957275,280.3721923828,13.0000000000
2019-11-14,112.7948837280,138.5599975586,280.7803649902,13.0500001907
2019-11-15,112.6721878052,138.2100067139,282.8121643066,12.0500001907
2019-11-18,112.8766555786,138.6199951172,283.0208129883,12.4600000381
2019-11-19,113.8172149658,138.6900024414,282.9391479492,12.8599996567
2019-11-20,114.9950027466,138.7599945068,281.8869323730,12.7799997330
2019-11-21,114.2752532959,138.0000000000,281.4334716797,13.1300001144
2019-11-22,114.4224700928,137.7400054932,282.0593261719,12.3400001526
2019-11-25,114.7578277588,137.0800018311,284.2453002930,11.8699998856
2019-11-26,115.4285278320,137.7400054932,284.8892822266,11.5399999619
2019-11-27,115.0931091309,137.0099945068,286.1592407227,11.7500000000
2019-11-29,114.8477859497,137.8600006104,285.0979614258,12.6199998856
2019-12-02,113.3164672852,137.7899932861,282.6761779785,14.9099998474
2019-12-03,115.6924285889,139.1100006104,280.7803649902,15.9600000381
2019-12-04,114.5372848511,138.9199981689,282.5127258301,14.8000001907
2019-12-05,113.9801406860,139.0000000000,283.0208129883,14.5200004578
2019-12-06,113.3493041992,137.6199951172,285.6059570312,13.6199998856
2019-12-09,113.5950927734,137.5800018311,284.7078857422,15.8599996567
2019-12-10,113.6032409668,137.9700012207,284.3903808594,15.6800003052
2019-12-11,114.4963073730,138.9199981689,285.1977233887,14.9899997711
2019-12-12,112.6119079590,138.4299926758,287.6559143066,13.9399995804
2019-12-13,113.9145660400,139.0500030518,287.8282775879,12.6300001144
2019-12-16,112.8904495239,139.0399932861,289.8056945801,12.1400003433
2019-12-17,112.7347793579,139.0099945068,289.8691101074,12.2899999619
2019-12-18,111.8090133667,139.0200042725,289.8872680664,12.5799999237
2019-12-19,111.9878845215,139.3800048828,291.0755004883,12.5000000000
2019-12-20,112.1356353760,139.5200042725,292.3515930176,12.5100002289
2019-12-23,111.9714508057,139.9499969482,292.7981872559,12.6099996567
2019-12-24,112.2915267944,141.2700042725,292.8073425293,12.6700000763
2019-12-26,112.5623321533,142.3800048828,294.3659973145,12.6499996185
2019-12-27,112.6854248047,142.3300018311,294.2932128906,13.4300003052
2019-12-30,112.2750854492,142.6300048828,292.6706542969,14.8199996948
2019-12-31,111.1755065918,142.8999938965,293.3815612793,13.7799997330
2020-01-02,112.4310455322,143.9499969482,296.1253051758,12.4700002670
2020-01-03,114.1624984741,145.8600006104,293.8829650879,14.0200004578
2020-01-06,113.5142059326,147.3899993896,295.0041503906,13.8500003815
2020-01-07,112.9562377930,147.9700012207,294.1746826172,13.7899999619
2020-01-08,112.2094497681,146.8600006104,295.7424926758,13.4499998093
2020-01-09,112.6033782959,146.0299987793,297.7477722168,12.5399999619
2020-01-10,113.6044311523,146.9100036621,296.8909912109,12.5600004196
2020-01-13,113.2598266602,145.8200073242,298.9327392578,12.3199996948
2020-01-14,113.8424682617,145.6900024414,298.4769897461,12.3900003433
2020-01-15,114.5974502563,146.5399932861,299.1515197754,12.4200000763
2020-01-16,114.2363357544,146.3099975586,301.6398925781,12.3199996948
2020-01-17,113.2598266602,146.5800018311,302.5787658691,12.1000003815
2020-01-21,114.4497070312,146.7400054932,301.9863281250,12.8500003815
2020-01-22,114.8518066406,146.7899932861,302.0227661133,12.9099998474
2020-01-23,115.6560211182,147.1199951172,302.3692016602,12.9799995422
2020-01-24,116.5914764404,147.9799957275,299.6802368164,14.5600004196
2020-01-27,118.4049758911,148.9900054932,294.8765869141,18.2299995422
2020-01-28,117.4777603149,147.6600036621,297.9665527344,16.2800006866
2020-01-29,118.6265792847,148.4600067139,297.7205200195,16.3899993896
2020-01-30,118.6429824829,148.4700012207,298.6867065430,15.4899997711
2020-01-31,119.7262039185,149.3300018311,293.2631225586,18.8400001526
2020-02-03,119.6292037964,148.3600006104,295.4416503906,17.9699993134
2020-02-04,118.0180969238,146.4299926758,299.9444885254,16.0499992371
2020-02-05,116.7276687622,146.6100006104,303.4082641602,15.1499996185
2020-02-06,117.2537307739,147.3999938965,304.4292907715,14.9600000381
2020-02-07,118.7168121338,147.7899932861,302.8066711426,15.4700002670
2020-02-10,119.0456619263,148.1699981689,305.0672607422,15.0399999619
2020-02-11,118.4456024170,147.6600036621,305.5959167480,15.1800003052
2020-02-12,117.8455734253,147.5399932861,307.5649414062,13.7399997711
2020-02-13,118.2976226807,148.3800048828,307.2366943359,14.1499996185
2020-02-14,118.8154602051,149.0000000000,307.7289428711,13.6800003052
2020-02-18,119.6292037964,150.9100036621,306.9358520508,14.8299999237
2020-02-19,119.6210098267,151.7899932861,308.4034729004,14.3800001144
2020-02-20,120.5580444336,152.4100036621,307.1363830566,15.5600004196
2020-02-21,121.6841354370,154.6999969482,303.9734802246,17.0799999237
2020-02-24,123.5006484985,156.0899963379,293.8921508789,25.0300006866
2020-02-25,124.1582641602,153.3000030518,284.9865722656,27.8500003815
2020-02-26,123.5006484985,153.9700012207,283.9383239746,27.5599994659
2020-02-27,124.8404846191,154.0000000000,271.1861267090,39.1599998474
2020-02-28,127.6598358154,148.3800048828,270.0467224121,40.1100006104
2020-03-02,126.7205505371,149.1999969482,281.7415161133,33.4199981689
2020-03-03,128.6879730225,153.8899993896,273.6745910645,36.8199996948
2020-03-04,127.3214645386,154.1600036621,285.1779174805,31.9899997711
2020-03-05,130.4907379150,157.4900054932,275.6981811523,39.6199989319
2020-03-06,137.2820739746,157.5500030518,271.1405334473,41.9399986267
2020-03-09,141.0027465820,157.8099975586,249.9659729004,54.4599990845
2020-03-10,133.7752685547,154.4799957275,262.9004211426,47.2999992371
2020-03-11,128.8526458740,153.9299926758,250.0844573975,53.9000015259
2020-03-12,129.6511230469,147.7899932861,226.1570434570,75.4700012207
2020-03-13,126.7205505371,143.2799987793,245.4903869629,57.8300018311
2020-03-16,134.9277496338,141.6399993896,218.6278991699,82.6900024414
2020-03-17,125.9302902222,143.5599975586,230.4321136475,75.9100036621
2020-03-18,118.8263244629,140.6999969482,218.7646026611,76.4499969482
2020-03-19,122.0613937378,138.0399932861,219.2295532227,72.0000000000
2020-03-20,131.2398681641,140.1100006104,209.7820129395,66.0400009155
2020-03-23,136.6482238770,146.3000030518,204.4182586670,61.5900001526
2020-03-24,134.1045227051,153.3999938965,222.9391784668,61.6699981689
2020-03-25,133.7999267578,151.3000030518,226.2766571045,63.9500007629
2020-03-26,134.4584960938,153.2400054932,239.4888763428,61.0000000000
2020-03-27,138.0475769043,152.2500000000,232.3555603027,65.5400009155
2020-03-30,136.9115600586,152.9199981689,239.9014434814,57.0800018311
2020-03-31,135.8002929688,148.0500030518,236.3256378174,53.5400009155
2020-04-01,137.7029113770,149.4499969482,225.6898498535,57.0600013733
2020-04-02,138.5767364502,151.8999938965,230.8977355957,50.9099998474
2020-04-03,138.9064788818,152.6499938965,227.5603179932,46.7999992371
2020-04-06,138.5437774658,156.8800048828,242.8446350098,45.2400016785
2020-04-07,137.0928955078,156.0399932861,243.0922241211,46.7000007629
2020-04-08,136.0954132080,154.6499938965,251.2524108887,43.3499984741
2020-04-09,136.3426818848,158.6900024414,255.0758666992,41.6699981689
2020-04-13,135.0979003906,161.4100036621,252.7470092773,41.1699981689
2020-04-14,135.0648803711,162.6799926758,260.2011413574,37.7599983215
2020-04-15,138.6427001953,161.8500061035,254.6723937988,40.8400001526
2020-04-16,140.2172546387,161.7100067139,255.9009246826,40.1100006104
2020-04-17,138.3376770020,158.5700073242,262.8143310547,38.1500015259
2020-04-20,139.4505920410,159.6999969482,258.1840515137,43.8300018311
2020-04-21,141.2064819336,158.6100006104,250.3447570801,45.4099998474
2020-04-22,139.7638092041,161.7299957275,255.9009246826,41.9799995422
2020-04-23,140.5057830811,163.3399963379,255.8826599121,41.3800010681
2020-04-24,140.8355865479,162.6399993896,259.4493713379,35.9300003052
2020-04-27,138.2139434814,161.5599975586,263.1901855469,33.2900009155
2020-04-28,139.8050384521,160.8399963379,261.9800109863,33.5699996948
2020-04-29,139.0796051025,161.7299957275,268.8381652832,31.2299995422
2020-04-30,137.4557189941,158.8000030518,266.3351135254,34.1500015259
2020-05-01,138.6326446533,159.7799987793,259.2843017578,37.1899986267
2020-05-04,137.9806518555,160.3399963379,259.9995422363,35.9700012207
2020-05-05,137.0973358154,161.0200042725,262.4016723633,33.6100006104
2020-05-06,134.8851928711,158.9499969482,260.6228942871,34.1199989319
2020-05-07,137.1387329102,161.3899993896,263.7678222656,31.4400005341
2020-05-08,135.3557434082,160.4199981689,268.1321411133,27.9799995422
2020-05-11,134.2991027832,159.4199981689,268.1872253418,27.5699996948
2020-05-12,135.6776275635,160.0399932861,262.8418884277,33.0400009155
2020-05-13,136.6267700195,161.5800018311,258.1932678223,35.2799987793
2020-05-14,137.9640808105,163.0099945068,261.2831726074,32.6100006104
2020-05-15,137.6091613770,163.9299926758,262.4842529297,31.8899993896
2020-05-18,134.5880126953,162.6900024414,270.4794311523,29.2999992371
2020-05-19,135.0915222168,164.2599945068,267.7013244629,30.5300006866
2020-05-20,135.4959716797,164.6499938965,272.2489013672,27.9899997711
2020-05-21,135.8344726562,162.2500000000,270.3694152832,29.5300006866
2020-05-22,136.6516265869,163.2100067139,270.8828125000,28.1599998474
2020-05-26,134.8191223145,160.8899993896,274.2203369141,28.0100002289
2020-05-27,134.5715332031,161.1799926758,278.3004455566,27.6200008392
2020-05-28,134.0762481689,161.7200012207,277.7869873047,28.5900001526
2020-05-29,135.0337982178,162.9100036621,279.0246887207,27.5100002289
2020-06-01,134.1246185303,163.6600036621,280.1525268555,28.2299995422
2020-06-02,133.6370086670,162.6000061035,282.4721679688,26.8400001526
2020-06-03,131.8599853516,159.6000061035,286.2313842773,25.6599998474
2020-06-04,129.9508056641,161.2799987793,285.4795227051,25.8099994659
2020-06-05,129.0250701904,158.0099945068,292.7962951660,24.5200004578
2020-06-08,129.5210113525,159.7200012207,296.3354187012,25.8099994659
2020-06-09,130.9922027588,161.2599945068,294.1257934570,27.5699996948
2020-06-10,132.9344177246,163.5700073242,292.4845275879,27.5699996948
2020-06-11,135.4469757080,162.3899993896,275.6230773926,40.7900009155
2020-06-12,134.1411590576,162.6199951172,278.9239196777,36.0900001526
2020-06-15,134.2154693604,162.3300018311,281.5277404785,34.4000015259
2020-06-16,132.1575317383,162.2500000000,286.9465637207,33.6699981689
2020-06-17,132.7030181885,162.5599975586,285.7546081543,33.4700012207
2020-06-18,134.1080474854,162.2400054932,285.8646850586,32.9399986267
2020-06-19,134.2154693604,164.0299987793,284.2309570312,35.1199989319
2020-06-22,134.2321014404,165.0899963379,286.0542907715,31.7700004578
2020-06-23,133.3146514893,166.4799957275,287.3712463379,31.3700008392
2020-06-24,134.7444915771,165.8999938965,280.0408020020,33.8400001526
2020-06-25,135.1329193115,165.8000030518,283.0429382324,32.2200012207
2020-06-26,136.5794067383,166.5399932861,276.3202819824,34.7299995422
2020-06-29,136.1495666504,166.6300048828,280.3814697266,31.7800006866
2020-06-30,135.4883117676,167.3699951172,283.9730834961,30.4300003052
2020-07-01,135.2251739502,166.6199951172,285.9622802734,28.6200008392
2020-07-02,135.3659057617,166.9799957275,287.5370483398,27.6800003052
2020-07-06,134.8114929199,167.9799957275,291.9758605957,27.9400005341
2020-07-07,136.7064208984,169.0399932861,288.9644470215,29.4300003052
2020-07-08,136.1602478027,170.0899963379,291.1745605469,28.0799999237
2020-07-09,138.3282470703,169.6300048828,289.5169982910,29.2600002289
2020-07-10,137.6331329346,169.1900024414,292.4732055664,27.2900009155
2020-07-13,138.0882568359,169.3999938965,289.9406127930,32.1899986267
2020-07-14,138.2869415283,170.1900024414,293.6979370117,29.5200004578
2020-07-15,137.6414794922,170.3399963379,296.3961791992,27.7600002289
2020-07-16,138.2951660156,168.7299957275,295.4200744629,28.0000000000
2020-07-17,138.0054779053,170.1199951172,296.2765808105,25.6800003052
2020-07-20,138.3448028564,170.9400024414,298.6708984375,24.4599990845
2020-07-21,138.4274902344,173.0000000000,299.3063354492,24.8400001526
2020-07-22,138.8412017822,175.6300048828,301.0100402832,24.3199996948
2020-07-23,140.4630584717,177.1799926758,297.4184875488,26.0799999237
2020-07-24,140.4549407959,178.6999969482,295.5029296875,25.8400001526
2020-07-27,139.9335479736,182.2299957275,297.6578979492,24.7399997711
2020-07-28,140.9017028809,183.7500000000,295.7699890137,25.4400005341
2020-07-29,140.6616363525,185.1300048828,299.4076538086,24.1000003815
2020-07-30,141.5885314941,183.7599945068,298.3392944336,24.7600002289
2020-07-31,141.4974365234,185.4299926758,300.6967773438,24.4599990845
2020-08-03,140.7850036621,185.6399993896,302.7873535156,24.2800006866
2020-08-04,142.1269836426,189.5899963379,303.9569396973,23.7600002289
2020-08-05,140.8844299316,191.3500061035,305.8447570801,22.9899997711
2020-08-06,141.6714630127,193.8899993896,307.8891906738,22.6499996185
2020-08-07,140.7270050049,190.8099975586,308.1101684570,22.2099990845
2020-08-10,140.0975036621,190.1499938965,309.0311584473,22.1299991608
2020-08-11,138.4324493408,179.9400024414,306.4801940918,24.0300006866
2020-08-12,137.1731872559,179.1000061035,310.7532043457,22.2800006866
2020-08-13,135.7069702148,183.3300018311,310.1914672852,22.1299991608
2020-08-14,135.1768035889,182.5399932861,310.2007141113,22.0499992371
2020-08-17,135.5164947510,186.5000000000,311.1860046387,21.3500003815
2020-08-18,136.4856719971,188.1799926758,311.8583068848,21.5100002289
2020-08-19,135.6324310303,182.2400054932,310.5598144531,22.5400009155
2020-08-20,136.8584747314,183.5000000000,311.5267944336,22.7199993134
2020-08-21,137.6785278320,182.0299987793,312.6319274902,22.5400009155
2020-08-24,137.4549102783,181.0000000000,315.7998962402,22.3700008392
2020-08-25,136.4028778076,181.2200012207,316.9049987793,22.0300006866
2020-08-26,135.8809509277,183.3600006104,320.0821533203,23.2700004578
2020-08-27,133.5696716309,181.2400054932,320.7820129395,24.4699993134
2020-08-28,133.4702453613,184.3899993896,322.8541259766,22.9599990845
2020-08-31,134.3565979004,184.8300018311,321.6845703125,26.4099998474
2020-09-01,135.8934478760,185.0500030518,324.7143554688,26.1200008392
2020-09-02,137.1871795654,182.6199951172,329.4109802246,26.5699996948
2020-09-03,137.5770416260,181.1399993896,318.0744323730,33.5999984741
2020-09-04,134.9646301270,181.6399993896,315.4775390625,30.7500000000
2020-09-08,135.7939453125,181.2899932861,306.8577880859,31.4599990845
2020-09-09,135.4290008545,183.0500030518,312.9174194336,28.8099994659
2020-09-10,136.1173248291,182.4600067139,307.4839477539,29.7099990845
2020-09-11,136.4076538086,182.4499969482,307.6405334473,26.8700008392
2020-09-14,136.3993225098,183.8899993896,311.6925354004,25.8500003815
2020-09-15,136.0676269531,183.4499969482,313.2673645020,25.5900001526
2020-09-16,135.6612243652,183.9700012207,312.0240783691,26.0400009155
2020-09-17,136.0758361816,182.9600067139,309.2798156738,26.4599990845
2020-09-18,135.6529541016,183.1999969482,305.7192077637,25.8299999237
2020-09-21,136.3412170410,179.5200042725,302.3165893555,27.7800006866
2020-09-22,136.2334747314,178.6499938965,305.3955078125,26.8600006104
2020-09-23,136.4159240723,174.7899932861,298.3131103516,28.5799999237
2020-09-24,136.9383544922,175.4400024414,299.1082763672,28.5100002289
2020-09-25,136.9383544922,174.9400024414,303.9439697266,26.3799991608
2020-09-28,136.5486602783,176.6999969482,308.9922485352,26.1900005341
2020-09-29,136.7061767578,178.1900024414,307.3094787598,26.2700004578
2020-09-30,135.3958587646,177.1199951172,309.6395263672,26.3700008392
2020-10-01,135.6191864014,178.6999969482,311.6274108887,26.7000007629
2020-10-02,135.1127777100,178.5399932861,308.6686706543,27.6299991608
2020-10-05,132.4728088379,179.4100036621,314.1423034668,27.9599990845
2020-10-06,133.1867218018,177.3000030518,309.6763916016,29.4799995422
2020-10-07,132.2154235840,177.2200012207,315.0668640137,28.0599994659
2020-10-08,132.9293975830,177.8500061035,317.8591918945,26.3600006104
2020-10-09,132.9044342041,181.0800018311,320.6976928711,25.0000000000
2020-10-12,133.3278503418,180.5599975586,325.8569335938,25.0699996948
2020-10-13,134.2825469971,177.7200012207,323.7304382324,26.0699996948
2020-10-14,134.5897827148,178.2700042725,321.6962280273,26.3999996185
2020-10-15,134.3572540283,178.9199981689,321.2987060547,26.9699993134
2020-10-16,133.9837188721,178.3000030518,321.1044921875,27.4099998474
2020-10-19,133.4772186279,178.3899993896,316.2225646973,29.1800003052
2020-10-20,132.2070770264,179.2500000000,317.4893493652,29.3500003815
2020-10-21,131.7504425049,180.6000061035,316.8883056641,28.6499996185
2020-10-22,130.3807067871,178.8300018311,318.6265563965,28.1100006104
2020-10-23,131.1776428223,178.6399993896,319.7084045410,27.5499992371
2020-10-26,132.3980407715,178.5500030518,313.8001708984,32.4599990845
2020-10-27,133.2863159180,179.0200042725,312.7184143066,33.3499984741
2020-10-28,133.4107971191,176.1300048828,302.0300292969,40.2799987793
2020-10-29,132.1158142090,175.3999938965,305.0997009277,37.5900001526
2020-10-30,130.8123779297,176.1999969482,301.9190368652,38.0200004578
2020-11-02,131.7922058105,177.9100036621,305.3031311035,37.1300010681
2020-11-03,131.0276489258,178.9199981689,310.6934814453,35.5499992371
2020-11-04,133.8700103760,178.8200073242,317.6372985840,29.5699996948
2020-11-05,134.1026153564,182.9299926758,323.8320617676,27.5799999237
2020-11-06,132.4820556641,183.1900024414,323.7580566406,24.8600006104
2020-11-09,129.6979064941,175.0800018311,327.8263854980,25.7500000000
2020-11-10,128.9499664307,175.6600036621,327.3455505371,24.7999992371
2020-11-11,129.4153442383,174.8999938965,329.7773132324,23.4500007629
2020-11-12,131.6177215576,175.9600067139,326.5781860352,25.3500003815
2020-11-13,131.4431610107,177.1600036621,331.0994873047,23.1000003815
2020-11-16,131.1273651123,177.1499938965,335.2324523926,22.4500007629
2020-11-17,131.9833221436,176.5000000000,333.4294128418,22.7099990845
2020-11-18,132.3656616211,175.4900054932,329.4167175293,23.8400001526
2020-11-19,133.0471343994,175.1600036621,330.8035888672,23.1100006104
2020-11-20,134.2272644043,175.6900024414,328.5382995605,23.7000007629
2020-11-23,133.6122283936,172.2299957275,330.5076599121,22.6599998474
2020-11-24,132.2825469971,169.5899963379,335.8334045410,21.6399993896
2020-11-25,131.8753051758,169.5099945068,335.3156127930,21.2500000000
2020-11-27,133.1551666260,167.7899932861,336.2494506836,20.8400001526
2020-11-30,132.9889984131,166.6699981689,334.7608947754,20.5699996948
2020-12-01,131.0280761719,170.1799926758,338.4223022461,20.7700004578
2020-12-02,129.9881896973,171.4600067139,339.1341857910,21.1700000763
2020-12-03,131.0364379883,172.8099975586,339.0418395996,21.2800006866
2020-12-04,129.1146850586,172.3200073242,341.9635925293,20.7900009155
2020-12-07,130.2794647217,174.8899993896,341.2608337402,21.2999992371
2020-12-08,130.8950653076,175.5000000000,342.2594604492,20.6800003052
2020-12-09,130.4624176025,172.5000000000,339.1896667480,22.2700004578
2020-12-10,131.6188201904,172.1699981689,339.0786743164,22.5200004578
2020-12-11,132.0846405029,172.4900054932,338.6811828613,23.3099994659
2020-12-14,131.7185821533,171.5399932861,337.1647644043,24.7199993134
2020-12-15,131.2777404785,173.9400024414,341.7231140137,22.8899993896
2020-12-16,130.9283599854,174.8999938965,342.2594604492,22.5000000000
2020-12-17,130.5818786621,176.7400054932,344.1733398438,21.9300003052
2020-12-18,130.1904449463,176.4400024414,342.7990417480,21.5699996948
2020-12-21,130.7068023682,175.8800048828,341.5733032227,25.1599998474
2020-12-22,131.3813629150,174.4900054932,340.9976806641,24.2299995422
2020-12-23,130.4736022949,175.6499938965,341.3041076660,23.3099994659
2020-12-24,130.9899444580,176.3500061035,342.6319274902,21.5300006866
2020-12-28,131.0482330322,175.7100067139,345.5754089355,21.7000007629
2020-12-29,130.8816986084,176.3500061035,344.9161376953,23.0799999237
2020-12-30,131.1648712158,177.6999969482,345.4082946777,22.7700004578
2020-12-31,131.3563537598,178.3600006104,347.1631774902,22.7500000000
2021-01-04,131.1981658936,182.3300018311,342.4369506836,26.9699993134
2021-01-05,130.2237243652,182.8699951172,344.7954101562,25.3400001526
2021-01-06,127.5504531860,179.8999938965,346.8568115234,25.0699996948
2021-01-07,126.4262161255,179.4799957275,352.0102233887,22.3700008392
2021-01-08,126.0182037354,173.3399963379,354.0158386230,21.5599994659
2021-01-11,125.8099822998,173.0000000000,351.6295166016,24.0799999237
2021-01-12,125.7100219727,174.1199951172,351.7037963867,23.3299999237
2021-01-13,127.1257324219,173.3699951172,352.6509399414,22.2099990845
2021-01-14,125.9348983765,173.2799987793,351.4158935547,23.2500000000
2021-01-15,126.4345550537,171.1300048828,348.8531799316,24.3400001526
2021-01-19,126.8426208496,172.5800018311,351.5923156738,23.2399997711
2021-01-20,126.9676055908,175.3899993896,356.4579162598,21.5799999237
2021-01-21,126.0764617920,175.2799987793,356.7829589844,21.3199996948
2021-01-22,126.4845962524,173.8999938965,355.5200195312,21.9099998474
2021-01-25,127.9752197266,174.0500030518,356.9221801758,23.1900005341
2021-01-26,127.7336959839,173.6199951172,356.3650512695,23.0200004578
2021-01-27,128.0584564209,172.5200042725,347.6553039551,37.2099990845
2021-01-28,127.3506088257,172.6799926758,350.6452636719,30.2099990845
2021-01-29,126.5844345093,172.6100006104,343.6253967285,33.0900001526
2021-02-01,126.7312011719,174.2299957275,349.3453063965,30.2399997711
2021-02-02,125.9140853882,172.1100006104,354.2850952148,25.5599994659
2021-02-03,124.7968368530,171.8500061035,354.5636901855,22.9099998474
2021-02-04,124.4633636475,168.1499938965,358.5935058594,21.7700004578
2021-02-05,123.4211502075,169.8099975586,360.0048828125,20.8700008392
2021-02-08,123.9631195068,171.5200042725,362.6048278809,21.2399997711
2021-02-09,124.0548019409,172.0800018311,362.3634643555,21.6299991608
2021-02-10,124.8802795410,172.7100067139,362.2055358887,21.9899997711
2021-02-11,124.1966018677,171.2100067139,362.7905273438,21.2500000000
2021-02-12,122.6540985107,170.6900024414,364.5827026367,19.9699993134
2021-02-16,120.7865066528,168.2400054932,364.2669067383,21.4599990845
2021-02-17,121.5536270142,166.3300018311,364.3505554199,21.5000000000
2021-02-18,121.0616378784,166.3200073242,362.7998962402,22.4899997711
2021-02-19,119.4525146484,167.0099945068,362.1591491699,22.0499992371
2021-02-22,118.5436477661,169.5099945068,359.3735656738,23.4500007629
2021-02-23,118.2018966675,169.1199951172,359.8099060059,23.1100006104
2021-02-24,117.4265060425,169.0000000000,363.7747802734,21.3400001526
2021-02-25,115.5087890625,165.8200073242,355.0093688965,28.8899993896
2021-02-26,119.3274993896,161.8099975586,353.1802368164,27.9500007629
2021-03-01,117.7513732910,161.5299987793,361.7413330078,23.3500003815
2021-03-02,117.7597503662,162.4100036621,358.9185791016,24.1000003815
2021-03-03,116.4825363159,160.6199951172,354.1644592285,26.6700000763
2021-03-04,115.7312469482,159.0399932861,349.7817077637,28.5699996948
2021-03-05,115.9566955566,159.1399993896,356.2164916992,24.6599998474
2021-03-08,115.0551147461,157.4900054932,354.4429626465,25.4699993134
2021-03-09,116.6495208740,160.8399963379,359.5036010742,24.0300006866
2021-03-10,116.8832473755,161.6600036621,361.7413330078,22.5599994659
2021-03-11,116.0401382446,161.5200042725,365.4090270996,21.9099998474
2021-03-12,113.5775833130,161.4900054932,365.9011535645,20.6900005341
2021-03-15,114.2454528809,162.1999969482,368.0832214355,20.0300006866
2021-03-16,113.7862701416,162.3500061035,367.6189880371,19.7900009155
2021-03-17,112.9347991943,163.5099945068,368.8725891113,19.2299995422
2021-03-18,111.7912063599,162.5599975586,363.5056457520,21.5799999237
2021-03-19,112.4840469360,163.2400054932,362.8329467773,20.9500007629
2021-03-22,113.7445373535,163.0000000000,365.7301635742,18.8799991608
2021-03-23,114.7713317871,161.8099975586,362.8515930176,20.2999992371
2021-03-24,115.3890380859,162.3699951172,361.0070495605,21.2000007629
2021-03-25,114.4791336060,161.7799987793,363.0379333496,19.8099994659
2021-03-26,114.0784530640,162.2400054932,368.8882446289,18.8600006104
2021-03-29,113.1101074219,160.3099975586,368.7019653320,20.7399997711
2021-03-30,113.7027969360,157.5700073242,367.7237548828,19.6100006104
2021-03-31,113.0683822632,159.9600067139,369.2142333984,19.3999996185
2021-04-01,114.9449996948,161.9799957275,373.2014770508,17.3299999237
2021-04-05,114.4434661865,161.9199981689,378.5580444336,17.9099998474
2021-04-06,115.2208404541,163.2200012207,378.3344421387,18.1200008392
2021-04-07,114.4184036255,162.7599945068,378.7723388672,17.1599998474
2021-04-08,115.3629379272,164.5099945068,380.5702819824,16.9500007629
2021-04-09,114.9449996948,163.2700042725,383.3370666504,16.6900005341
2021-04-12,114.8948822021,162.2799987793,383.4768371582,16.9099998474
2021-04-13,115.7558135986,163.4299926758,384.6133728027,16.6499996185
2021-04-14,115.3880310059,162.7200012207,383.2998352051,16.9899997711
2021-04-15,117.3189849854,165.3500061035,387.4174194336,16.5699996948
2021-04-16,116.4078521729,166.3500061035,388.7123718262,16.2500000000
2021-04-19,116.0734786987,165.8899993896,386.8026123047,17.2900009155
2021-04-20,116.6083984375,166.4799957275,383.9705810547,18.6800003052
2021-04-21,116.8424987793,168.1300048828,387.6037902832,17.5000000000
2021-04-22,117.3523788452,167.0399932861,384.0637207031,18.7099990845
2021-04-23,117.0765380859,166.3999938965,388.2278442383,17.3299999237
2021-04-26,116.9094238281,166.8399963379,389.0383300781,17.6399993896
2021-04-27,115.8895416260,166.4199981689,388.9544677734,17.5599994659
2021-04-28,115.9648437500,166.9100036621,388.8427734375,17.2800006866
2021-04-29,115.6221008301,166.2200012207,391.3206787109,17.6100006104
2021-04-30,115.8895416260,165.6600036621,388.7495727539,18.6100006104
2021-05-03,115.9590530396,167.8099975586,389.5880432129,18.3099994659
2021-05-04,116.7459869385,166.5800018311,387.1845092773,19.4799995422
2021-05-05,116.9384689331,167.2700042725,387.3056030273,19.1499996185
2021-05-06,117.1310501099,170.0599975586,390.3984985352,18.3899993896
2021-05-07,116.5533828735,171.5899963379,393.2397460938,16.6900005341
2021-05-10,115.3730316162,172.1100006104,389.3458251953,19.6599998474
2021-05-11,114.7200927734,172.1399993896,385.8709411621,21.8400001526
2021-05-12,113.5146408081,170.4299926758,377.6730041504,27.5900001526
2021-05-13,113.6904373169,171.1300048828,382.2098083496,23.1299991608
2021-05-14,114.7535934448,172.6900024414,388.0788269043,18.8099994659
2021-05-17,114.5108032227,174.6999969482,387.0913391113,19.7199993134
2021-05-18,114.2178192139,175.0399932861,383.7563476562,21.3400001526
2021-05-19,113.9415893555,175.1600036621,382.7501831055,22.1800003052
2021-05-20,114.8791427612,175.9600067139,386.8677062988,20.6700000763
2021-05-21,115.2475128174,176.0399932861,386.5510864258,20.1499996185
2021-05-24,115.6744461060,176.3500061035,390.4917297363,18.3999996185
2021-05-25,116.7459869385,177.9499969482,389.6252746582,18.8400001526
2021-05-26,116.5450592041,177.6399993896,390.3984985352,17.3600006104
2021-05-27,116.0762557983,177.7100067139,390.6033935547,16.7399997711
2021-05-28,115.8920745850,178.3800048828,391.3020935059,16.7600002289
2021-06-01,115.8661270142,177.8999938965,390.9574279785,17.8999996185
2021-06-02,116.1343612671,178.7700042725,391.5722656250,17.4799995422
2021-06-03,115.6984100342,175.2700042725,390.1190490723,18.0400009155
2021-06-04,117.2829055786,177.1600036621,393.6869812012,16.4200000763
2021-06-07,116.9223785400,177.8699951172,393.3049621582,16.4200000763
2021-06-08,117.7439727783,177.3200073242,393.3888854980,17.0699996948
2021-06-09,118.7834472656,176.9799957275,392.8019409180,17.8899993896
2021-06-10,119.4960632324,177.7400054932,394.6278381348,16.1000003815
2021-06-11,119.3032608032,175.7400054932,395.2800292969,15.6499996185
2021-06-14,118.3894882202,174.7100067139,396.1649780273,16.3899993896
2021-06-15,118.2469787598,174.0500030518,395.4383850098,17.0200004578
2021-06-16,118.1463317871,171.1100006104,393.2304382324,18.1499996185
2021-06-17,119.9151840210,165.8500061035,393.1001281738,17.7500000000
2021-06-18,122.1703948975,164.9299926758,387.7969665527,20.7000007629
2021-06-21,120.1248321533,166.9499969482,393.3486938477,17.8899993896
2021-06-22,120.4182739258,166.2500000000,395.4516296387,16.6599998474
2021-06-23,120.1081008911,166.1399993896,394.9750061035,16.3199996948
2021-06-24,120.3008651733,166.0399932861,397.3115234375,15.9700002670
2021-06-25,119.0517272949,166.5899963379,398.7227783203,15.6199998856
2021-06-28,120.2757415771,166.5800018311,399.5266113281,15.7600002289
2021-06-29,120.4769363403,164.8300018311,399.7415466309,16.0200004578
2021-06-30,121.0134658813,165.6300048828,400.0780334473,15.8299999237
2021-07-01,121.0201568604,166.1999969482,402.2931213379,15.4799995422
2021-07-02,121.7504959106,167.2899932861,405.3680725098,15.0699996948
2021-07-06,123.1775207520,168.1199951172,404.6296081543,16.4400005341
2021-07-07,124.2687454224,168.7599945068,406.0596313477,16.2000007629
2021-07-08,124.7556228638,168.6499938965,402.7510681152,19.0000000000
2021-07-09,123.0011520386,169.2100067139,407.0503234863,16.1800003052
2021-07-12,122.8417129517,169.0000000000,408.5083923340,16.1700000763
2021-07-13,121.9015960693,169.2200012207,407.1158142090,17.1200008392
2021-07-14,123.2866287231,171.0399932861,407.7232666016,16.3299999237
2021-07-15,124.6464920044,171.0700073242,406.3307495117,17.0100002289
2021-07-16,124.4114303589,169.4100036621,403.1436767578,18.4500007629
2021-07-19,127.1396026611,169.6100006104,397.1900024414,22.5000000000
2021-07-20,125.9139785767,169.3899993896,402.8819274902,19.7299995422
2021-07-21,124.3191299438,168.7599945068,406.1437683105,17.9099998474
2021-07-22,125.4943466187,169.0899963379,406.9942626953,17.6900005341
2021-07-23,124.6549072266,168.5599975586,411.1815185547,17.2000007629
2021-07-26,124.2855377197,168.1600036621,412.1908569336,17.5799999237
2021-07-27,125.6118240356,168.4400024414,410.3122558594,19.3600006104
2021-07-28,125.6201934814,169.2899932861,410.1439208984,18.3099994659
2021-07-29,124.9235458374,171.1699981689,411.8450317383,17.7000007629
2021-07-30,125.5111160278,169.8200073242,409.8449707031,18.2399997711
2021-08-02,126.6305847168,169.6100006104,408.9850463867,19.4599990845
2021-08-03,126.6977996826,169.4900054932,412.3122863770,18.0400009155
2021-08-04,126.9583587646,169.5299987793,410.2842712402,17.9699993134
2021-08-05,126.3112487793,168.8600006104,412.8825683594,17.2800006866
2021-08-06,124.2016754150,164.6399993896,413.5646972656,16.1499996185
2021-08-09,123.7562866211,161.7200012207,413.2283020020,16.7199993134
2021-08-10,123.1847457886,161.7700042725,413.7423095703,16.7900009155
2021-08-11,123.1091156006,164.0000000000,414.7704162598,16.1700000763
2021-08-12,122.9074096680,164.0399932861,416.0134582520,15.5900001526
2021-08-13,124.8488388062,166.3899993896,416.7705688477,15.4499998093
2021-08-16,125.1513748169,167.2200012207,417.7518920898,16.1200008392
2021-08-17,125.1009445190,166.9700012207,415.0134582520,17.9099998474
2021-08-18,125.5211791992,167.1000061035,410.4710388184,21.5699996948
2021-08-19,126.4456939697,166.6100006104,411.1066284180,21.6700000763
2021-08-20,126.5297546387,166.6999969482,414.3778686523,18.5599994659
2021-08-23,126.4456939697,168.7299957275,418.0229187012,17.1499996185
2021-08-24,125.4624023438,168.6499938965,418.6865234375,17.2199993134
2021-08-25,124.4202194214,167.4799957275,419.5650634766,16.7900009155
2021-08-26,124.7647857666,167.6699981689,417.0883483887,18.8400001526
2021-08-27,125.6136779785,170.1900024414,420.8174743652,16.3899993896
2021-08-30,125.9414291382,169.3500061035,422.6680603027,16.1900005341
2021-08-31,125.0841598511,169.6900024414,422.0418090820,16.4799995422
2021-09-01,125.2937774658,169.6999969482,422.2661743164,16.1100006104
2021-09-02,125.8406524658,169.2500000000,423.5653381348,16.4099998474
2021-09-03,124.6962051392,171.0599975586,423.4625244141,16.4099998474
2021-09-07,123.6442871094,167.7100067139,421.9483642578,18.1399993896
2021-09-08,124.4858322144,167.2899932861,421.4342651367,17.9599990845
2021-09-09,125.9921875000,168.0299987793,419.6305541992,18.7999992371
2021-09-10,124.8813323975,167.1799926758,416.3219299316,20.9500007629
2021-09-13,125.6387100220,167.7400054932,417.3874206543,19.3700008392
2021-09-14,127.1618652344,168.8200073242,415.1348876953,19.4599990845
2021-09-15,126.7158355713,167.8300018311,418.6024169922,18.1800003052
2021-09-16,126.1352233887,164.0299987793,417.9387512207,18.6900005341
2021-09-17,125.5293502808,163.7700042725,413.8677062988,20.8099994659
2021-09-20,127.0861206055,164.9400024414,406.9667663574,25.7099990845
2021-09-21,126.9766998291,166.0399932861,406.5823059082,24.3600006104
2021-09-22,127.7341079712,165.4199981689,410.5484619141,20.8700008392
2021-09-23,124.8476409912,163.5099945068,415.5366821289,18.6299991608
2021-09-24,123.6274719238,163.3000030518,416.2211303711,17.7500000000
2021-09-27,123.1730270386,163.6399993896,415.0303649902,18.7600002289
2021-09-28,121.2543945312,162.0500030518,406.6666870117,23.2500000000
2021-09-29,121.4647445679,161.3200073242,407.3511352539,22.5599994659
2021-09-30,121.4479904175,164.2200012207,402.3724365234,23.1399993896
2021-10-01,122.4700012207,164.5899963379,407.1542053223,21.1000003815
2021-10-04,122.1582489014,165.3600006104,401.9036254883,22.9599990845
2021-10-05,120.9786605835,164.5899963379,406.0853576660,21.2999992371
2021-10-06,121.6611251831,165.0299987793,407.7731628418,21.0000000000
2021-10-07,120.3888549805,164.1600036621,411.2986145020,19.5400009155
2021-10-08,119.5462341309,164.2299957275,410.5484619141,18.7700004578
2021-10-11,119.2429351807,163.9199981689,407.5762634277,20.0000000000
2021-10-12,121.2819595337,164.6600036621,406.5729064941,19.8500003815
2021-10-13,122.4615631104,167.5899963379,408.0356140137,18.6399993896
2021-10-14,122.9165878296,168.0000000000,414.8990478516,16.8600006104
2021-10-15,122.2004013062,165.3300018311,418.0587768555,16.2999992371
2021-10-18,122.7733612061,164.9199981689,419.2966003418,16.3099994659
2021-10-19,121.0797729492,165.4499969482,422.5313720703,15.6999998093
2021-10-20,120.2624588013,166.8999938965,424.1908569336,15.4899997711
2021-10-21,120.1191635132,166.7500000000,425.2973327637,15.0100002289
2021-10-22,121.4420547485,167.7700042725,424.8566589355,15.4300003052
2021-10-25,121.2566909790,168.9299926758,427.1350708008,15.2399997711
2021-10-26,122.2594070435,167.6799926758,427.5194702148,15.9799995422
2021-10-27,124.4837646484,168.1199951172,425.6254577637,16.9799995422
2021-10-28,124.0625839233,168.0800018311,429.7322387695,16.5300006866
2021-10-29,124.4416809082,166.6499938965,430.6042785645,16.2600002289
2021-11-01,123.5456771851,167.5200042725,431.3450317383,16.4099998474
2021-11-02,124.0940856934,167.1600036621,433.0889892578,16.0300006866
2021-11-03,122.8117294312,165.7700042725,435.7331237793,15.1000003815
2021-11-04,124.1025009155,167.6499938965,437.7864379883,15.4399995804
2021-11-05,125.9585647583,169.8399963379,439.3054504395,16.4799995422
2021-11-08,125.7223587036,170.4499969482,439.6803894043,17.2199993134
2021-11-09,127.3591079712,171.2899932861,438.2271423340,17.7800006866
2021-11-10,125.0305709839,173.1499938965,434.7016601562,18.7299995422
2021-11-11,124.8449401855,174.1199951172,434.8423156738,17.6599998474
2021-11-12,124.2965698242,174.4499969482,438.1239929199,16.2900009155
2021-11-15,122.7357940674,174.1799926758,438.2740478516,16.4899997711
2021-11-16,122.4236373901,172.9199981689,440.0086975098,16.3700008392
2021-11-17,123.3938522339,174.5000000000,438.9397888184,17.1100006104
2021-11-18,123.8578948975,173.9400024414,440.4305725098,17.5900001526
2021-11-19,125.1655578613,172.6100006104,439.6429748535,17.9099998474
2021-11-22,123.6975555420,168.7400054932,438.4053344727,19.1700000763
2021-11-23,121.9090118408,167.2799987793,438.9866333008,19.3799991608
2021-11-24,123.8662567139,167.1199951172,440.1586914062,18.5799999237
2021-11-26,126.9962692261,166.8500061035,430.3416137695,28.6200008392
2021-11-29,125.9754714966,166.6199951172,435.6205444336,22.9599990845
2021-11-30,127.8905715942,165.5000000000,427.1443786621,27.1900005341
2021-12-01,128.6795043945,166.1600036621,422.4000244141,31.1200008392
2021-12-02,128.8399810791,165.2400054932,428.8695983887,27.9500007629
2021-12-03,130.3773193359,166.6300048828,425.1379394531,30.6700000763
2021-12-06,128.5865631104,166.2200012207,430.1730041504,27.1800003052
2021-12-07,127.5476531982,166.8099975586,439.0709838867,21.8899993896
2021-12-08,125.3429870605,166.8999938965,440.2337341309,19.8999996185
2021-12-09,126.0440750122,165.8800048828,437.2614440918,21.5799999237
2021-12-10,125.7399902344,166.5800018311,441.3775634766,18.6900005341
2021-12-13,127.5983200073,167.0000000000,437.4676818848,20.3099994659
2021-12-14,127.2941894531,165.4400024414,434.4579162598,21.8899993896
2021-12-15,126.0694351196,166.1499938965,441.2463073730,19.2900009155
2021-12-16,126.1184539795,168.1600036621,437.3552551270,20.5699996948
2021-12-17,127.5476074219,167.8000030518,432.7004699707,21.5699996948
2021-12-20,126.5919799805,167.0899963379,428.0993957520,22.8700008392
2021-12-21,126.1099700928,167.0200042725,435.7019958496,21.0100002289
2021-12-22,126.6934814453,168.5899963379,440.0584106445,18.6299991608
2021-12-23,125.5941543579,168.9700012207,442.7965393066,17.9599990845
2021-12-27,125.8986282349,169.3699951172,449.0631408691,17.6800003052
2021-12-28,125.3996429443,168.6399993896,448.6961059570,17.5400009155
2021-12-29,124.0297546387,168.5899963379,449.2700805664,16.9500007629
2021-12-30,125.0698699951,169.8000030518,448.0281677246,17.3299999237
2021-12-31,125.3150405884,170.9600067139,446.8988342285,17.2199993134
2022-01-03,122.0255966187,168.3300018311,449.4864501953,16.6000003815
2022-01-04,121.5182037354,169.5700073242,449.3358764648,16.9099998474
2022-01-05,120.8586044312,169.0599975586,440.7076110840,19.7299995422
2022-01-06,121.1714553833,166.9900054932,440.2936706543,19.6100006104
2022-01-07,120.3004608154,167.7500000000,438.5529479980,18.7600002289
2022-01-10,120.5964508057,168.2599945068,438.0072631836,19.3999996185
2022-01-11,121.3998031616,170.2899932861,441.9967956543,18.4099998474
2022-01-12,120.9346618652,170.7400054932,443.1917114258,17.6200008392
2022-01-13,122.0086746216,170.1600036621,437.0851440430,20.3099994659
2022-01-14,120.1651840210,169.6699981689,437.2639160156,19.1900005341
2022-01-18,118.4739151001,169.3899993896,429.5201416016,22.7900009155
2022-01-19,119.2941589355,172.0800018311,425.0602111816,23.8500003815
2022-01-20,120.0298843384,171.6499938965,420.3556213379,25.5900001526
2022-01-21,121.4589614868,171.0899963379,412.1037902832,28.8500003815
2022-01-24,120.4611511230,172.0299987793,413.8538513184,29.8999996185
2022-01-25,120.2666397095,172.5800018311,408.8011474609,31.1599998474
2022-01-26,118.8121109009,169.7899932861,407.7754821777,31.9599990845
2022-01-27,120.9939041138,167.6000061035,405.7619323730,30.4899997711
2022-01-28,121.0361709595,167.1000061035,415.8391723633,27.6599998474
2022-01-31,120.4104232788,168.0899963379,423.3289184570,24.8299999237
2022-02-01,120.0107498169,168.2299957275,426.1892700195,21.9599990845
2022-02-02,120.4171829224,168.8399963379,430.3293457031,22.0900001526
2022-02-03,119.4772033691,168.6000061035,420.2144775391,24.3500003815
2022-02-04,117.7158508301,168.8600006104,422.1903686523,23.2199993134
2022-02-07,117.7920684814,170.1100006104,420.8355102539,22.8600006104
2022-02-08,117.0044555664,170.6300048828,424.2980346680,21.4400005341
2022-02-09,117.2246780396,171.2100067139,430.5081787109,19.9599990845
2022-02-10,115.3616867065,170.5599975586,422.7737121582,23.9099998474
2022-02-11,117.0722808838,173.8099975586,414.4372558594,27.3600006104
2022-02-14,115.6157836914,174.7400054932,413.0823059082,28.3299999237
2022-02-15,114.3031539917,173.0800018311,419.7440490723,25.7000007629
2022-02-16,114.9806213379,174.8600006104,420.2144775391,24.2900009155
2022-02-17,115.8359298706,177.2500000000,411.2381286621,28.1100006104
2022-02-18,117.0553436279,177.1199951172,408.5752563477,27.7500000000
2022-02-22,117.3601760864,177.4900054932,404.1906433105,28.8099994659
2022-02-23,115.7427749634,178.2899932861,397.0208129883,31.0200004578
2022-02-24,115.8189849854,177.1399993896,402.9955444336,30.3199996948
2022-02-25,115.9036331177,176.5500030518,411.8873596191,27.5900001526
2022-02-28,118.4440383911,178.3800048828,410.8334960938,30.1499996185
2022-03-01,119.8134918213,181.6199951172,404.5764160156,33.3199996948
2022-03-02,115.7180252075,179.7299957275,412.0190734863,30.7399997711
2022-03-03,116.8966064453,180.8000030518,409.9678649902,30.4799995422
2022-03-04,118.9146957397,183.6799926758,406.6369628906,31.9799995422
2022-03-07,118.0074005127,186.4100036621,394.6496582031,36.4500007629
2022-03-08,116.8203201294,191.5099945068,391.6575927734,35.1300010681
2022-03-09,115.6755599976,185.8200073242,402.1582641602,32.4500007629
2022-03-10,114.0136337280,186.3999938965,400.3422241211,30.2299995422
2022-03-11,114.3952026367,185.0899963379,395.2519531250,30.7500000000
2022-03-14,111.7241821289,182.3000030518,392.3632812500,31.7700004578
2022-03-15,111.5291595459,178.8899993896,400.9914855957,29.8299999237
2022-03-16,112.6230316162,180.0099945068,409.8832092285,26.6700000763
2022-03-17,111.7835617065,180.8899993896,415.0111999512,25.6700000763
2022-03-18,113.1487350464,179.3000030518,419.5567321777,23.8700008392
2022-03-21,110.5286331177,180.6699981689,419.4340209961,23.5300006866
2022-03-22,109.1125488281,179.3600006104,424.3420104980,22.9400005341
2022-03-23,111.5037231445,181.8099975586,418.8771362305,23.5699996948
2022-03-24,110.6303787231,183.1300048828,425.1914367676,21.6700000763
2022-03-25,109.0955886841,182.3800048828,427.2679748535,20.8099994659
2022-03-28,110.0282974243,179.0599975586,430.3070983887,19.6299991608
2022-03-29,110.8592987061,179.1399993896,435.6303710938,18.8999996185
2022-03-30,111.7241821289,180.5800018311,432.9404296875,19.3299999237
2022-03-31,111.9955368042,180.6499938965,426.2768859863,20.5599994659
2022-04-01,112.4218673706,179.5000000000,427.4849853516,19.6299991608
2022-04-04,111.6405563354,180.3699951172,431.1470336914,18.5699996948
2022-04-05,109.1183547974,179.2400054932,425.7011718750,21.0300006866
2022-04-06,108.2350921631,179.6600036621,421.4443664551,22.1000003815
2022-04-07,107.4198379517,180.3399963379,423.5680541992,21.5499992371
2022-04-08,106.2564163208,181.4700012207,422.4353942871,21.1599998474
2022-04-11,104.5748901367,182.3699951172,415.2150268555,24.3700008392
2022-04-12,104.4305648804,183.7700042725,413.6765747070,24.2600002289
2022-04-13,104.6428604126,184.6499938965,418.4146728516,21.8199996948
2022-04-14,102.5452423096,184.0399932861,413.2046508789,22.7000007629
2022-04-18,102.0356903076,184.6100006104,413.3746032715,22.1700000763
2022-04-19,101.2713851929,181.8200073242,420.0475158691,21.3700008392
2022-04-20,103.3095092773,182.7100067139,419.7360839844,20.3199996948
2022-04-21,102.5452423096,182.0599975586,413.4595031738,22.6800003052
2022-04-22,101.8998184204,180.2899932861,402.1146240234,28.2099990845
2022-04-25,102.9188995361,177.0500030518,404.4458007812,27.0200004578
2022-04-26,103.9549789429,177.3200073242,392.7327880859,33.5200004578
2022-04-27,102.6216506958,175.9799957275,393.8370056152,31.6000003815
2022-04-28,102.7745056152,176.9299926758,403.7851257324,29.9899997711
2022-04-29,101.4412231445,176.9100036621,388.8630371094,33.4000015259
2022-05-02,99.6828536987,173.6300048828,391.2037048340,32.3400001526
2022-05-03,100.3549041748,174.0899963379,392.9969482422,29.2500000000
2022-05-04,100.9078674316,175.8000030518,404.9649353027,25.4200000763
2022-05-05,98.1431503296,175.1300048828,390.5713195801,31.2000007629
2022-05-06,96.6969833374,175.4199981689,388.2400512695,30.1900005341
2022-05-09,97.5476684570,172.8800048828,375.8096008301,34.7500000000
2022-05-10,98.4323501587,171.4199981689,376.6779479980,32.9900016785
2022-05-11,100.3294296265,172.8200073242,370.6940002441,32.5600013733
2022-05-12,100.1422271729,170.1699981689,370.3070678711,31.7700004578
2022-05-13,98.6620407104,168.7899932861,379.1602783203,28.8700008392
2022-05-16,98.5599822998,170.3999938965,377.6217956543,27.4699993134
2022-05-17,97.3690109253,169.3300018311,385.3895874023,26.1000003815
2022-05-18,99.4446792603,169.4199981689,369.8539733887,30.9599990845
2022-05-19,99.6828536987,171.9100036621,367.5887451172,29.3500003815
2022-05-20,100.8142776489,172.0299987793,367.7491760254,29.4300003052
2022-05-23,99.1554718018,172.8300018311,374.6298522949,28.4799995422
2022-05-24,101.1120223999,174.1300048828,371.7700195312,29.4500007629
2022-05-25,101.5118255615,173.0800018311,375.0545654297,28.3700008392
2022-05-26,101.0524444580,172.7599945068,382.5487060547,27.5000000000
2022-05-27,101.2991561890,172.8500061035,391.9399108887,25.7199993134
2022-05-31,99.1554718018,171.1399993896,389.7407531738,26.1900005341
2022-06-01,99.0421066284,172.2299957275,386.5882873535,25.6900005341
2022-06-02,99.0932312012,174.3500061035,393.9503479004,24.7199993134
2022-06-03,98.8802185059,172.5800018311,387.4849548340,24.7900009155
2022-06-06,97.0564956665,171.8200073242,388.6647949219,25.0699996948
2022-06-07,98.1046905518,172.9400024414,392.3929138184,24.0200004578
2022-06-08,97.2354278564,172.7799987793,388.1268310547,23.9599990845
2022-06-09,97.5592956543,172.2299957275,378.8960266113,26.0900001526
2022-06-10,96.9542388916,174.5399932861,367.9096374512,27.7500000000
2022-06-13,93.9118881226,169.9299926758,353.9407958984,34.0200004578
2022-06-14,92.7273483276,168.5700073242,352.8742675781,32.6899986267
2022-06-15,94.4572906494,170.7700042725,357.9049987793,29.6200008392
2022-06-16,95.2072448730,172.6900024414,346.0597229004,32.9500007629
2022-06-17,95.5140228271,171.2700042725,346.8057556152,31.1299991608
2022-06-21,93.8948593140,170.6300048828,355.5360717773,30.1900005341
2022-06-22,96.4769973755,171.3099975586,354.8915710449,28.9500007629
2022-06-23,97.2695083618,170.2599945068,358.3703002930,29.0499992371
2022-06-24,95.9230804443,170.0899963379,369.7642822266,27.2299995422
2022-06-27,95.1049804688,169.8999938965,368.3519897461,26.9500007629
2022-06-28,95.5481338501,169.6199951172,360.8254699707,28.3600006104
2022-06-29,97.0394439697,169.4900054932,360.5316162109,28.1599998474
2022-06-30,97.8916320801,168.4600067139,357.6026000977,28.7099990845
2022-07-01,98.8966598511,168.3200073242,361.3847351074,26.7000007629
2022-07-05,99.6736755371,164.7500000000,362.0672607422,27.5400009155
2022-07-06,98.0000839233,162.1399993896,363.2901000977,26.7299995422
2022-07-07,97.1376724243,162.2299957275,368.7310791016,26.0799999237
2022-07-08,96.0617828369,162.3000030518,368.4277954102,24.6399993896
2022-07-11,97.7183227539,161.4299926758,364.2190551758,26.1700000763
2022-07-12,98.2989654541,160.8300018311,360.9960937500,27.2900009155
2022-07-13,99.4260864258,161.6000061035,359.1001892090,26.8199996948
2022-07-14,98.6148834229,159.3300018311,358.2281494141,26.3999996185
2022-07-15,99.1698989868,159.0099945068,365.0721435547,24.2299995422
2022-07-18,98.1367034912,159.1600036621,362.0577697754,25.2999992371
2022-07-19,97.6072921753,159.5399932861,371.8403015137,24.5000000000
2022-07-20,97.8634796143,158.0399932861,374.2100524902,23.8799991608
2022-07-21,99.5541381836,160.2700042725,378.0207214355,23.1100006104
2022-07-22,101.2277526855,160.6699981689,374.5133972168,23.0300006866
2022-07-25,100.2372741699,160.2299957275,374.9684143066,23.3600006104
2022-07-26,100.3141174316,160.0399932861,370.5321655273,24.6900005341
2022-07-27,99.7505264282,161.6699981689,380.1535949707,23.2399997711
2022-07-28,100.5446853638,163.6399993896,384.9216308594,22.3299999237
2022-07-29,100.2714157104,164.1000061035,390.5332641602,21.3299999237
2022-08-01,102.6863021851,165.0299987793,389.3767395020,22.8400001526
2022-08-02,100.5135192871,164.0500030518,386.8079528809,23.9300003052
2022-08-03,102.0960540771,164.4499969482,392.8651428223,21.9500007629
2022-08-04,102.0618209839,167.1699981689,392.5997619629,21.4400005341
2022-08-05,99.6324081421,165.2899932861,391.9362182617,21.1499996185
2022-08-08,101.2406005859,166.6900024414,391.4811706543,21.2900009155
2022-08-09,100.8471069336,167.1999969482,389.9266052246,21.7700004578
2022-08-10,100.1884384155,166.7799987793,398.1165771484,19.7399997711
2022-08-11,97.8530960083,166.3399963379,398.1165771484,20.2000007629
2022-08-12,98.8454055786,167.8699951172,404.8563232422,19.5300006866
2022-08-15,98.7598495483,165.7100067139,406.5246276855,19.9500007629
2022-08-16,99.1704788208,165.4199981689,407.3209228516,19.6900005341
2022-08-17,98.1354064941,164.3500061035,404.4298095703,19.8999996185
2022-08-18,98.2808227539,163.9199981689,405.6052246094,19.5599994659
2022-08-19,96.6982803345,162.7200012207,400.1546020508,20.6000003815
2022-08-22,96.3732299805,161.6399993896,391.8224792480,23.7999992371
2022-08-23,95.8428344727,162.7700042725,390.8746032715,24.1100006104
2022-08-24,95.1413650513,163.2500000000,392.1257629395,22.8199996948
2022-08-25,96.4673004150,163.7500000000,397.6616516113,21.7800006866
2022-08-26,97.1944198608,161.7599945068,384.2012329102,25.5599994659
2022-08-29,96.3902969360,161.8600006104,381.6607666016,26.2099990845
2022-08-30,96.6298217773,160.5099945068,377.4708862305,26.2099990845
2022-08-31,95.7059631348,159.2700042725,374.5987548828,25.8700008392
2022-09-01,93.9537506104,157.8699951172,375.7742004395,25.5599994659
2022-09-02,94.4852371216,159.2599945068,371.8118591309,25.4699993134
2022-09-06,92.1449966431,158.3300018311,370.4089660645,26.9099998474
2022-09-07,93.6023025513,159.9400024414,377.0632934570,24.6399993896
2022-09-08,92.6421890259,158.9799957275,379.5279235840,23.6100006104
2022-09-09,92.8478927612,159.8200073242,385.4240417480,22.7900009155
2022-09-12,92.0849685669,160.6300048828,389.5663757324,23.8700008392
2022-09-13,92.2992706299,158.5399932861,372.6271362305,27.2700004578
2022-09-14,92.6164779663,157.9299926758,374.0490417480,26.1599998474
2022-09-15,92.5564498901,154.9799957275,369.8023071289,26.2700004578
2022-09-16,91.7849349976,155.8399963379,366.9811096191,26.2999992371
2022-09-19,91.9992294312,155.9600067139,369.8269653320,25.7600002289
2022-09-20,91.0819854736,155.0700073242,365.5818786621,27.1599998474
2022-09-21,92.6078796387,155.7899932861,359.2048034668,27.9899997711
2022-09-22,90.2419052124,155.6999969482,356.1875305176,27.3500003815
2022-09-23,90.6104888916,153.0099945068,350.2196960449,29.9200000763
2022-09-26,88.8788833618,151.2299957275,346.7550659180,32.2599983215
2022-09-27,86.5386123657,151.5399932861,345.8699340820,32.5999984741
2022-09-28,89.4361038208,154.6900024414,352.6753540039,30.1800003052
2022-09-29,88.9731903076,154.6600036621,345.3082275391,31.8400001526
2022-09-30,87.8244705200,154.6699981689,339.9685974121,31.6200008392
2022-10-03,89.2199478149,158.4299926758,348.9443054199,30.1000003815
2022-10-04,88.9707717896,160.6999969482,359.7568664551,29.0699996948
2022-10-05,88.1200790405,159.8099975586,358.9192504883,28.5499992371
2022-10-06,87.6303024292,159.6300048828,355.2167053223,30.5200004578
2022-10-07,86.7795486450,157.8800048828,345.3082275391,31.3600006104
2022-10-10,85.4305114746,155.4799957275,342.6717834473,32.4500007629
2022-10-11,85.8085784912,155.1600036621,340.5016479492,33.6300010681
2022-10-12,86.2296295166,155.9900054932,339.3785400391,33.5699996948
2022-10-13,85.4047241211,154.9100036621,348.3350219727,31.9400005341
2022-10-14,84.7000961304,152.9799957275,340.3970031738,32.0200004578
2022-10-17,84.2876052856,153.4199981689,349.1441040039,31.3700008392
2022-10-18,84.4852676392,153.7500000000,353.2464599609,30.5000000000
2022-10-19,82.9471893311,151.6900024414,350.7431640625,30.7600002289
2022-10-20,81.5292968750,151.4499969482,347.8021240234,29.9799995422
2022-10-21,80.0599288940,154.1499938965,356.2541503906,29.6900005341
2022-10-24,79.3982620239,153.6499938965,360.6134338379,29.8500003815
2022-10-25,81.7097778320,154.0000000000,366.3719177246,28.4599990845
2022-10-26,82.8869628906,154.9799957275,363.6116638184,27.2800006866
2022-10-27,83.7548904419,154.7400054932,361.6700439453,27.3899993896
2022-10-28,83.1791458130,153.1600036621,370.2743835449,25.7500000000
2022-10-31,82.5862503052,151.9100036621,367.5997619629,25.8799991608
2022-11-01,83.3580627441,153.4600067139,365.9911804199,25.8099994659
2022-11-02,82.9962768555,152.3899993896,356.8062133789,25.8600006104
2022-11-03,82.5483398438,151.8099975586,353.1322326660,25.2999992371
2022-11-04,81.1615142822,156.4700012207,358.2149047852,24.5499992371
2022-11-07,80.3517913818,155.8500061035,361.6415100098,24.3500003815
2022-11-08,81.2304000854,159.4499969482,363.5926818848,25.5400009155
2022-11-09,81.4974365234,158.6499938965,356.1018371582,26.0900001526
2022-11-10,84.6329574585,163.4799957275,375.6711730957,23.5300006866
2022-11-11,84.3228225708,164.5599975586,379.3070983887,22.5200004578
2022-11-14,84.1161117554,164.9199981689,376.0804138184,23.7299995422
2022-11-15,85.4771347046,165.5000000000,379.2880249023,24.5400009155
2022-11-16,87.3463745117,165.1199951172,376.3945007324,24.1100006104
2022-11-17,86.4246673584,163.9199981689,375.2427978516,23.9300003052
2022-11-18,85.8302993774,162.7899932861,376.9466247559,23.1200008392
2022-11-21,86.1920623779,161.8800048828,375.5759277344,22.3600006104
2022-11-22,87.4152984619,162.0700073242,380.6300964355,21.2900009155
2022-11-23,88.9399642944,163.0800018311,383.0286865234,20.3500003815
2022-11-25,88.6384963989,163.2200012207,382.9429626465,20.5000000000
2022-11-28,88.8883132935,161.9299926758,376.8323364258,22.2099990845
2022-11-29,87.8460159302,162.7299957275,376.1851806641,21.8899993896
2022-11-30,88.4920654297,164.8099975586,388.0351867676,20.5799999237
2022-12-01,91.3189697266,167.8399963379,387.7496337891,19.8400001526
2022-12-02,92.4673538208,167.2599945068,387.3022766113,19.0599994659
2022-12-05,91.1722106934,164.3899993896,380.3350524902,20.7500000000
2022-12-06,92.3465118408,164.8399963379,374.8526000977,22.1700000763
2022-12-07,94.5223999023,166.3300018311,374.2149047852,22.6800003052
2022-12-08,94.2633590698,166.4700012207,377.1464843750,22.2900009155
2022-12-09,91.8111495972,167.0599975586,374.3291015625,22.8299999237
2022-12-12,92.1047134399,165.6799926758,379.7258911133,25.0000000000
2022-12-13,92.9941024780,168.5099945068,382.6004028320,22.5499992371
2022-12-14,93.3913040161,168.1000061035,380.1542053223,21.1399993896
2022-12-15,93.7556762695,165.3500061035,370.8550415039,22.8299999237
2022-12-16,92.7083740234,166.7899932861,366.4765930176,22.6200008392
2022-12-19,91.1503906250,166.3200073242,363.3689575195,22.4200000763
2022-12-20,89.5318069458,169.0800018311,363.8662109375,21.4799995422
2022-12-21,89.7568511963,168.8000030518,369.3069458008,20.0699996948
2022-12-22,89.7395477295,166.7599945068,364.0383300781,21.9699993134
2022-12-23,88.4239120483,167.2599945068,366.1323852539,20.8700008392
2022-12-27,86.6754837036,168.6699981689,364.6885070801,21.6499996185
2022-12-28,86.1648559570,167.9100036621,360.1562805176,22.1399993896
2022-12-29,87.1429443359,168.8500061035,366.6392211914,21.4400005341
2022-12-30,86.1735305786,169.6399993896,365.6734313965,21.6700000763
2023-01-03,87.8180313110,171.0599975586,364.1340026855,22.8999996185
2023-01-04,89.0211334229,172.6699981689,366.9451293945,22.0100002289
2023-01-05,89.3933486938,170.5200042725,362.7570800781,22.4599990845
2023-01-06,91.0378646851,173.7100067139,371.0758666992,21.1299991608
2023-01-09,91.5225830078,174.1000061035,370.8654785156,21.9699993134
2023-01-10,90.0078735352,174.7400054932,373.4663085938,20.5799999237
2023-01-11,91.4706420898,174.6199951172,378.1898498535,21.0900001526
2023-01-12,93.2709732056,176.6399993896,379.5667724609,18.8299999237
2023-01-13,92.3967666626,178.7599945068,381.0392761230,18.3500003815
2023-01-17,91.7995529175,177.5899963379,380.3412475586,19.3600006104
2023-01-18,94.0240020752,177.0800018311,374.3364562988,20.3400001526
2023-01-19,93.4354095459,179.8899993896,371.6112670898,20.5200004578
2023-01-20,91.9207153320,179.2899932861,378.5340881348,19.8500003815
2023-01-23,91.4879379272,179.6300048828,383.0759582520,19.8099994659
2023-01-24,92.8035736084,180.2799987793,382.6648254395,19.2000007629
2023-01-25,93.0286331177,181.1100006104,382.8082580566,19.0799999237
2023-01-26,92.5958557129,179.4700012207,387.0154113770,18.7299995422
2023-01-27,92.3621444702,179.2200012207,387.9046936035,18.5100002289
2023-01-30,92.0245895386,178.7599945068,383.0377502441,19.9400005341
2023-01-31,92.7602920532,179.4100036621,388.6696472168,19.3999996185
2023-02-01,93.8753967285,181.6699981689,392.8003540039,17.8700008392
2023-02-02,93.9968795776,177.8999938965,398.5182800293,18.7299995422
2023-02-03,92.5911102295,173.4600067139,394.2824401855,18.3299999237
2023-02-06,91.9055709839,173.8200073242,391.8728332520,19.4300003052
2023-02-07,91.1679382324,173.9799957275,396.9979858398,18.6599998474
2023-02-08,91.6018447876,174.4100036621,392.6569213867,19.6299991608
2023-02-09,90.7340621948,173.0299987793,389.2528991699,20.7099990845
2023-02-10,89.7187805176,173.3600006104,390.1613159180,20.5300006866
2023-02-13,90.4737243652,172.4799957275,394.7413940430,20.3400001526
2023-02-14,90.2654495239,172.6100006104,394.5597229004,18.9099998474
2023-02-15,89.4237518311,170.8899993896,395.8410339355,18.2299995422
2023-02-16,88.1567840576,170.7500000000,390.3908081055,20.1700000763
2023-02-17,88.8423385620,171.2599945068,389.4154663086,20.0200004578
2023-02-21,87.1154479980,170.6199951172,381.6034240723,22.8700008392
2023-02-22,87.9138031006,169.6600036621,381.0775146484,22.2900009155
2023-02-23,88.7728958130,169.5700073242,383.1046447754,21.1399993896
2023-02-24,87.6187744141,168.3500061035,379.0122375488,21.6700000763
2023-02-27,87.8617248535,169.0099945068,380.3030700684,20.9500007629
2023-02-28,88.2609252930,169.7799987793,378.8974609375,20.7000007629
2023-03-01,87.3127136230,170.7599945068,377.4440917969,20.5799999237
2023-03-02,86.5385131836,170.6600036621,380.3795166016,19.5900001526
2023-03-03,88.6350097656,172.4900054932,386.4800109863,18.4899997711
2023-03-06,87.9477233887,171.6199951172,386.7477111816,18.6100006104
2023-03-07,88.4870834351,168.6199951172,380.8193664551,19.5900001526
2023-03-08,88.5740814209,168.5399932861,381.4409484863,19.1100006104
2023-03-09,88.7915649414,170.1999969482,374.4033508301,22.6100006104
2023-03-10,91.8536300659,173.8699951172,369.0009460449,24.7999992371
2023-03-13,92.0624084473,177.8600006104,368.4750366211,26.5200004578
2023-03-14,90.5487670898,176.8300018311,374.5659484863,23.7299995422
2023-03-15,92.2973022461,178.2100067139,372.2232360840,26.1399993896
2023-03-16,91.5752563477,178.5700073242,378.7539672852,22.9899997711
2023-03-17,92.9497222900,183.7700042725,374.3253173828,25.5100002289
2023-03-20,92.1320266724,183.8399963379,377.9247131348,24.1499996185
2023-03-21,91.3404006958,180.3699951172,382.8870239258,21.3799991608
2023-03-22,92.5582733154,183.4400024414,376.3601684570,22.2600002289
2023-03-23,92.5582733154,185.7400054932,377.3776245117,22.6100006104
2023-03-24,92.9497222900,183.6499938965,379.8539428711,21.7399997711
2023-03-27,90.7662353516,181.9499969482,380.5642700195,20.6000003815
2023-03-28,90.9315261841,183.4400024414,379.7099914551,19.9699993134
2023-03-29,90.7488327026,182.5299987793,385.2290954590,19.1200008392
2023-03-30,91.1664199829,184.1799926758,387.4846496582,19.0200004578
2023-03-31,92.5321502686,183.2200012207,392.9461669922,18.7000007629
2023-04-03,92.9673614502,184.5399932861,394.4434509277,18.5499992371
2023-04-04,93.4295883179,187.9799957275,392.2550964355,19.0000000000
2023-04-05,94.4063339233,187.8300018311,391.2280273438,19.0799999237
2023-04-06,94.6505355835,186.4900054932,392.7541809082,18.3999996185
2023-04-10,93.1243438721,185.1100006104,393.1572265625,18.9699993134
2023-04-11,93.3161926270,186.2799987793,393.2628784180,19.1000003815
2023-04-12,93.2202529907,187.1900024414,391.6599426270,19.0900001526
2023-04-13,92.4876861572,189.7200012207,396.8622131348,17.7999992371
2023-04-14,91.6417694092,186.3600006104,395.8927917480,17.0699996948
2023-04-17,90.5516128540,185.5299987793,397.3133544922,16.9500007629
2023-04-18,90.8742752075,186.2500000000,397.5725097656,16.8299999237
2023-04-19,90.7870559692,185.3600006104,397.5053405762,16.4599990845
2023-04-20,91.5632553101,186.0899963379,395.3361206055,17.1700000763
2023-04-21,91.0486907959,184.2500000000,395.6432800293,16.7700004578
2023-04-24,91.9295043945,184.8099975586,396.0559997559,16.8899993896
2023-04-25,93.2812957764,185.7500000000,389.7690734863,18.7600002289
2023-04-26,92.2871246338,184.7400054932,388.1181030273,18.8400001526
2023-04-27,91.3713912964,184.7500000000,395.8448181152,17.0300006866
2023-04-28,92.8452606201,184.8000030518,399.2233886719,15.7799997330
2023-05-01,90.1681060791,183.9700012207,398.8202819824,16.0799999237
2023-05-02,92.4151077271,187.5200042725,394.3378295898,17.7800006866
2023-05-03,92.9309082031,189.1100006104,391.6311950684,18.3400001526
2023-05-04,92.0129165649,190.4400024414,388.8572082520,20.0900001526
2023-05-05,91.7068710327,187.4600067139,396.0559997559,17.1900005341
2023-05-08,90.4216613770,187.6900024414,396.1615905762,16.9799995422
2023-05-09,90.0981521606,189.0200042725,394.4243164062,17.7099990845
2023-05-10,90.9724655151,188.7500000000,396.2670898438,16.9400005341
2023-05-11,91.9342041016,187.1300048828,395.5760498047,16.9300003052
2023-05-12,91.1648025513,186.8099975586,395.0577392578,17.0300006866
2023-05-15,90.2205581665,187.2100067139,396.4206848145,17.1200008392
2023-05-16,89.9495086670,184.8699951172,393.7715148926,17.9899997711
2023-05-17,89.6872406006,184.2299957275,398.5515136719,16.8700008392
2023-05-18,89.0227203369,181.8399963379,402.3908996582,16.0499992371
2023-05-19,88.3932342529,183.6399993896,401.8053588867,16.8099994659
2023-05-22,88.0784988403,183.2100067139,401.9685058594,17.2099990845
2023-05-23,88.3320465088,183.4299926758,397.4573059082,18.5300006866
2023-05-24,87.8949203491,181.9499969482,394.5777893066,20.0300006866
2023-05-25,87.6762924194,180.1999969482,397.9947814941,19.1399993896
2023-05-26,88.3845062256,180.9199981689,403.1491394043,17.9500007629
2023-05-30,89.2675399780,182.0399932861,403.3027038574,17.4599990845
2023-05-31,90.0457077026,182.3200073242,401.0663452148,17.9400005341
2023-06-01,90.3989715576,183.7599945068,404.8768310547,15.6499996185
2023-06-02,89.4083862305,181.0500030518,410.7318420410,14.6000003815
2023-06-05,89.2418365479,182.1399993896,409.9447937012,14.7299995422
2023-06-06,89.7677993774,182.3399963379,410.8374328613,13.9600000381
2023-06-07,88.4353103638,180.1499938965,409.4168395996,13.9399995804
2023-06-08,89.4697418213,182.5299987793,411.8932189941,13.6499996185
2023-06-09,89.3470230103,182.0399932861,412.6322937012,13.8299999237
2023-06-12,89.6100234985,181.8800048828,416.3756408691,15.0100002289
2023-06-13,88.7246017456,180.5399932861,419.1208190918,14.6099996567
2023-06-14,89.4346771240,180.6399993896,419.6198730469,13.8800001144
2023-06-15,90.2937850952,181.9100036621,424.8222351074,14.5000000000
2023-06-16,89.9431381226,181.6300048828,423.3751220703,13.5399999619
2023-06-20,90.5655593872,179.7500000000,421.1785888672,13.8800001144
2023-06-21,90.7847061157,179.4900054932,419.0205383301,13.1999998093
2023-06-22,89.6889114380,177.7100067139,420.5330810547,12.9099998474
2023-06-23,90.5830917358,178.1999969482,417.3539123535,13.4399995804
2023-06-26,90.6795196533,178.5099945068,415.6486816406,14.2500000000
2023-06-27,90.4428100586,177.6900024414,420.2055664062,13.7399997711
2023-06-28,90.8285446167,177.2799987793,420.4175109863,13.4300003052
2023-06-29,89.1892318726,177.0899963379,422.0746154785,13.5399999619
2023-06-30,90.2411880493,178.2700042725,427.0553588867,13.5900001526
2023-07-03,89.7296066284,178.4700012207,427.5466918945,13.5699996948
2023-07-05,88.8769683838,177.8399963379,426.9108886719,14.1800003052
2023-07-06,87.6199722290,177.3099975586,423.5677795410,15.4399995804
2023-07-07,87.0925750732,178.6399993896,422.4984130859,14.8299999237
2023-07-10,87.2068405151,178.7799987793,423.5677795410,15.0699996948
2023-07-11,87.6551055908,179.4499969482,426.2653198242,14.8400001526
2023-07-12,88.6308441162,181.8800048828,429.6950683594,13.5399999619
2023-07-13,89.5625991821,182.0099945068,433.1054687500,13.6099996567
2023-07-14,89.0351943970,181.4299926758,432.8357238770,13.3400001526
2023-07-17,89.0791320801,181.5599975586,434.3385925293,13.4799995422
2023-07-18,89.4834823608,183.6399993896,437.5659790039,13.3000001907
2023-07-19,90.4943389893,183.6699981689,438.5390319824,13.7600002289
2023-07-20,89.3955688477,182.7400054932,435.6295776367,13.9899997711
2023-07-21,89.4219589233,182.1799926758,435.6295776367,13.6000003815
2023-07-24,89.0967102051,181.3999938965,437.5755920410,13.9099998474
2023-07-25,88.9296951294,182.4100036621,438.7702941895,13.8599996567
2023-07-26,89.0176162720,183.3000030518,438.8376770020,13.1899995804
2023-07-27,87.2859573364,180.4199981689,435.9281921387,14.4099998474
2023-07-28,87.7342529297,181.8600006104,440.1961364746,13.3299999237
2023-07-31,87.9452209473,182.3500061035,441.0342712402,13.6300001144
2023-08-01,86.5040664673,180.4600067139,439.7721862793,13.9300003052
2023-08-02,85.5785675049,179.6000061035,433.6545715332,16.0900001526
2023-08-03,83.6041336060,179.5399932861,432.4118347168,15.9200000763
2023-08-04,85.0849533081,180.1900024414,430.4561462402,17.1000003815
2023-08-07,84.2475738525,179.7799987793,434.2134094238,15.7700004578
2023-08-08,85.2259979248,178.6399993896,432.3251342773,15.9899997711
2023-08-09,85.6667175293,177.7899932861,429.4349060059,15.9600000381
2023-08-10,84.2563934326,177.6000061035,429.5890808105,15.8500003815
2023-08-11,84.0625000000,177.6000061035,429.3385620117,14.8400001526
2023-08-14,83.8773880005,177.0599975586,431.7085571289,14.8199996948
2023-08-15,83.3661422729,176.5899963379,426.6795959473,16.4599990845
2023-08-16,82.7138824463,175.5700073242,423.5485839844,16.7800006866
2023-08-17,82.3613128662,175.3000030518,420.3211364746,17.8899993896
2023-08-18,82.6521606445,175.3300018311,420.5234680176,17.2999992371
2023-08-21,81.5503768921,175.8099975586,423.2595825195,17.1299991608
2023-08-22,82.1762084961,176.1000061035,422.1130371094,16.9699993134
2023-08-23,84.2123413086,177.8899993896,426.8144836426,15.9799995422
2023-08-24,83.6570358276,177.8500061035,420.8992309570,17.2000007629
2023-08-25,83.9302597046,177.6199951172,423.8664550781,15.6800003052
2023-08-28,84.0184097290,178.1300048828,426.5543823242,15.0799999237
2023-08-29,84.8910140991,179.8699951172,432.7201232910,14.4499998093
2023-08-30,84.8028869629,180.3200073242,434.5023803711,13.8800001144
2023-08-31,85.1818847656,180.0200042725,433.8665466309,13.5699996948
2023-09-01,83.8548889160,180.1100006104,434.6758117676,13.0900001526
2023-09-05,82.6790847778,178.6399993896,432.7971496582,14.0100002289
2023-09-06,82.8824157715,177.8300018311,429.8876647949,14.4499998093
2023-09-07,83.1122665405,178.0200042725,428.5678100586,14.3999996185
2023-09-08,83.4305572510,178.0800018311,429.2133178711,13.8400001526
2023-09-11,82.8293838501,178.4100036621,432.0361328125,13.8000001907
2023-09-12,83.3067703247,177.4900054932,429.6661682129,14.2299995422
2023-09-13,83.2891082764,177.0800018311,430.1671447754,13.4799995422
2023-09-14,82.6879119873,177.1699981689,433.8761596680,12.8199996948
2023-09-15,82.1839981079,178.3399963379,428.6487121582,13.7899999619
2023-09-18,82.6525497437,179.3899993896,428.9000549316,14.0000000000
2023-09-19,82.0425415039,179.2200012207,428.0106811523,14.1099996567
2023-09-20,82.2989044189,179.3500061035,424.0757751465,15.1400003433
2023-09-21,80.1859664917,178.0500030518,417.0665588379,17.5400009155
2023-09-22,80.8313751221,178.6199951172,416.1287536621,17.2000007629
2023-09-25,78.8421707153,177.6999969482,417.8786315918,16.8999996185
2023-09-26,78.5680999756,176.2799987793,411.7394409180,18.9400005341
2023-09-27,78.1614227295,174.1000061035,411.9037780762,18.2199993134
2023-09-28,78.4001312256,173.2299957275,414.2917785645,17.3400001526
2023-09-29,78.4089813232,171.4499969482,413.2862548828,17.5200004578
2023-10-02,77.0964050293,169.6499938965,413.1219787598,17.6100006104
2023-10-03,75.4379272461,169.1600036621,407.5918579102,19.7800006866
2023-10-04,76.5021972656,169.1399993896,410.5599365234,18.5799999237
2023-10-05,76.1208343506,168.8300018311,410.4052734375,18.4899997711
2023-10-06,75.1984710693,169.6999969482,415.2778930664,17.4500007629
2023-10-09,76.9633483887,172.8200073242,417.9366455078,17.7000007629
2023-10-10,76.8569564819,172.5299987793,420.1119079590,17.0300006866
2023-10-11,78.4621658325,173.7899932861,421.8328247070,16.0900001526
2023-10-12,76.3336944580,173.2599945068,419.2611389160,16.6900005341
2023-10-13,77.6994705200,178.8300018311,417.1727905273,19.3199996948
2023-10-16,76.4489898682,177.9600067139,421.5621643066,17.2099990845
2023-10-17,75.6064376831,178.2899932861,421.5428161621,17.8799991608
2023-10-18,74.9412765503,180.8699951172,415.9256896973,19.2199993134
2023-10-19,73.4069747925,183.0899963379,412.2711791992,21.3999996185
2023-10-20,73.8238372803,183.5899963379,407.2051391602,21.7099990845
2023-10-23,74.7106781006,182.9700012207,406.4994201660,20.3700008392
2023-10-24,75.6951446533,182.9499969482,409.5641784668,18.9699993134
2023-10-25,74.0100555420,183.7200012207,403.6859741211,20.1900005341
2023-10-26,75.1452636719,184.0099945068,398.8520812988,20.6800003052
2023-10-27,74.8259887695,186.1499938965,397.0441284180,21.2700004578
2023-10-30,74.4889678955,185.1000061035,401.7910766602,19.7500000000
2023-10-31,74.1253509521,184.0899963379,404.3144226074,18.1399993896
2023-11-01,75.7325668335,183.5099945068,408.6263427734,16.8700008392
2023-11-02,77.4589920044,184.1199951172,416.4574279785,15.6599998474
2023-11-03,77.9840469360,184.7899932861,420.2569274902,14.9099998474
2023-11-06,77.2276077271,183.3500061035,421.2237243652,14.8900003433
2023-11-07,78.3667221069,182.5899963379,422.4224853516,14.8100004196
2023-11-08,79.7016067505,180.7700042725,422.7319335938,14.4499998093
2023-11-09,77.8683853149,181.4900054932,419.4351501465,15.2899999619
2023-11-10,78.3044357300,179.5099945068,425.9803466797,14.1700000763
2023-11-13,78.1264572144,180.5099945068,425.5742797852,14.7600002289
2023-11-14,79.8973846436,182.1199951172,433.8307495117,14.1599998474
2023-11-15,78.7760848999,181.6399993896,434.7491760254,14.1800003052
2023-11-16,79.7550277710,183.6900024414,435.2809448242,14.3199996948
2023-11-17,80.1287765503,183.6699981689,435.8223876953,13.8000001907
2023-11-20,80.6182327271,183.3699951172,439.1770935059,13.4099998474
2023-11-21,80.5826416016,185.3500061035,438.2200317383,13.3500003815
2023-11-22,80.8674316406,184.5599975586,439.9118957520,12.8500003815
2023-11-24,79.9151992798,185.5200042725,440.1826171875,12.4600000381
2023-11-27,81.2500839233,186.7700042725,439.3898315430,12.6899995804
2023-11-28,81.4102554321,189.2599945068,439.8249206543,12.6899995804
2023-11-29,82.4336700439,189.5399932861,439.5155029297,12.9799995422
2023-11-30,81.4814453125,188.7500000000,441.2460632324,12.9200000763
2023-12-01,83.0160903931,192.0099945068,443.8564147949,12.6300001144
2023-12-04,82.6857833862,187.8600006104,441.5264587402,13.0799999237
2023-12-05,84.4623184204,187.1499938965,441.4394226074,12.8500003815
2023-12-06,85.5871810913,187.8399963379,439.6605224609,12.9700002670
2023-12-07,85.0961608887,188.1499938965,443.0152893066,13.0600004196
2023-12-08,84.3998336792,185.6399993896,444.9199218750,12.3500003815
2023-12-11,84.2212829590,183.5899963379,446.6504516602,12.6300001144
2023-12-12,84.4712905884,183.4900054932,448.6904296875,12.0699996948
2023-12-13,86.4531478882,187.6300048828,454.8779296875,12.1899995804
2023-12-14,88.7020645142,188.7299957275,456.3377380371,12.4799995422
2023-12-15,88.8005676270,187.0000000000,455.5864562988,12.2799997330
2023-12-18,88.0930328369,187.8500061035,458.1491394043,12.5600004196
2023-12-19,88.5677032471,189.1300048828,460.9351196289,12.5299997330
2023-12-20,89.1677627563,188.1000061035,454.5477294922,13.6700000763
2023-12-21,88.6035308838,189.4299926758,458.8577880859,13.6499996185
2023-12-22,88.2005004883,190.2700042725,459.7798767090,13.0299997330
2023-12-26,88.4512710571,191.7200012207,461.7213134766,12.9899997711
2023-12-27,90.0186004639,192.5899963379,462.5562133789,12.4300003052
2023-12-28,89.3647994995,191.4700012207,462.7309265137,12.4700002670
2023-12-29,88.5587768555,191.1699981689,461.3913269043,12.4499998093
2024-01-02,88.0482177734,190.7200012207,458.8092041016,13.1999998093
2024-01-03,88.4154510498,189.1300048828,455.0622558594,14.0399999619
2024-01-04,87.0720291138,189.3200073242,453.5964660645,14.1300001144
2024-01-05,86.2391128540,189.3500061035,454.2177429199,13.3500003815
2024-01-08,87.0899353027,187.8699951172,460.7020874023,13.0799999237
2024-01-09,86.5346374512,187.9299926758,460.0032043457,12.7600002289
2024-01-10,86.1316223145,187.5000000000,462.6047058105,12.6899995804
2024-01-11,86.6152725220,187.8699951172,462.4008789062,12.4399995804
2024-01-12,86.4450683594,189.7100067139,462.7212219238,12.6999998093
2024-01-16,84.9225540161,187.9100036621,461.0223999023,13.8400001526
2024-01-17,84.7881927490,185.8399963379,458.4597473145,14.7899999619
2024-01-18,84.0000457764,187.3699951172,462.5367736816,14.1300001144
2024-01-19,84.2687377930,187.9299926758,468.3028259277,13.3000001907
2024-01-22,84.7702941895,187.2200012207,469.2929687500,13.1899995804
2024-01-23,84.0985870361,187.9499969482,470.6616210938,12.5500001907
2024-01-24,83.6059646606,186.3999938965,471.1761169434,13.1400003433
2024-01-25,84.1522903442,187.1399993896,473.7388610840,13.4499998093
2024-01-26,83.9910888672,187.0099945068,473.1370239258,13.2600002289
2024-01-29,84.9583587646,188.3300018311,476.8839721680,13.6000003815
2024-01-30,85.7285842896,188.5899963379,476.5150756836,13.3100004196
2024-01-31,86.5704956055,188.4499969482,468.7396545410,14.3500003815
2024-02-01,88.2686691284,190.4100036621,474.8745727539,13.8800001144
2024-02-02,86.3188705444,188.6100006104,479.8737792969,13.8500003815
2024-02-05,84.5758285522,187.5700073242,478.1264648438,13.6700000763
2024-02-06,85.4024276733,188.5500030518,479.5146179199,13.0600004196
2024-02-07,84.9891204834,188.5000000000,483.5139465332,12.8299999237
2024-02-08,84.4949264526,188.3300018311,483.7275085449,12.7899999619
2024-02-09,84.3242416382,187.6000061035,486.5231933594,12.9300003052
2024-02-12,84.4230575562,187.1100006104,486.3096008301,13.9300003052
2024-02-13,82.9764862061,184.5299987793,479.6116638184,15.8500003815
2024-02-14,83.3987960815,184.4199981689,483.9702453613,14.3800001144
2024-02-15,83.8300628662,185.6600036621,487.3094787598,14.0100002289
2024-02-16,83.3448715210,186.3399963379,484.8826904297,14.2399997711
2024-02-20,83.4167480469,187.4700012207,482.2131958008,15.4200000763
2024-02-21,82.8237533569,187.4799957275,482.6499938965,15.3400001526
2024-02-22,83.2280578613,187.5599975586,492.6387023926,14.5399999619
2024-02-23,84.3422164917,188.6199951172,492.9784240723,13.7500000000
2024-02-26,84.0906372070,188.1999969482,491.1728515625,13.7399997711
2024-02-27,83.4976272583,188.0000000000,492.0853576660,13.4300003052
2024-02-28,84.0277175903,188.3399963379,491.4350585938,13.8400001526
2024-02-29,84.6207351685,189.3099975586,493.2017211914,13.3999996185
2024-03-01,85.1480255127,192.8899993896,497.8320312500,13.1099996567
2024-03-04,84.8054885864,196.0099945068,497.2981567383,13.4899997711
2024-03-05,86.0132751465,197.1900024414,492.3280334473,14.4600000381
2024-03-06,86.5180206299,198.8099975586,494.8227844238,14.5000000000
2024-03-07,86.4368972778,199.9400024414,499.7346191406,14.4399995804
2024-03-08,86.2836837769,201.6300048828,496.7351379395,14.7399997711
2024-03-11,86.2386093140,202.0000000000,496.3079833984,15.2200002670
2024-03-12,85.5175476074,199.7899932861,501.6468811035,13.8400001526
2024-03-13,85.1029434204,201.1900024414,500.8606872559,13.7500000000
2024-03-14,83.7960357666,200.3500061035,499.8705139160,14.3999996185
2024-03-15,83.7689743042,199.7100067139,496.4381103516,14.4099998474
2024-03-18,83.5166091919,200.0299987793,499.3885192871,14.3299999237
2024-03-19,83.7509460449,199.8000030518,502.1636962891,13.8199996948
2024-03-20,83.7239151001,202.1799926758,506.8083801270,13.0399999619
2024-03-21,83.9041671753,201.9700012207,508.4830932617,12.9200000763
2024-03-22,84.7063674927,200.3500061035,507.5192565918,13.0600004196
2024-03-25,84.2827377319,200.9900054932,506.1170349121,13.1899995804
2024-03-26,84.5170822144,201.6399993896,505.1822509766,13.2399997711
2024-03-27,85.3553161621,203.1000061035,509.4278259277,12.7799997330
2024-03-28,85.2832107544,205.7200012207,509.3302917480,13.0100002289
2024-04-01,83.6934356689,207.8200073242,508.4442138672,13.6499996185
2024-04-02,83.2322387695,210.8899993896,505.2114868164,14.6099996567
2024-04-03,83.2141418457,212.7400054932,505.7664489746,14.3299999237
2024-04-04,83.8109970093,211.5200042725,499.5930480957,16.3500003815
2024-04-05,82.6444244385,215.1399993896,504.8121643066,16.0300006866
2024-04-08,82.6353912354,216.4799957275,505.0945739746,15.1899995804
2024-04-09,83.4040451050,217.6699981689,505.6788635254,14.9799995422
2024-04-10,81.5864105225,215.6100006104,500.6154174805,15.8000001907
2024-04-11,81.2156295776,219.8000030518,504.3935241699,14.9099998474
2024-04-12,81.6497192383,216.8899993896,497.4313964844,17.3099994659
2024-04-15,80.3836822510,220.9499969482,491.1994628906,19.2299995422
2024-04-16,79.8501434326,221.2200012207,490.3035888672,18.3999996185
2024-04-17,80.7363586426,219.5899963379,487.4018859863,18.2099990845
2024-04-18,80.3294219971,220.3399963379,486.3989562988,18.0000000000
2024-04-19,80.6187973022,221.0299987793,482.1534729004,18.7099990845
2024-04-22,80.4831314087,215.5700073242,486.5937194824,16.9400005341
2024-04-23,80.5102767944,215.0399932861,492.3679504395,15.6899995804
2024-04-24,79.9405670166,214.6399993896,492.1342468262,15.9700002670
2024-04-25,79.3799057007,215.9199981689,490.2646484375,15.3699998856
2024-04-26,79.7958679199,216.6199951172,494.9093627930,15.0299997330
2024-04-29,80.4650878906,216.1799926758,496.6621093750,14.6700000763
2024-04-30,79.7778015137,211.8699951172,488.7943725586,15.6499996185
2024-05-01,80.3658370972,213.7899932861,487.2071838379,15.3900003433
2024-05-02,80.7106704712,213.1300048828,491.7642211914,14.6800003052
2024-05-03,81.5274124146,212.9600067139,497.8597717285,13.4899997711
2024-05-06,81.8450241089,215.1999969482,503.0010986328,13.4899997711
2024-05-07,82.3441238403,214.2100067139,503.5561523438,13.2299995422
2024-05-08,81.8450241089,213.5800018311,503.6047668457,13.0000000000
2024-05-09,82.2443084717,216.9499969482,506.5064697266,12.6899995804
2024-05-10,81.7815017700,218.7100067139,507.1589050293,12.5500001907
2024-05-13,81.9902114868,216.2599945068,507.2270202637,13.6000003815
2024-05-14,82.4530258179,218.0899963379,509.5543212891,13.4200000763
2024-05-15,83.5783004761,220.8899993896,515.8641357422,12.4499998093
2024-05-16,83.4966354370,220.0299987793,514.8026733398,12.4200000763
2024-05-17,82.9339599609,223.6600036621,515.5428466797,11.9899997711
2024-05-20,82.6889724731,224.5599975586,516.1367797852,12.1499996185
2024-05-21,83.1154556274,224.2299957275,517.4025878906,11.8599996567
2024-05-22,83.2152862549,220.1100006104,515.9127807617,12.2899999619
2024-05-23,82.6799087524,215.7200012207,512.1444091797,12.7700004578
2024-05-24,82.9248886108,215.9199981689,515.5329589844,11.9300003052
2024-05-28,81.7361145020,218.1900024414,515.8933105469,12.9200000763
2024-05-29,80.7470016479,216.1600036621,512.2807617188,14.2799997330
2024-05-30,81.5274124146,216.5700073242,508.8823852539,14.4700002670
2024-05-31,82.0809783936,215.3000030518,513.5173950195,12.9200000763
2024-06-03,83.4085845947,217.2200012207,513.9360351562,13.1099996567
2024-06-04,84.3829040527,215.2700042725,514.5105590820,13.1599998474
2024-06-05,85.0020828247,217.8200073242,520.6256103516,12.6300001144
2024-06-06,84.8746185303,219.4299926758,520.6159667969,12.5799999237
2024-06-07,83.3175354004,211.6000061035,519.9829711914,12.2200002670
2024-06-10,82.7620620728,213.5399932861,521.5895996094,12.7399997711
2024-06-11,83.6179962158,214.1499938965,522.8457641602,12.8500003815
2024-06-12,84.2462768555,214.7200012207,527.1399536133,12.0399999619
2024-06-13,85.4846801758,212.9700012207,528.2012329102,11.9399995804
2024-06-14,86.2040176392,215.7299957275,528.5227050781,12.6599998474
2024-06-17,85.3480987549,214.6100006104,532.7291870117,12.7500000000
2024-06-18,86.1311798096,215.4700012207,534.0825805664,12.3000001907
2024-06-20,85.5575485229,218.1600036621,532.6318359375,13.2799997330
2024-06-21,85.5575485229,214.7799987793,531.9176635742,13.1999998093
2024-06-24,85.9035339355,215.6300048828,530.1887207031,13.3299999237
2024-06-25,86.0492477417,214.5599975586,532.2302246094,12.8400001526
2024-06-26,84.8199691772,212.5800018311,532.8945922852,12.5500001907
2024-06-27,85.1568679810,214.9900054932,533.7346801758,12.2399997711
2024-06-28,83.5724945068,215.0099945068,531.6342773438,12.4399995804
2024-07-01,82.1301269531,215.5700073242,532.7285156250,12.2200002670
2024-07-02,82.7695236206,215.5599975586,536.3136596680,12.0299997330
2024-07-03,83.8565597534,217.9900054932,538.7070312500,12.0900001526
2024-07-05,84.5508041382,220.9299926758,541.8134155273,12.4799995422
2024-07-08,84.7335052490,218.1900024414,542.4386596680,12.3699998856
2024-07-09,84.3589859009,218.5599975586,542.9661865234,12.5100002289
2024-07-10,84.6238861084,219.3600006104,548.3388671875,12.8500003815
2024-07-11,85.4460144043,223.2500000000,543.6109619141,12.9200000763
2024-07-12,85.8114089966,223.1100006104,547.0397338867,12.4600000381
2024-07-15,84.8248443604,223.8300018311,548.5441894531,13.1199998856
2024-07-16,86.0214843750,228.2899932861,551.7969360352,13.1899995804
2024-07-17,86.0397644043,227.2299957275,544.0602416992,14.4799995422
2024-07-18,85.3820724487,225.7799987793,539.8792724609,15.9300003052
2024-07-19,84.8796539307,221.7299957275,536.2940673828,16.5200004578
2024-07-22,84.6330108643,221.8000030518,541.8231811523,14.9099998474
2024-07-23,84.5142288208,222.5800018311,540.9733886719,14.7200002670
2024-07-24,83.6007919312,221.8000030518,528.7134399414,18.0400009155
2024-07-25,84.2859039307,218.3300018311,525.9587402344,18.4599990845
2024-07-26,84.9435958862,220.6300048828,531.8493652344,16.3899993896
2024-07-29,85.4003372192,220.3200073242,532.1618652344,16.6000003815
2024-07-30,85.7291946411,222.5200042725,529.4657592773,17.6900005341
2024-07-31,86.6061096191,226.5500030518,538.0719604492,16.3600006104
2024-08-01,87.3530883789,225.7700042725,530.4525146484,18.5900001526
2024-08-02,90.0751113892,225.3399963379,520.5762939453,23.3899993896
2024-08-05,90.5517272949,222.4799957275,505.4150695801,38.5699996948
2024-08-06,88.5262069702,220.6999969482,510.0748291016,27.7099990845
2024-08-07,87.9029922485,220.5500030518,506.6654968262,27.8500003815
2024-08-08,87.3622360229,224.0099945068,518.3782348633,23.7900009155
2024-08-09,88.2237777710,224.5599975586,520.6640625000,20.3700008392
2024-08-12,88.5445480347,228.4100036621,520.9376220703,20.7099990845
2024-08-13,89.1585998535,228.0599975586,529.5047607422,18.1200008392
2024-08-14,89.7176895142,226.1999969482,531.1752929688,16.1900005341
2024-08-15,88.9936370850,226.9100036621,540.2797241211,15.2299995422
2024-08-16,89.3052597046,231.9900054932,541.4909667969,14.8000001907
2024-08-19,89.7176895142,231.6100006104,546.6685180664,14.6499996185
2024-08-20,90.4325790405,232.4600067139,545.7795410156,15.8800001144
2024-08-21,90.4875488281,232.1499938965,547.6551513672,16.2700004578
2024-08-22,89.5893554688,229.3699951172,543.3568115234,17.5499992371
2024-08-23,90.1759567261,232.0200042725,549.1301879883,15.8599996567
2024-08-26,89.9468307495,232.7599945068,547.8212280273,16.1499996185
2024-08-27,89.7910079956,233.3899993896,548.5733642578,15.4300003052
2024-08-28,89.6810302734,231.7500000000,545.3887329102,17.1100006104
2024-08-29,89.3877639771,232.9499969482,545.4376220703,15.6499996185
2024-08-30,88.4345550537,231.2899932861,550.6443481445,15.0000000000
2024-09-03,89.8809356689,230.2899932861,539.3126831055,20.7199993134
2024-09-04,91.0395126343,230.4299926758,538.2086791992,21.3199996948
2024-09-05,91.5544204712,232.3500061035,536.8997802734,19.8999996185
2024-09-06,91.5452346802,230.6300048828,527.8637084961,22.3799991608
2024-09-09,91.9406051636,231.6000061035,533.7736816406,19.4500007629
2024-09-10,92.5842666626,232.6199951172,536.0987548828,19.0799999237
2024-09-11,92.5107116699,232.2500000000,541.5984497070,17.6900005341
2024-09-12,92.0785369873,236.3300018311,546.1604614258,17.0699996948
2024-09-13,92.3268051147,238.6799926758,549.0130004883,16.5599994659
2024-09-16,93.1727371216,238.6600036621,549.8238525391,17.1399993896
2024-09-17,92.7221832275,237.3399963379,550.0484008789,17.6100006104
2024-09-18,91.5728149414,235.5099945068,548.4171752930,18.2299995422
2024-09-19,91.2693634033,239.1699981689,557.7755126953,16.3299999237
2024-09-20,90.9199676514,242.2100067139,556.8113403320,16.1499996185
2024-09-23,90.7268676758,242.6799926758,558.2027587891,15.8900003433
2024-09-24,90.7084808350,246.0700073242,559.7999267578,15.3900003433
2024-09-25,89.9544982910,245.7299957275,558.5652465820,15.4099998474
2024-09-26,90.1659774780,246.9799957275,560.7797241211,15.3699998856
2024-09-27,90.6349105835,245.0200042725,559.9665527344,16.9599990845
2024-09-30,90.2027664185,243.0599975586,562.2104492188,16.7299995422
2024-10-01,90.8540191650,245.6100006104,557.1738891602,19.2600002289
2024-10-02,90.0883865356,245.6600036621,557.4090576172,18.8999996185
2024-10-03,89.2397003174,245.4900054932,556.3900756836,20.4899997711
2024-10-04,88.1419754028,245.0000000000,561.4460449219,19.2099990845
2024-10-07,87.4778137207,244.1699981689,556.3703613281,22.6399993896
2024-10-08,87.6253738403,242.3699951172,561.6323242188,21.4200000763
2024-10-09,87.1272354126,241.0500030518,565.5224609375,20.8600006104
2024-10-10,86.7859268188,242.8200073242,564.5327758789,20.9300003052
2024-10-11,86.4353866577,245.4700012207,567.9132690430,20.4599990845
2024-10-14,86.4999694824,245.0700073242,572.5579223633,19.7000007629
2024-10-15,87.5515899658,245.9199981689,568.1093139648,20.6399993896
2024-10-16,87.9205780029,247.1499938965,570.5784912109,19.5799999237
2024-10-17,86.5276489258,248.6300048828,570.6275634766,19.1100006104
2024-10-18,86.5922241211,251.2700042725,572.8224487305,18.0300006866
2024-10-21,85.0793609619,251.2200012207,571.8817749023,18.3700008392
2024-10-22,85.1623840332,253.9299926758,571.5780639648,18.2000007629
2024-10-23,84.9317779541,250.8699951172,566.3552856445,19.2399997711
2024-10-24,85.4760284424,252.8000030518,567.5801391602,19.0799999237
2024-10-25,84.9963378906,253.3200073242,567.3840942383,20.3299999237
2024-10-28,84.7657165527,253.3300018311,569.1381225586,19.7999992371
2024-10-29,84.8948669434,256.0899963379,570.0592651367,19.3400001526
2024-10-30,85.1439285278,257.5000000000,568.3345947266,20.3500003815
2024-10-31,85.2823028564,253.5099945068,557.1934814453,23.1599998474
2024-11-01,84.0799560547,252.4700012207,559.5451660156,21.8799991608
2024-11-04,85.3850479126,252.8300018311,558.3399658203,21.9799995422
2024-11-05,85.8385772705,253.3999938965,565.0912475586,20.4899997711
2024-11-06,83.4876022339,245.6999969482,579.1425170898,16.2700004578
2024-11-07,84.5335159302,249.6499938965,583.6205444336,15.1999998093
2024-11-08,85.6071777344,247.9600067139,586.1486206055,14.9399995804
2024-11-11,85.1906585693,242.1399993896,586.7071533203,14.9700002670
2024-11-12,83.9133758545,240.0500030518,584.8847045898,14.7100000381
2024-11-13,83.1173706055,237.6300048828,585.1688232422,14.0200004578
2024-11-14,83.5986557007,237.0099945068,581.4060668945,14.3100004196
2024-11-15,83.3765335083,236.5899963379,573.9591064453,16.1399993896
2024-11-18,83.5246276855,241.0899963379,576.3107910156,15.5799999237
2024-11-19,83.9503936768,243.2500000000,578.4175415039,16.3500003815
2024-11-20,83.6819763184,244.6199951172,578.6134033203,17.1599998474
2024-11-21,83.6171798706,246.6600036621,581.7196044922,16.8700008392
2024-11-22,83.6634521484,249.8399963379,583.5226440430,15.2399997711
2024-11-25,85.8293151855,242.4799957275,585.5019531250,14.6000003815
2024-11-26,85.4961166382,242.9499969482,588.5592041016,14.1000003815
2024-11-27,86.0884933472,243.4900054932,586.7757568359,14.1000003815
2024-11-29,86.9770584106,245.5899963379,590.4208984375,13.5100002289
2024-12-02,87.1860275269,243.4400024414,591.4791870117,13.3400001526
2024-12-03,86.4337158203,243.9299926758,591.7534179688,13.3000001907
2024-12-04,87.3625030518,244.6699981689,595.4279785156,13.4499998093
2024-12-05,87.5389785767,242.8600006104,594.4481201172,13.5399999619
2024-12-06,87.6689987183,242.9499969482,595.5750122070,12.7700004578
2024-12-09,86.8609390259,245.3600006104,592.5079345703,14.1899995804
2024-12-10,86.4522781372,248.5899963379,590.6658325195,14.1800003052
2024-12-11,85.6349182129,250.9600067139,595.2320556641,13.5799999237
2024-12-12,84.5946731567,247.2799987793,592.1651000977,13.9200000763
2024-12-13,83.7309188843,244.2899932861,592.0476074219,13.8100004196
2024-12-16,83.9816741943,244.8800048828,594.5755615234,14.6899995804
2024-12-17,84.1860046387,243.9400024414,592.1257934570,15.8699998856
2024-12-18,83.1333312988,239.2599945068,574.4784545898,27.6200008392
2024-12-19,81.8746032715,239.6000061035,574.3020019531,24.0900001526
2024-12-20,82.3407974243,242.1000061035,581.1999511719,18.3600006104
2024-12-23,81.5855331421,240.9600067139,584.6803588867,16.7800006866
2024-12-24,81.9305419922,241.4400024414,591.1790771484,14.2700004578
2024-12-26,81.8839111328,243.0700073242,591.2184448242,14.7299995422
2024-12-27,81.2125625610,241.3999938965,584.9948730469,15.9499998093
2024-12-30,81.8652648926,240.6300048828,578.3192749023,17.3999996185
2024-12-31,81.4270324707,242.1300048828,576.2153320312,17.3500003815
2025-01-02,81.6508026123,245.4199981689,574.7994995117,17.9300003052
2025-01-03,81.3897399902,243.4900054932,581.9864501953,16.1299991608
2025-01-06,81.0261001587,243.1900024414,585.3390502930,16.0400009155
2025-01-07,80.1123428345,244.5599975586,578.7222900391,17.8199996948
2025-01-08,80.2149047852,245.8600006104,579.5678710938,17.7000007629
2025-01-10,79.6834259033,248.2100067139,570.7194213867,19.5400009155
2025-01-13,79.6554565430,245.7400054932,571.6042480469,19.1900005341
2025-01-14,79.5249252319,247.0299987793,572.3906860352,18.7099990845
2025-01-15,80.8955459595,248.8800048828,582.8025512695,16.1200008392
2025-01-16,81.1566390991,250.6000061035,581.6817016602,16.6000003815
2025-01-17,81.2964782715,249.2700042725,587.5217285156,15.9700002670
2025-01-21,82.0237731934,253.1300048828,592.8995361328,15.0600004196
2025-01-22,81.5948562622,254.4299926758,596.2326049805,15.1000003815
2025-01-23,80.9608383179,254.0700073242,599.4868774414,15.0200004578
2025-01-24,81.3244705200,255.6499938965,597.7368164062,14.8500003815
2025-01-27,82.2848281860,252.9900054932,589.2816772461,17.8999996185
2025-01-28,82.2288970947,255.1799926758,594.3449096680,16.4099998474
2025-01-29,82.0610733032,254.1999969482,591.6804809570,16.5599994659
2025-01-30,82.3687515259,258.0499877930,594.8561401367,15.8400001526
2025-01-31,81.8279724121,258.5599975586,591.6903076172,16.4300003052
2025-02-03,82.4941940308,259.9400024414,587.7084960938,18.6200008392
2025-02-04,82.7468643188,262.5000000000,591.6510620117,17.2099990845
2025-02-05,84.1130294800,264.1300048828,594.0498657227,15.7700004578
2025-02-06,84.0756072998,263.4299926758,596.1146240234,15.5000000000
2025-02-07,83.5328598022,263.8999938965,590.6580200195,16.5400009155
2025-02-10,83.2802124023,268.3699951172,594.6693725586,15.8100004196
2025-02-11,82.7468643188,267.3900146484,595.1216430664,16.0200004578
2025-02-12,81.6239776611,267.6700134277,593.2044677734,15.8900003433
2025-02-13,82.9807968140,270.3099975586,599.4672241211,15.1000003815
2025-02-14,83.4205780029,266.2900085449,599.4376831055,14.7700004578
2025-02-18,82.4380569458,270.7000122070,601.1975708008,15.3500003815
2025-02-19,82.5410079956,270.8500061035,602.6133422852,15.2700004578
2025-02-20,82.8497848511,270.9899902344,600.1062011719,15.6599998474
2025-02-21,83.8510208130,270.7399902344,589.8419799805,18.2099990845
2025-02-24,84.0943222046,272.2099914551,587.1580200195,18.9799995422
2025-02-25,85.5447006226,268.6199951172,584.2378540039,19.4300003052
2025-02-26,86.0499877930,269.0299987793,584.5328979492,19.1000003815
2025-02-27,85.4417648315,264.9299926758,575.2025146484,21.1299991608
2025-02-28,86.4897918701,263.2699890137,584.1789550781,19.6299991608
2025-03-03,86.8934173584,266.7399902344,573.9442138672,22.7800006866
2025-03-04,85.8233413696,269.0599975586,567.1504516602,23.5100002289
2025-03-05,85.1380920410,269.6199951172,573.2461547852,21.9300003052
2025-03-06,84.8564834595,268.2500000000,563.0702514648,24.8700008392
2025-03-07,84.5842895508,268.3900146484,566.2261962891,23.3700008392
2025-03-10,85.4666442871,266.0400085449,551.1445312500,27.8600006104
2025-03-11,84.8564834595,269.1600036621,546.5628662109,26.9200000763
2025-03-12,84.3495941162,270.3299865723,549.4631958008,24.2299995422
2025-03-13,85.0911560059,275.1300048828,542.1386718750,24.6599998474
2025-03-14,84.6405792236,275.2399902344,553.3369140625,21.7700004578
2025-03-17,85.0630035400,276.7300109863,557.6038818359,20.5100002289
2025-03-18,85.1474838257,279.9599914551,551.5770874023,21.7000007629
2025-03-19,85.5886688232,281.1099853516,557.5842285156,19.8999996185
2025-03-20,85.6449737549,280.7500000000,555.9718627930,19.7999992371
2025-03-21,85.1380920410,278.4899902344,556.1552734375,19.2800006866
2025-03-24,84.2651367188,277.2500000000,566.1151733398,17.4799995422
2025-03-25,84.2557373047,278.4700012207,567.4760131836,17.1499996185
2025-03-26,83.7019195557,278.2399902344,560.7012939453,18.3299999237
2025-03-27,83.4578704834,281.9700012207,559.2122802734,18.6900005341
2025-03-28,84.6124420166,284.0599975586,547.9507446289,21.6499996185
2025-03-31,85.4478454590,288.1400146484,551.6289062500,22.2800006866
2025-04-01,86.1882934570,287.5700073242,553.1869506836,21.7700004578
2025-04-02,86.1317977905,288.1600036621,556.6877441406,21.5100002289
2025-04-03,86.5274429321,286.4200134277,529.2537231445,30.0200004578
2025-04-04,87.4695129395,279.7200012207,498.2696838379,45.3100013733
2025-04-07,84.8317489624,273.7099914551,497.3821716309,46.9799995422
2025-04-08,83.2302474976,275.2000122070,489.5917968750,52.3300018311
2025-04-09,83.7201309204,285.3800048828,541.0084228516,33.6199989319
2025-04-10,81.4120941162,292.3500061035,517.3019409180,40.7200012207
2025-04-11,81.8548965454,297.9299926758,526.5321044922,37.5600013733
2025-04-14,82.4389419556,296.2300109863,531.6401977539,30.8899993896
2025-04-15,82.7309875488,297.7799987793,530.1511230469,30.1200008392
2025-04-16,83.1925811768,307.4700012207,518.3669433594,32.6399993896
2025-04-17,82.4577789307,306.1199951172,519.1065063477,29.6499996185
2025-04-21,81.0164413452,315.5899963379,506.7503356934,33.8199996948
2025-04-22,81.4686355591,311.1099853516,519.9349365234,30.5699996948
2025-04-23,82.2599563599,303.6499938965,527.9915161133,28.4500007629
2025-04-24,83.1266403198,308.0700073242,539.1051635742,26.4699993134
2025-04-25,83.7389907837,304.7300109863,543.0003662109,24.8400001526
2025-04-28,84.2665176392,309.0700073242,543.2073974609,25.1499996185
2025-04-29,84.9730529785,306.0599975586,546.6292724609,24.1700000763
2025-04-30,84.2853622437,303.7699890137,546.8462524414,24.7000007629
2025-05-01,83.8579864502,297.4599914551,550.7216796875,24.6000003815
2025-05-02,82.9502944946,297.9800109863,558.8966674805,22.6800003052
2025-05-05,82.4869842529,306.8800048828,555.6917724609,23.6399993896
2025-05-06,82.7611846924,315.4800109863,551.0471191406,24.7600002289
2025-05-07,83.1110305786,310.7500000000,553.3645629883,23.5499992371
2025-05-08,82.1844406128,304.6300048828,557.2202758789,22.4799995422
2025-05-09,82.3073425293,306.8399963379,556.5103759766,21.8999996185
2025-05-12,81.5414581299,298.1900024414,574.9015502930,18.3899993896
2025-05-13,81.2105560303,299.4599914551,578.6981201172,18.2199993134
2025-05-14,80.6715927124,293.1600036621,579.4378051758,18.6200008392
2025-05-15,81.3807296753,297.8399963379,582.2678222656,17.8299999237
2025-05-16,81.5982055664,294.2399902344,585.9559936523,17.2399997711
2025-05-19,81.3618240356,298.0299987793,586.5969848633,18.1399993896
2025-05-20,80.7755966187,303.5799865723,584.6246948242,18.0900001526
2025-05-21,79.3951416016,305.8200073242,574.7733154297,20.8700008392
2025-05-22,79.8111724854,303.1099853516,575.0000610352,20.2800006866
2025-05-23,79.9435501099,309.7500000000,571.0754394531,22.2900009155
2025-05-27,81.0592651367,304.5000000000,582.9483032227,18.9599990845
2025-05-28,80.7093963623,303.8099975586,579.5757446289,19.3099994659
2025-05-29,81.4563674927,305.6099853516,581.8635253906,19.1800003052
2025-05-30,81.5792846680,303.6000061035,581.2127685547,18.5699996948
2025-06-02,80.8200607300,311.6700134277,584.4867553711,18.3600006104
2025-06-03,80.6777038574,308.9100036621,587.8198242188,17.6900005341
2025-06-04,81.9873809814,310.8999938965,587.6619262695,17.6100006104
2025-06-05,82.0443115234,309.3299865723,584.8218994141,18.4799995422
2025-06-06,81.0003662109,305.1799926758,590.8275146484,16.7700004578
2025-06-09,81.0858001709,306.6199951172,591.3599853516,17.1599998474
2025-06-10,81.5033569336,306.7099914551,594.7128295898,16.9500007629
2025-06-11,81.7501068115,308.3699951172,593.0166015625,17.2600002289
2025-06-12,82.7276229858,312.2000122070,595.3734741211,18.0200004578
2025-06-13,81.9304428101,316.2900085449,588.7171020508,20.8199996948
2025-06-16,81.1047592163,311.7799987793,594.3183593750,19.1100006104
2025-06-17,82.0917892456,311.9400024414,589.2398071289,21.6000003815
2025-06-18,82.2341308594,310.2600097656,589.1510009766,20.1399993896
2025-06-20,82.0822753906,310.1300048828,587.7673950195,20.6200008392
2025-06-23,82.3479995728,311.0799865723,593.5729980469,19.8299999237
2025-06-24,82.9459228516,306.1900024414,600.1304321289,17.4799995422
2025-06-25,83.0503082275,307.1199951172,600.4667358398,16.7600002289
2025-06-26,83.4678649902,306.7799987793,605.1646118164,16.5900001526
2025-06-27,82.9364242554,301.2200012207,608.1713256836,16.3199996948
2025-06-30,83.7525863647,304.8299865723,611.0791015625,16.7299995422
2025-07-01,83.9602661133,307.5499877930,610.8812255859,16.8299999237
2025-07-02,83.4268112183,309.2500000000,613.6505737305,16.6399993896
2025-07-03,82.8457489014,307.1400146484,618.4869995117,16.3799991608
2025-07-07,82.0550994873,307.3699951172,613.8780517578,17.7900009155
2025-07-08,81.9503021240,304.1600036621,613.5418701172,16.8099994659
2025-07-09,82.8076400757,305.5199890137,617.2209472656,15.9399995804
2025-07-10,82.8647766113,306.2000122070,618.9617309570,15.7799997330
2025-07-11,81.7216949463,309.1400146484,616.7857666016,16.3999996185
2025-07-14,81.5502166748,308.0100097656,617.9627685547,17.2000007629
2025-07-15,80.9786758423,306.7300109863,615.3220214844,17.3799991608
2025-07-16,81.0929794312,308.2600097656,617.3792724609,17.1599998474
2025-07-17,81.0739288330,307.5899963379,621.1573486328,16.5200004578
2025-07-18,81.1977539062,308.3900146484,620.7025146484,16.4099998474
2025-07-21,81.9217376709,313.1300048828,621.8794555664,16.6499996185
2025-07-22,82.4170684814,316.1000061035,621.9684448242,16.5000000000
2025-07-23,81.9598464966,312.1799926758,627.2597656250,15.3699998856
2025-07-24,81.8169555664,310.2699890137,627.4674072266,15.3900003433
2025-07-25,82.3313446045,307.3999938965,630.1181030273,14.9300003052
2025-07-28,81.7978973389,305.4100036621,629.9598999023,15.0299997330
2025-07-29,83.1791229248,306.2500000000,628.2982788086,15.9799995422
2025-07-30,82.7504653931,300.9599914551,627.5070190430,15.4799995422
2025-07-31,82.7981109619,302.9599914551,625.1531372070,16.7199993134
2025-08-01,83.9752120972,309.1099853516,614.9066162109,20.3799991608
2025-08-04,84.2046966553,310.9100036621,624.2530517578,17.5200004578
2025-08-05,84.4628906250,311.1600036621,621.0880737305,17.8500003815
2025-08-06,83.9752120972,310.5000000000,625.8454589844,16.7700004578
2025-08-07,83.8317794800,313.1199951172,625.3211669922,16.5699996948
2025-08-08,83.4684143066,313.0499877930,630.1972656250,15.1499996185
2025-08-11,83.5640487671,308.5499877930,628.9509887695,16.2500000000
2025-08-12,83.1432876587,308.2699890137,635.6468505859,14.7299995422
2025-08-13,83.8317794800,309.2099914551,637.8227539062,14.4899997711
2025-08-14,83.2102279663,307.2500000000,637.8820800781,14.8299999237
2025-08-15,82.6173782349,307.4299926758,636.3886718750,15.0900001526
2025-08-18,82.3783264160,306.9500122070,636.2501831055,14.9899997711
2025-08-19,82.8564376831,305.2699890137,632.7984008789,15.5699996948
2025-08-20,83.0381164551,308.3599853516,631.1170043945,15.6899995804
2025-08-21,82.6269454956,307.2900085449,628.5850830078,16.6000003815
2025-08-22,83.2389297485,310.5799865723,638.2381591797,14.2200002670
2025-08-25,82.9998779297,309.8299865723,635.4291992188,14.7899999619
2025-08-26,82.9520568848,312.0799865723,638.0897216797,14.6199998856
2025-08-27,82.8564376831,312.7099914551,639.5437011719,14.8500003815
2025-08-28,83.4014892578,315.0299987793,641.8085327148,14.4300003052
2025-08-29,82.8086166382,318.0700073242,637.9809570312,15.3599996567
2025-09-02,82.1923904419,325.5899963379,633.2533569336,17.1700000763
2025-09-03,83.0946502686,328.1400146484,636.6853027344,16.3500003815
2025-09-04,83.7281646729,326.6900024414,642.0063476562,15.3000001907
2025-09-05,85.0047683716,331.0499877930,640.1469116211,15.1800003052
2025-09-08,86.1373977661,334.8200073242,641.7194824219,15.1099996567
2025-09-09,85.6478652954,334.0599975586,643.2031250000,15.0399999619
2025-09-10,86.1373977661,335.2600097656,645.0624389648,15.3500003815
2025-09-11,86.7133178711,334.7600097656,650.4231567383,14.7100000381
2025-09-12,86.3389663696,335.4200134277,650.2055664062,14.7600002289
2025-09-15,86.5405426025,338.9100036621,653.6671142578,15.6899995804
2025-09-16,86.7229156494,339.5899963379,652.7670898438,16.3600006104
2025-09-17,86.5021514893,336.9700012207,651.9561767578,15.7200002670
2025-09-18,85.6094741821,335.6199951172,655.0023803711,15.6999998093
2025-09-19,85.4462890625,339.1799926758,658.2465209961,15.4499998093
2025-09-22,85.1391525269,345.0499877930,661.3607177734,16.1000003815
2025-09-23,85.7342529297,346.4599914551,657.7605590820,16.6399993896
2025-09-24,85.4079208374,343.3200073242,655.6678466797,16.1800003052
2025-09-25,85.4079208374,344.7500000000,652.6429443359,16.7399997711
2025-09-26,85.3311157227,346.7399902344,656.3818969727,15.2899999619
2025-09-29,86.0317993164,352.4599914551,658.2266845703,16.1200008392
2025-09-30,85.7822570801,355.4700012207,660.7060546875,16.2800006866
2025-10-01,86.0037994385,356.0299987793,662.9574584961,16.2900009155
2025-10-02,86.2542419434,354.7900085449,663.7210693359,16.6299991608
2025-10-03,86.0904769897,357.6400146484,663.7113037109,16.6499996185
2025-10-06,85.4066085815,364.3800048828,666.0914916992,16.3700008392
2025-10-07,85.8978347778,366.2600097656,663.6220092773,17.2399997711
2025-10-08,85.9652633667,372.2999877930,667.5791625977,16.2999992371
2025-10-09,85.8978347778,365.4299926758,665.6452026367,16.4300003052
2025-10-10,87.2848434448,369.1199951172,647.6542358398,21.6599998474
2025-10-13,87.2366638184,378.0899963379,657.5919189453,19.0300006866
2025-10-14,87.5160140991,380.7900085449,656.7885742188,20.8099994659
2025-10-15,87.3233642578,387.3900146484,659.7044067383,20.6399993896
2025-10-16,87.9783401489,396.4500122070,655.2116699219,25.3099994659
2025-10-17,87.8434906006,388.9899902344,658.9308471680,20.7800006866
2025-10-20,88.1806182861,403.1499938965,665.7840576172,18.2299995422
2025-10-21,88.6140518188,377.2399902344,665.7741088867,17.8700008392
2025-10-22,88.6718292236,377.2799987793,662.3127441406,18.6000003815
2025-10-23,88.0650329590,378.7900085449,666.2402954102,17.2999992371
2025-10-24,88.1035537720,377.5199890137,671.6851806641,16.3700008392
2025-10-27,88.4021301270,367.0100097656,679.6094970703,15.7899999619
2025-10-28,88.6333160400,364.3800048828,681.4145507812,16.4200000763
2025-10-29,87.7375411987,363.0000000000,681.7418212891,16.9200000763
2025-10-30,87.2270355225,370.1300048828,674.2440185547,16.9099998474
2025-10-31,86.9669876099,368.1199951172,676.4556884766,17.4400005341
2025-11-03,86.7494812012,368.7799987793,677.7251586914,17.1700000763
2025-11-04,86.9428253174,362.3200073242,669.6916503906,19.0000000000
2025-11-05,85.9954757690,366.5100097656,672.0124511719,18.0100002289
2025-11-06,86.7688217163,366.0700073242,664.8022460938,19.5000000000
2025-11-07,86.5851440430,368.3099975586,665.4567260742,19.0799999237
2025-11-10,86.5658187866,378.3800048828,675.8406982422,17.6000003815
2025-11-11,86.9621582031,379.8699951172,677.3879394531,17.2800006866
2025-11-12,87.1168212891,385.9899902344,677.7647705078,17.5100002289
2025-11-13,86.4014739990,382.8699951172,666.5180053711,20.0000000000
2025-11-14,85.9084854126,375.9599914551,666.4088134766,19.8299999237
2025-11-17,86.1211471558,371.6499938965,660.2003173828,22.3799991608
2025-11-18,86.0921401978,374.3500061035,654.6562500000,24.6900005341
2025-11-19,85.9181442261,374.9599914551,657.1853027344,23.6599998474
2025-11-20,86.2564773560,374.8500061035,647.1683349609,26.4200000763
2025-11-21,86.5174789429,374.2699890137,653.6148681641,23.4300003052
2025-11-24,87.0104980469,380.2000122070,663.2351684570,20.5200004578
2025-11-25,87.2328033447,380.0799865723,669.4735107422,18.5599994659
2025-11-26,87.6194915771,383.1199951172,674.0952148438,17.1900005341
2025-11-28,87.2038269043,387.8800048828,677.7747192383,16.3500003815
2025-12-01,86.1182479858,389.7500000000,674.6803588867,17.2399997711
2025-12-02,86.1570358276,387.2399902344,675.9299926758,16.5900001526
2025-12-03,86.3995742798,386.8800048828,678.2706298828,16.0799999237
2025-12-04,85.9339218140,387.1300048828,678.7665405273,15.7799997330
2025-12-05,85.5361633301,386.4400024414,680.0557861328,15.4099998474
2025-12-08,85.2548370361,385.4200134277,678.0127563477,16.6599998474
2025-12-09,85.3421401978,387.3999938965,677.4276123047,16.9300003052
2025-12-10,85.6719894409,389.0499877930,681.9203491211,15.7700004578
2025-12-11,85.5555725098,393.2399902344,683.5072021484,14.8500003815
2025-12-12,84.7309570312,395.4400024414,676.1581420898,15.7399997711
2025-12-15,84.7891769409,395.7999877930,675.1365966797,16.5000000000
2025-12-16,85.2548370361,395.8900146484,673.2918701172,16.4799995422
2025-12-17,85.1772308350,399.2900085449,665.8832397461,17.6200008392
2025-12-18,85.5846862793,398.5700073242,670.9114990234,16.8700008392
2025-12-19,85.2652359009,399.0199890137,676.9923095703,14.9099998474
2025-12-22,85.0801925659,408.2300109863,681.2098388672,14.0799999237
2025-12-23,85.2165527344,413.6400146484,684.3233032227,14.0000000000
2025-12-24,85.7327117920,411.9299926758,686.7305297852,13.4700002670
2025-12-26,85.4502716064,416.7399902344,686.6608886719,13.6000003815
2025-12-29,85.7716674805,398.6000061035,684.2138671875,14.1999998093
2025-12-30,85.5671539307,398.8900146484,683.3782958984,14.3299999237
2025-12-31,84.8854064941,396.3099975586,678.3152465820,14.9499998093
2026-01-02,84.7588043213,398.2799987793,679.5585937500,14.5100002289
2026-01-05,85.1775817871,408.7600097656,684.0845947266,14.8999996185
2026-01-06,85.0022811890,413.1799926758,688.1529541016,14.7500000000
2026-01-07,85.4989776611,409.2300109863,685.9347534180,15.3800001144
2026-01-08,85.0704574585,411.4899902344,685.8651123047,15.4499998093
2026-01-09,85.6353225708,414.4700012207,690.4010009766,14.4899997711
2026-01-12,85.3820953369,422.2300109863,691.4852294922,15.1199998856
2026-01-13,85.5281982422,421.6300048828,690.1026000977,15.9799995422
2026-01-14,86.0248947144,425.9400024414,686.7105712891,16.7500000000
2026-01-15,86.0054016113,423.3299865723,688.5806884766,15.8400001526
2026-01-16,85.5087127686,421.2900085449,688.0037231445,15.8599996567
2026-01-20,84.3887176514,437.2300109863,673.9981689453,20.0900001526
2026-01-21,85.0315017700,443.6000061035,681.7768554688,16.8999996185
2026-01-22,85.4015808105,451.7900085449,685.3379516602,15.6400003433
2026-01-23,85.6353225708,458.0000000000,685.5865478516,16.0900001526
2026-01-26,86.0443496704,464.7000122070,689.0681152344,16.1499996185
2026-01-27,85.5087127686,476.1000061035,691.8134765625,16.3500003815
2026-01-28,85.3139343262,494.5599975586,691.7438354492,16.3500003815
2026-01-29,85.3334045410,495.8999938965,690.3711547852,16.8799991608
2026-01-30,84.8561935425,444.9500122070,688.3121337891,17.4400005341
2026-02-02,84.6137466431,427.1300048828,691.7338867188,16.3400001526
2026-02-03,84.8190383911,454.2900085449,685.8850097656,18.0000000000
2026-02-04,84.6039657593,453.9700012207,682.5626831055,18.6399993896
2026-02-05,85.5229415894,441.8800048828,674.0379638672,21.7700004578
2026-02-06,85.5815887451,455.4599914551,686.9692382812,20.3700008392
2026-02-09,85.5620422363,467.0299987793,690.2816162109,17.3600006104
2026-02-10,86.5494537354,462.3999938965,688.4613037109,17.7900009155
2026-02-11,86.0899658203,467.6300048828,688.3021850586,17.6499996185
2026-02-12,87.2338027954,451.3900146484,677.6687011719,20.8199996948
2026-02-13,87.7128295898,462.6199951172,678.1461181641,20.6000003815
2026-02-17,87.8594818115,448.2000122070,679.2402954102,20.2900009155
2026-02-18,87.5270767212,458.2799987793,682.6621093750,19.6200008392
2026-02-19,87.6150665283,459.5599975586,680.8616943359,20.2299995422
2026-02-20,87.4097747803,468.6199951172,685.7855834961,19.0900001526
2026-02-23,87.7323760986,481.2799987793,678.7827758789,21.0100002289
2026-02-24,87.8888015747,474.6099853516,683.7164916992,19.5499992371
2026-02-25,87.8985900879,473.4200134277,689.4859008789,17.9300003052
2026-02-26,88.2505187988,477.4800109863,685.6561889648,18.6299991608
2026-02-27,88.7882156372,483.7500000000,682.3637084961,19.8600006104
2026-03-02,87.8966064453,490.0000000000,682.7516479492,21.4400005341
2026-03-03,87.7200469971,468.1400146484,676.7337036133,23.5699996948
2026-03-04,87.4453964233,471.7999877930,681.5083007812,21.1499996185
2026-03-05,87.0922851562,466.1300048828,677.7084350586,23.7500000000
2026-03-06,86.7685852051,473.5100097656,668.8256225586,29.4899997711
2026-03-09,87.5238723755,472.5299987793,674.6845092773,25.5000000000
2026-03-10,86.5920333862,477.8599853516,673.6002807617,24.9300003052
2026-03-11,85.4738311768,476.2399902344,672.7548217773,24.2299995422
2026-03-12,85.3070755005,466.8800048828,662.5390625000,27.2900009155
2026-03-13,84.8852996826,460.8399963379,658.7890014648,27.1900005341
2026-03-16,85.5424880981,460.4299926758,665.4934082031,23.5100002289
2026-03-17,85.7779083252,459.2699890137,667.2440185547,22.3700008392
2026-03-18,85.2972640991,444.7399902344,657.9335327148,25.0900001526
2026-03-19,85.8171386719,426.4100036621,656.3121337891,24.0599994659
2026-03-20,84.1888732910,413.3800048828,646.9034423828,26.7800006866
2026-03-23,84.7381668091,404.0400085449,653.6959228516,26.1499996185
2026-03-24,84.3654327393,404.1300048828,651.5015869141,26.9500007629
2026-03-25,85.1795654297,416.2900085449,655.1322021484,25.3299999237
2026-03-26,84.4635238647,400.6400146484,643.4323730469,27.4400005341
2026-03-27,84.0025024414,414.7000122070,632.4606323242,31.0499992371
2026-03-30,85.1207122803,414.5799865723,630.3460693359,30.6100006104
2026-03-31,85.0324325562,430.2900085449,648.6688842773,25.2500000000
2026-04-01,84.9487228394,437.8200073242,653.5562744141,24.5400009155
2026-04-02,85.4706726074,429.4100036621,654.1447753906,23.8700008392
2026-04-06,85.3328018188,427.6499938965,657.2368164062,24.1700000763
2026-04-07,85.3229522705,431.8099975586,657.5260009766,25.7800006866
2026-04-08,85.5986862183,434.5299987793,674.2729492188,21.0400009155
2026-04-09,85.3820343018,437.9100036621,678.1628417969,19.4899997711
2026-04-10,85.1752243042,437.1300048828,677.7140502930,19.2299995422
2026-04-13,85.4312820435,435.3599853516,684.3369750977,19.1200008392
2026-04-14,85.8842849731,445.0899963379,692.6755371094,18.3600006104
2026-04-15,85.5100631714,440.4599914551,698.1414184570,18.1700000763
2026-04-16,84.9684219360,440.0799865723,699.8569946289,17.9400005341
2026-04-17,85.7464065552,445.9299926758,708.3152465820,17.4799995422
2026-04-20,85.7267150879,442.0899963379,706.8988037109,18.8700008392
2026-04-21,85.2540054321,429.5700073242,702.2708129883,19.5000000000
2026-04-22,85.4214248657,435.2600097656,709.3825073242,18.9200000763
2026-04-23,85.2343139648,431.0400085449,706.6295776367,19.3099994659
2026-04-24,85.3918838501,433.2500000000,712.1054687500,18.7099990845
2026-04-27,84.9684219360,429.8900146484,713.3322753906,18.0200004578
2026-04-28,85.0570602417,421.9100036621,709.8612060547,17.8299999237
2026-04-29,84.3972320557,417.4100036621,709.7515258789,18.8099994659
2026-04-30,84.3184585571,423.6600036621,716.8132934570,16.8899993896
2026-05-01,84.6199264526,423.1799926758,718.7982177734,16.9899997711
2026-05-04,83.9774398804,414.7099914551,716.1649780273,18.2900009155
2026-05-05,84.4420089722,418.2699890137,721.9102172852,17.3799991608
2026-05-06,85.0844955444,430.9599914551,731.9443359375,17.3899993896
2026-05-07,84.6594619751,431.6799926758,729.7001342773,17.0799999237
2026-05-08,85.0844955444,433.7699890137,735.7246093750,17.1900005341
2026-05-11,84.5705032349,434.6499938965,737.4002685547,18.3799991608
2026-05-12,84.0070877075,432.9299926758,736.2831420898,17.9899997711
2026-05-13,83.8192977905,430.5000000000,740.4025268555,17.8700008392
2026-05-14,83.9379043579,427.2099914551,746.2474975586,17.2600002289
2026-05-15,82.6924819946,417.2900085449,737.2706298828,18.4300003052
2026-05-18,82.5936279297,418.4299926758,736.7519531250,17.8199996948
2026-05-19,82.0598754883,411.5000000000,731.8446044922,18.0599994659
2026-05-20,82.9395828247,417.3999938965,739.3452758789,17.4400005341
2026-05-21,83.2459945679,416.9899902344,740.8114624023,16.7600002289
2026-05-22,83.7006759644,413.8200073242,743.7239990234,16.7000007629
2026-05-25,,,,16.5900001526
2026-05-26,84.1158218384,414.0000000000,748.6613159180,17.0100002289
2026-05-27,84.3135070801,408.4899902344,748.5316162109,16.2900009155
2026-05-28,84.7484207153,412.7699890137,752.6609497070,15.7399997711
2026-05-29,84.7681961060,417.1199951172,754.5361328125,15.3199996948
2026-06-01,84.8138427734,411.2600097656,756.5908203125,16.0499992371
2026-06-02,84.9924545288,411.9500122070,757.6182250977,15.7700004578
2026-06-03,84.6550674438,407.8699951172,752.3018798828,16.0599994659
2026-06-04,84.8436050415,411.2699890137,755.1445922852,15.3999996185
2026-06-05,84.4069824219,396.2399902344,735.6547851562,21.5100002289
2026-06-08,83.9703674316,397.2699890137,737.3204345703,18.9200000763
2026-06-09,84.4665298462,390.7799987793,735.1560668945,19.8700008392
2026-06-10,84.2283630371,374.5799865723,723.5659179688,22.2199993134
2026-06-11,85.3199310303,386.3200073242,735.8642578125,19.4400005341
2026-06-12,85.1115341187,386.5400085449,739.8439941406,17.6800003052
2026-06-15,85.0619201660,396.5499877930,752.8903808594,16.2000007629
2026-06-16,85.5283126831,397.6300048828,748.4019775391,16.4099998474
2026-06-17,85.6672439575,388.6000061035,739.0560302734,18.4400005341
2026-06-18,86.0840148926,387.1199951172,746.7399902344,16.3999996185
2026-06-22,85.4290771484,384.5899963379,744.3900146484,17.2800006866
2026-06-23,85.5382308960,377.3200073242,733.5800170898,19.4899997711
2026-06-24,86.7091674805,365.9200134277,733.2399902344,18.6299991608
2026-06-25,86.6794052124,369.4599914551,734.2999877930,18.8899993896
2026-06-26,86.6893310547,373.6300048828,728.9899902344,18.4099998474
2026-06-29,86.7786407471,368.5799865723,741.0000000000,17.6499996185
2026-06-30,85.7565383911,368.3800048828,746.7700195312,16.4500007629
2026-07-01,85.1768798828,370.6000061035,745.7600097656,16.5900001526
2026-07-02,85.1669235229,378.1300048828,744.7800292969,16.1499996185
2026-07-06,85.1071548462,382.1300048828,751.2800292969,15.5699996948
2026-07-07,84.2107772827,377.4899902344,747.7100219727,16.1299991608
2026-07-08,84.0215377808,374.4500122070,745.4000244141,16.8999996185
2026-07-09,84.1510086060,378.1799926758,751.7100219727,15.8400001526
2026-07-10,84.1310958862,377.0100097656,754.9500122070,15.0299997330
2026-07-13,83.6331024170,367.1300048828,749.1699829102,17.1599998474
2026-07-14,83.7426605225,372.1499938965,751.8300170898,16.5000000000
2026-07-15,83.9020156860,372.3500061035,754.8099975586,15.6700000763
2026-07-16,83.8721313477,364.9599914551,750.7199707031,16.7299995422
2026-07-17,84.1808853149,368.4100036621,743.2899780273,18.7700004578
2026-07-20,83.5534210205,367.6000061035,742.0900268555,18.6499996185
2026-07-21,83.3243484497,374.8099975586,748.2800292969,17.0499992371
2026-07-22,83.1052246094,379.1199951172,747.4099731445,16.6399993896
2026-07-23,82.8363037109,371.5199890137,738.1799926758,18.7000007629
2026-07-24,82.9159851074,371.8999938965,738.9299926758,18.5799999237
2026-07-27,83.4139785767,374.6300048828,739.0900268555,18.6700000763
2026-07-28,83.9020156860,369.3699951172,740.8599853516,18.2099990845
2026-07-29,82.5175933838,371.0799865723,729.4600219727,20.6599998474
2026-07-30,82.4677963257,377.1600036621,741.6900024414,17.0900001526
2026-07-31,81.9199981689,371.5400085449,747.0300292969,15.9899997711
2026-08-03,82.1900024414,371.7099914551,757.6699829102,15.8599996567
2026-08-04,82.8199996948,374.1600036621,771.3300170898,16.5000000000
2026-08-05,83.0000000000,389.6400146484,769.7899780273,15.8100004196
2026-08-06,82.5199966431,389.6700134277,768.5599975586,15.1499996185
2026-08-07,82.7600021362,398.4700012207,773.2600097656,14.8999996185
2026-08-10,82.0599975586,402.5400085449,773.0300292969,15.4600000381
2026-08-11,82.1900024414,400.9599914551,770.5599975586,15.2799997330
2026-08-12,82.1100006104,404.9200134277,772.4899902344,14.5500001907
2026-08-13,82.5899963379,398.9599914551,777.8800048828,14.6300001144
2026-08-14,82.0400009155,401.4800109863,776.3400268555,14.2500000000
2026-08-17,81.3499984741,405.4899902344,772.6699829102,15.1899995804
